Country,Year,Subcommodity,Production (in tonnes),Source
Australia,1950,ilmenite,56,USGS
Australia,1950,ilmenite and leucoxene,56,USGS
Australia,1950,leucoxene,0,USGS
Australia,1950,rutile,19825,USGS
Australia,1950,titanium ores and concentrates,19881,USGS
Australia,1951,ilmenite,1403,USGS
Australia,1951,ilmenite and leucoxene,1403,USGS
Australia,1951,leucoxene,0,USGS
Australia,1951,rutile,39412,USGS
Australia,1951,titanium ores and concentrates,40815,USGS
Australia,1952,ilmenite,52,USGS
Australia,1952,ilmenite and leucoxene,52,USGS
Australia,1952,leucoxene,0,USGS
Australia,1952,rutile,42576,USGS
Australia,1952,titanium ores and concentrates,42628,USGS
Australia,1953,ilmenite,0,USGS
Australia,1953,ilmenite and leucoxene,0,USGS
Australia,1953,leucoxene,0,USGS
Australia,1953,rutile,42604,USGS
Australia,1953,titanium ores and concentrates,42604,USGS
Australia,1954,ilmenite,526,USGS
Australia,1954,ilmenite and leucoxene,526,USGS
Australia,1954,leucoxene,0,USGS
Australia,1954,rutile,50018,USGS
Australia,1954,titanium ores and concentrates,50544,USGS
Australia,1955,ilmenite,600,USGS
Australia,1955,ilmenite and leucoxene,600,USGS
Australia,1955,leucoxene,0,USGS
Australia,1955,rutile,66767,USGS
Australia,1955,titanium ores and concentrates,67367,USGS
Australia,1956,ilmenite,4787,USGS
Australia,1956,ilmenite and leucoxene,4787,USGS
Australia,1956,leucoxene,0,USGS
Australia,1956,rutile,108434,USGS
Australia,1956,titanium ores and concentrates,113221,USGS
Australia,1957,ilmenite,79694,USGS
Australia,1957,ilmenite and leucoxene,79694,USGS
Australia,1957,leucoxene,0,USGS
Australia,1957,rutile,144372,USGS
Australia,1957,titanium ores and concentrates,224066,USGS
Australia,1958,ilmenite,78342,USGS
Australia,1958,ilmenite and leucoxene,78342,USGS
Australia,1958,leucoxene,0,USGS
Australia,1958,rutile,93327,USGS
Australia,1958,titanium ores and concentrates,171669,USGS
Australia,1959,ilmenite,93606,USGS
Australia,1959,ilmenite and leucoxene,93606,USGS
Australia,1959,leucoxene,0,USGS
Australia,1959,rutile,91734,USGS
Australia,1959,titanium ores and concentrates,185340,USGS
Australia,1960,ilmenite,119377,USGS
Australia,1960,ilmenite and leucoxene,119377,USGS
Australia,1960,leucoxene,0,USGS
Australia,1960,rutile,99274,USGS
Australia,1960,titanium ores and concentrates,218651,USGS
Australia,1961,ilmenite,186369,USGS
Australia,1961,ilmenite and leucoxene,186369,USGS
Australia,1961,leucoxene,0,USGS
Australia,1961,rutile,113603,USGS
Australia,1961,titanium ores and concentrates,299972,USGS
Australia,1962,ilmenite,200332,USGS
Australia,1962,ilmenite and leucoxene,200332,USGS
Australia,1962,leucoxene,0,USGS
Australia,1962,rutile,133499,USGS
Australia,1962,titanium ores and concentrates,333831,USGS
Australia,1963,ilmenite,225715,USGS
Australia,1963,ilmenite and leucoxene,225715,USGS
Australia,1963,leucoxene,0,USGS
Australia,1963,rutile,205251,USGS
Australia,1963,titanium ores and concentrates,430966,USGS
Australia,1964,ilmenite and leucoxene,340799,USGS
Australia,1964,rutile,204256,USGS
Australia,1964,titanium ores and concentrates,545055,USGS
Australia,1965,ilmenite and leucoxene,494385,USGS
Australia,1965,rutile,243410,USGS
Australia,1965,titanium ores and concentrates,737795,USGS
Australia,1966,ilmenite and leucoxene,575420,USGS
Australia,1966,rutile,273122,USGS
Australia,1966,titanium ores and concentrates,848542,USGS
Australia,1967,ilmenite and leucoxene,610303,USGS
Australia,1967,rutile,297376,USGS
Australia,1967,titanium ores and concentrates,907679,USGS
Australia,1968,ilmenite and leucoxene,619481,USGS
Australia,1968,rutile,322131,USGS
Australia,1968,titanium ores and concentrates,941612,USGS
Australia,1969,ilmenite and leucoxene,794239,USGS
Australia,1969,rutile,399100,USGS
Australia,1969,titanium ores and concentrates,1193339,USGS
Australia,1970,ilmenite and leucoxene,988820,USGS
Australia,1970,rutile,405156,USGS
Australia,1970,titanium ores and concentrates,1393976,USGS
Australia,1971,ilmenite and leucoxene,914116,USGS
Australia,1971,rutile,404233,USGS
Australia,1971,titanium ores and concentrates,1318349,USGS
Australia,1972,ilmenite and leucoxene,791616,USGS
Australia,1972,rutile,345176,USGS
Australia,1972,titanium ores and concentrates,1136792,USGS
Australia,1973,ilmenite and leucoxene,793223,USGS
Australia,1973,rutile,369528,USGS
Australia,1973,titanium ores and concentrates,1162751,USGS
Australia,1974,ilmenite,899678,USGS
Australia,1974,ilmenite and leucoxene,916602,USGS
Australia,1974,leucoxene,16924,USGS
Australia,1974,rutile,351308,USGS
Australia,1974,titanium ores and concentrates,1267910,USGS
Australia,1975,ilmenite,1092867,USGS
Australia,1975,ilmenite and leucoxene,1111464,USGS
Australia,1975,leucoxene,18597,USGS
Australia,1975,rutile,383990,USGS
Australia,1975,titanium ores and concentrates,1495454,USGS
Australia,1976,ilmenite,1057339,USGS
Australia,1976,ilmenite and leucoxene,1070934,USGS
Australia,1976,leucoxene,13595,USGS
Australia,1976,rutile,429625,USGS
Australia,1976,titanium ores and concentrates,1500559,USGS
Australia,1977,ilmenite,1138687,USGS
Australia,1977,ilmenite and leucoxene,1150395,USGS
Australia,1977,leucoxene,11708,USGS
Australia,1977,rutile,358561,USGS
Australia,1977,titanium ores and concentrates,1508956,USGS
Australia,1978,ilmenite,1383400,USGS
Australia,1978,ilmenite and leucoxene,1401152,USGS
Australia,1978,leucoxene,17752,USGS
Australia,1978,rutile,283376,USGS
Australia,1978,titanium ores and concentrates,1684528,USGS
Australia,1979,ilmenite,1301889,USGS
Australia,1979,ilmenite and leucoxene,1326658,USGS
Australia,1979,leucoxene,24769,USGS
Australia,1979,rutile,302620,USGS
Australia,1979,titanium ores and concentrates,1629278,USGS
Australia,1980,ilmenite,1526217,USGS
Australia,1980,ilmenite and leucoxene,1552610,USGS
Australia,1980,leucoxene,26393,USGS
Australia,1980,rutile,343639,USGS
Australia,1980,titanium ores and concentrates,1896249,USGS
Australia,1981,ilmenite,1456303,USGS
Australia,1981,ilmenite and leucoxene,1477535,USGS
Australia,1981,leucoxene,21232,USGS
Australia,1981,rutile,254432,USGS
Australia,1981,titanium ores and concentrates,1731967,USGS
Australia,1982,ilmenite,1266758,USGS
Australia,1982,ilmenite and leucoxene,1288516,USGS
Australia,1982,leucoxene,21758,USGS
Australia,1982,rutile,243277,USGS
Australia,1982,titanium ores and concentrates,1531793,USGS
Australia,1983,ilmenite,987900,USGS
Australia,1983,ilmenite and leucoxene,1002625,USGS
Australia,1983,leucoxene,14725,USGS
Australia,1983,rutile,180089,USGS
Australia,1983,titanium ores and concentrates,1182714,USGS
Australia,1984,ilmenite,1645937,USGS
Australia,1984,ilmenite and leucoxene,1681332,USGS
Australia,1984,leucoxene,35395,USGS
Australia,1984,rutile,187860,USGS
Australia,1984,titanium ores and concentrates,1869192,USGS
Australia,1985,ilmenite,1418867,USGS
Australia,1985,ilmenite and leucoxene,1432676,USGS
Australia,1985,leucoxene,13809,USGS
Australia,1985,rutile,211615,USGS
Australia,1985,titanium ores and concentrates,1644291,USGS
Australia,1986,ilmenite,1237694,USGS
Australia,1986,ilmenite and leucoxene,1251837,USGS
Australia,1986,leucoxene,14143,USGS
Australia,1986,rutile,215774,USGS
Australia,1986,titanium ores and concentrates,1467611,USGS
Australia,1987,ilmenite,1498087,USGS
Australia,1987,ilmenite and leucoxene,1509377,USGS
Australia,1987,leucoxene,11290,USGS
Australia,1987,rutile,246263,USGS
Australia,1987,titanium ores and concentrates,1755640,USGS
Australia,1988,ilmenite,1610175,USGS
Australia,1988,ilmenite and leucoxene,1621917,USGS
Australia,1988,leucoxene,11742,USGS
Australia,1988,rutile,230637,USGS
Australia,1988,titanium ores and concentrates,1852554,USGS
Australia,1989,ilmenite,1696000,USGS
Australia,1989,ilmenite and leucoxene,1714000,USGS
Australia,1989,leucoxene,18000,USGS
Australia,1989,rutile,243000,USGS
Australia,1989,titanium ores and concentrates,1957000,USGS
Australia,1990,ilmenite,1600000,USGS
Australia,1990,ilmenite and leucoxene,1619000,USGS
Australia,1990,leucoxene,19000,USGS
Australia,1990,rutile,245000,USGS
Australia,1990,titanium ores and concentrates,1864000,USGS
Australia,1991,ilmenite,1363000,USGS
Australia,1991,ilmenite and leucoxene,1381000,USGS
Australia,1991,leucoxene,18000,USGS
Australia,1991,rutile,201000,USGS
Australia,1991,titanium ores and concentrates,1582000,USGS
Australia,1992,ilmenite,1786000,USGS
Australia,1992,ilmenite and leucoxene,1806000,USGS
Australia,1992,leucoxene,20000,USGS
Australia,1992,rutile,183000,USGS
Australia,1992,titanium ores and concentrates,1989000,USGS
Australia,1993,ilmenite,1804000,USGS
Australia,1993,ilmenite and leucoxene,1825000,USGS
Australia,1993,leucoxene,21000,USGS
Australia,1993,rutile,186000,USGS
Australia,1993,titanium ores and concentrates,2011000,USGS
Australia,1994,ilmenite,1782000,USGS
Australia,1994,ilmenite and leucoxene,1817000,USGS
Australia,1994,leucoxene,35000,USGS
Australia,1994,rutile,233000,USGS
Australia,1994,titanium ores and concentrates,2015000,USGS
Australia,1995,ilmenite,1980000,USGS
Australia,1995,ilmenite and leucoxene,2011000,USGS
Australia,1995,leucoxene,31000,USGS
Australia,1995,rutile,195000,USGS
Australia,1995,titanium ores and concentrates,2175000,USGS
Australia,1996,ilmenite,2028000,USGS
Australia,1996,ilmenite and leucoxene,2061000,USGS
Australia,1996,leucoxene,33000,USGS
Australia,1996,rutile,180000,USGS
Australia,1996,titanium ores and concentrates,2208000,USGS
Australia,1997,ilmenite,2233000,USGS
Australia,1997,ilmenite and leucoxene,2265000,USGS
Australia,1997,leucoxene,32000,USGS
Australia,1997,rutile,233000,USGS
Australia,1997,titanium ores and concentrates,2466000,USGS
Australia,1998,ilmenite,2413000,USGS
Australia,1998,ilmenite and leucoxene,2443000,USGS
Australia,1998,leucoxene,30000,USGS
Australia,1998,rutile,238000,USGS
Australia,1998,titanium ores and concentrates,2681000,USGS
Australia,1999,ilmenite,1976000,USGS
Australia,1999,ilmenite and leucoxene,2008000,USGS
Australia,1999,leucoxene,32000,USGS
Australia,1999,rutile,179000,USGS
Australia,1999,titanium ores and concentrates,2187000,USGS
Australia,2000,ilmenite,2146000,USGS
Australia,2000,ilmenite and leucoxene,2173000,USGS
Australia,2000,leucoxene,27000,USGS
Australia,2000,rutile,208000,USGS
Australia,2000,titanium ores and concentrates,2381000,USGS
Australia,2001,ilmenite,2017000,USGS
Australia,2001,ilmenite and leucoxene,2047000,USGS
Australia,2001,leucoxene,30000,USGS
Australia,2001,rutile,206000,USGS
Australia,2001,titanium ores and concentrates,2253000,USGS
Australia,2002,ilmenite,1917000,USGS
Australia,2002,ilmenite and leucoxene,1956000,USGS
Australia,2002,leucoxene,39000,USGS
Australia,2002,rutile,218000,USGS
Australia,2002,titanium ores and concentrates,2174000,USGS
Australia,2003,ilmenite,2006000,USGS
Australia,2003,ilmenite and leucoxene,2063000,USGS
Australia,2003,leucoxene,57000,USGS
Australia,2003,rutile,173000,USGS
Australia,2003,titanium ores and concentrates,2236000,USGS
Australia,2004,ilmenite,1921000,USGS
Australia,2004,ilmenite and leucoxene,1965000,USGS
Australia,2004,leucoxene,45000,USGS
Australia,2004,rutile,162000,USGS
Australia,2004,titanium ores and concentrates,2127000,USGS
Australia,2005,ilmenite,2034000,USGS
Australia,2005,ilmenite and leucoxene,2080000,USGS
Australia,2005,leucoxene,55000,USGS
Australia,2005,rutile,177000,USGS
Australia,2005,titanium ores and concentrates,2257000,USGS
Australia,2006,ilmenite and leucoxene,2508000,USGS
Australia,2006,rutile,232000,USGS
Australia,2006,titanium ores and concentrates,2740000,USGS
Australia,2007,ilmenite and leucoxene,2503000,USGS
Australia,2007,rutile,312000,USGS
Australia,2007,titanium ores and concentrates,2815000,USGS
Australia,2008,ilmenite and leucoxene,2230000,USGS
Australia,2008,rutile,325000,USGS
Australia,2008,titanium ores and concentrates,2555000,USGS
Australia,2009,ilmenite and leucoxene,1611000,USGS
Australia,2009,rutile,285000,USGS
Australia,2009,titanium ores and concentrates,1896000,USGS
Australia,2010,ilmenite and leucoxene,1651000,USGS
Australia,2010,rutile,429000,USGS
Australia,2010,titanium ores and concentrates,2080000,USGS
Australia,2011,ilmenite and leucoxene,1501000,USGS
Australia,2011,rutile,474000,USGS
Australia,2011,titanium ores and concentrates,1975000,USGS
Australia,2012,ilmenite and leucoxene,1570000,USGS
Australia,2012,rutile,439000,USGS
Australia,2012,titanium ores and concentrates,2009000,USGS
Australia,2013,ilmenite and leucoxene,1562000,USGS
Australia,2013,rutile,232000,USGS
Australia,2013,titanium ores and concentrates,1794000,USGS
Australia,2014,ilmenite and leucoxene,1250000,USGS
Australia,2014,rutile,212000,USGS
Australia,2014,titanium ores and concentrates,1462000,USGS
Australia,2015,ilmenite and leucoxene,1156000,USGS
Australia,2015,rutile,320000,USGS
Australia,2015,titanium ores and concentrates,1476000,USGS
Australia,2016,ilmenite and leucoxene,1400000,USGS
Australia,2016,rutile,300000,USGS
Australia,2016,titanium ores and concentrates,1700000,USGS
Australia,2017,ilmenite and leucoxene,1500000,USGS
Australia,2017,rutile,300000,USGS
Australia,2017,titanium ores and concentrates,1800000,USGS
Australia,2018,ilmenite and leucoxene,1400000,USGS
Australia,2018,rutile,200000,USGS
Australia,2018,titanium ores and concentrates,1600000,USGS
Australia,2019,ilmenite and leucoxene,1000000,USGS
Australia,2019,rutile,200000,USGS
Australia,2019,titanium ores and concentrates,1200000,USGS
Australia,2020,ilmenite and leucoxene,1100000,USGS
Australia,2020,rutile,200000,USGS
Australia,2020,titanium ores and concentrates,1300000,USGS
Australia,2021,ilmenite and leucoxene,600000,USGS
Australia,2021,rutile,200000,USGS
Australia,2021,titanium ores and concentrates,800000,USGS
Australia,2022,ilmenite and leucoxene,600000,USGS
Australia,2022,rutile,200000,USGS
Australia,2022,titanium ores and concentrates,800000,USGS
Brazil,1950,ilmenite and leucoxene,0,USGS
Brazil,1950,rutile,6,USGS
Brazil,1950,titanium ores and concentrates,6,USGS
Brazil,1951,ilmenite and leucoxene,0,USGS
Brazil,1951,rutile,0,USGS
Brazil,1951,titanium ores and concentrates,0,USGS
Brazil,1952,ilmenite and leucoxene,0,USGS
Brazil,1952,rutile,19,USGS
Brazil,1952,titanium ores and concentrates,19,USGS
Brazil,1953,ilmenite and leucoxene,0,USGS
Brazil,1953,rutile,0,USGS
Brazil,1953,titanium ores and concentrates,0,USGS
Brazil,1954,rutile,120,USGS
Brazil,1954,titanium ores and concentrates,120,USGS
Brazil,1955,rutile,174,USGS
Brazil,1955,titanium ores and concentrates,174,USGS
Brazil,1956,rutile,338,USGS
Brazil,1956,titanium ores and concentrates,338,USGS
Brazil,1957,rutile,270,USGS
Brazil,1957,titanium ores and concentrates,270,USGS
Brazil,1958,rutile,269,USGS
Brazil,1959,rutile,231,USGS
Brazil,1960,rutile,238,USGS
Brazil,1961,ilmenite and leucoxene,8005,USGS
Brazil,1961,rutile,422,USGS
Brazil,1961,titanium ores and concentrates,8427,USGS
Brazil,1962,ilmenite and leucoxene,5891,USGS
Brazil,1962,rutile,388,USGS
Brazil,1962,titanium ores and concentrates,6279,USGS
Brazil,1963,ilmenite and leucoxene,6484,USGS
Brazil,1963,rutile,429,USGS
Brazil,1963,titanium ores and concentrates,6913,USGS
Brazil,1964,ilmenite and leucoxene,9117,USGS
Brazil,1964,rutile,315,USGS
Brazil,1964,titanium ores and concentrates,9432,USGS
Brazil,1965,ilmenite and leucoxene,10796,USGS
Brazil,1965,rutile,397,USGS
Brazil,1965,titanium ores and concentrates,11193,USGS
Brazil,1966,ilmenite and leucoxene,14920,USGS
Brazil,1966,rutile,37,USGS
Brazil,1966,titanium ores and concentrates,14957,USGS
Brazil,1967,ilmenite and leucoxene,16498,USGS
Brazil,1967,rutile,321,USGS
Brazil,1967,titanium ores and concentrates,16819,USGS
Brazil,1968,ilmenite and leucoxene,19710,USGS
Brazil,1968,rutile,126,USGS
Brazil,1968,titanium ores and concentrates,19836,USGS
Brazil,1969,ilmenite and leucoxene,22358,USGS
Brazil,1969,rutile,10,USGS
Brazil,1969,titanium ores and concentrates,22358,USGS
Brazil,1970,ilmenite and leucoxene,22756,USGS
Brazil,1970,rutile,258,USGS
Brazil,1970,titanium ores and concentrates,23014,USGS
Brazil,1971,ilmenite and leucoxene,10906,USGS
Brazil,1971,rutile,129,USGS
Brazil,1971,titanium ores and concentrates,11035,USGS
Brazil,1972,ilmenite and leucoxene,4179,USGS
Brazil,1972,rutile,454,USGS
Brazil,1972,titanium ores and concentrates,4633,USGS
Brazil,1973,ilmenite and leucoxene,11355,USGS
Brazil,1973,rutile,196,USGS
Brazil,1973,titanium ores and concentrates,11551,USGS
Brazil,1974,ilmenite and leucoxene,7433,USGS
Brazil,1974,rutile,161,USGS
Brazil,1974,titanium ores and concentrates,7594,USGS
Brazil,1975,ilmenite and leucoxene,5066,USGS
Brazil,1975,rutile,115,USGS
Brazil,1975,titanium ores and concentrates,5181,USGS
Brazil,1976,ilmenite and leucoxene,16110,USGS
Brazil,1976,rutile,56,USGS
Brazil,1976,titanium ores and concentrates,16166,USGS
Brazil,1977,ilmenite and leucoxene,14625,USGS
Brazil,1977,rutile,141,USGS
Brazil,1977,titanium ores and concentrates,14766,USGS
Brazil,1978,ilmenite and leucoxene,22131,USGS
Brazil,1978,rutile,402,USGS
Brazil,1978,titanium ores and concentrates,22533,USGS
Brazil,1979,ilmenite and leucoxene,14541,USGS
Brazil,1979,rutile,484,USGS
Brazil,1979,titanium ores and concentrates,15025,USGS
Brazil,1980,ilmenite and leucoxene,18562,USGS
Brazil,1980,rutile,472,USGS
Brazil,1980,titanium ores and concentrates,19034,USGS
Brazil,1981,ilmenite and leucoxene,17478,USGS
Brazil,1981,rutile,190,USGS
Brazil,1981,titanium ores and concentrates,17668,USGS
Brazil,1982,ilmenite and leucoxene,12480,USGS
Brazil,1982,rutile,258,USGS
Brazil,1982,titanium ores and concentrates,12738,USGS
Brazil,1983,ilmenite and leucoxene,33568,USGS
Brazil,1983,rutile,510,USGS
Brazil,1983,titanium ores and concentrates,34078,USGS
Brazil,1984,ilmenite and leucoxene,45134,USGS
Brazil,1984,rutile,454,USGS
Brazil,1984,titanium ores and concentrates,45588,USGS
Brazil,1985,ilmenite and leucoxene,76354,USGS
Brazil,1985,rutile,713,USGS
Brazil,1985,titanium ores and concentrates,77067,USGS
Brazil,1986,ilmenite and leucoxene,75472,USGS
Brazil,1986,rutile,495,USGS
Brazil,1986,titanium ores and concentrates,75967,USGS
Brazil,1987,ilmenite and leucoxene,169303,USGS
Brazil,1987,rutile,324,USGS
Brazil,1987,titanium ores and concentrates,169627,USGS
Brazil,1988,ilmenite and leucoxene,142167,USGS
Brazil,1988,rutile,1514,USGS
Brazil,1988,titanium ores and concentrates,143681,USGS
Brazil,1989,ilmenite and leucoxene,144212,USGS
Brazil,1989,rutile,2613,USGS
Brazil,1989,titanium ores and concentrates,146825,USGS
Brazil,1990,ilmenite and leucoxene,114000,USGS
Brazil,1990,rutile,1810,USGS
Brazil,1990,titanium ores and concentrates,115810,USGS
Brazil,1991,ilmenite and leucoxene,69064,USGS
Brazil,1991,rutile,1094,USGS
Brazil,1991,titanium ores and concentrates,70158,USGS
Brazil,1992,ilmenite and leucoxene,76558,USGS
Brazil,1992,rutile,1798,USGS
Brazil,1992,titanium ores and concentrates,78356,USGS
Brazil,1993,ilmenite and leucoxene,90567,USGS
Brazil,1993,rutile,1744,USGS
Brazil,1993,titanium ores and concentrates,92311,USGS
Brazil,1994,ilmenite and leucoxene,97439,USGS
Brazil,1994,rutile,1911,USGS
Brazil,1994,titanium ores and concentrates,99350,USGS
Brazil,1995,ilmenite and leucoxene,102125,USGS
Brazil,1995,rutile,1985,USGS
Brazil,1995,titanium ores and concentrates,104110,USGS
Brazil,1996,ilmenite and leucoxene,97955,USGS
Brazil,1996,rutile,2018,USGS
Brazil,1996,titanium ores and concentrates,99973,USGS
Brazil,1997,ilmenite and leucoxene,97174,USGS
Brazil,1997,rutile,1742,USGS
Brazil,1997,titanium ores and concentrates,98916,USGS
Brazil,1998,ilmenite and leucoxene,103000,USGS
Brazil,1998,rutile,1800,USGS
Brazil,1998,titanium ores and concentrates,104800,USGS
Brazil,1999,ilmenite and leucoxene,96000,USGS
Brazil,1999,rutile,4300,USGS
Brazil,1999,titanium ores and concentrates,100300,USGS
Brazil,2000,ilmenite and leucoxene,123000,USGS
Brazil,2000,rutile,3162,USGS
Brazil,2000,titanium ores and concentrates,126162,USGS
Brazil,2001,ilmenite and leucoxene,144644,USGS
Brazil,2001,rutile,2270,USGS
Brazil,2001,titanium ores and concentrates,146914,USGS
Brazil,2002,ilmenite and leucoxene,177027,USGS
Brazil,2002,rutile,1878,USGS
Brazil,2002,titanium ores and concentrates,178905,USGS
Brazil,2003,ilmenite and leucoxene,218000,USGS
Brazil,2003,rutile,24500,USGS
Brazil,2003,titanium ores and concentrates,242500,USGS
Brazil,2004,ilmenite and leucoxene,75000,USGS
Brazil,2004,rutile,2500,USGS
Brazil,2004,titanium ores and concentrates,77500,USGS
Brazil,2005,ilmenite and leucoxene,81818,USGS
Brazil,2005,rutile,2069,USGS
Brazil,2005,titanium ores and concentrates,83887,USGS
Brazil,2006,ilmenite and leucoxene,94909,USGS
Brazil,2006,rutile,2100,USGS
Brazil,2006,titanium ores and concentrates,97009,USGS
Brazil,2007,ilmenite and leucoxene,100364,USGS
Brazil,2007,rutile,3000,USGS
Brazil,2007,titanium ores and concentrates,103364,USGS
Brazil,2008,ilmenite and leucoxene,130000,USGS
Brazil,2008,rutile,2309,USGS
Brazil,2008,titanium ores and concentrates,132309,USGS
Brazil,2009,ilmenite and leucoxene,52800,USGS
Brazil,2009,rutile,2737,USGS
Brazil,2009,titanium ores and concentrates,55537,USGS
Brazil,2010,ilmenite and leucoxene,166000,USGS
Brazil,2010,rutile,2331,USGS
Brazil,2010,titanium ores and concentrates,168331,USGS
Brazil,2011,ilmenite and leucoxene,114673,USGS
Brazil,2011,rutile,2474,USGS
Brazil,2011,titanium ores and concentrates,117147,USGS
Brazil,2012,ilmenite and leucoxene,115000,USGS
Brazil,2012,rutile,2090,USGS
Brazil,2012,titanium ores and concentrates,117090,USGS
Brazil,2013,ilmenite and leucoxene,78264,USGS
Brazil,2013,rutile,2246,USGS
Brazil,2013,titanium ores and concentrates,80510,USGS
Brazil,2014,ilmenite and leucoxene,136000,USGS
Brazil,2014,rutile,3100,USGS
Brazil,2014,titanium ores and concentrates,139100,USGS
Brazil,2015,ilmenite and leucoxene,133000,USGS
Brazil,2015,rutile,3300,USGS
Brazil,2015,titanium ores and concentrates,136300,USGS
Brazil,2016,ilmenite and leucoxene,106400,USGS
Brazil,2016,rutile,2700,USGS
Brazil,2016,titanium ores and concentrates,109100,USGS
Brazil,2017,ilmenite and leucoxene,67000,USGS
Brazil,2017,rutile,1000,USGS
Brazil,2017,titanium ores and concentrates,68000,USGS
Brazil,2018,ilmenite and leucoxene,110000,USGS
Brazil,2018,rutile,0,USGS
Brazil,2018,titanium ores and concentrates,110000,USGS
Brazil,2019,ilmenite and leucoxene,41000,USGS
Brazil,2019,rutile,0,USGS
Brazil,2019,titanium ores and concentrates,41000,USGS
Brazil,2020,ilmenite and leucoxene,56000,USGS
Brazil,2020,rutile,0,USGS
Brazil,2020,titanium ores and concentrates,56000,USGS
Brazil,2021,ilmenite and leucoxene,55000,USGS
Brazil,2021,rutile,0,USGS
Brazil,2021,titanium ores and concentrates,55000,USGS
Brazil,2022,ilmenite and leucoxene,47000,USGS
Brazil,2022,rutile,0,USGS
Brazil,2022,titanium ores and concentrates,47000,USGS
Cameroon,1950,rutile,28,USGS
Cameroon,1950,titanium ores and concentrates,28,USGS
Cameroon,1951,rutile,119,USGS
Cameroon,1951,titanium ores and concentrates,119,USGS
Cameroon,1952,rutile,324,USGS
Cameroon,1952,titanium ores and concentrates,324,USGS
Cameroon,1953,rutile,58,USGS
Cameroon,1953,titanium ores and concentrates,58,USGS
Cameroon,1954,rutile,0,USGS
Cameroon,1954,titanium ores and concentrates,0,USGS
Cameroon,1955,rutile,110,USGS
Cameroon,1955,titanium ores and concentrates,110,USGS
Cameroon,1956,rutile,168,USGS
Cameroon,1956,titanium ores and concentrates,168,USGS
Cameroon,1957,rutile,44,USGS
Cameroon,1957,titanium ores and concentrates,44,USGS
Cameroon,1958,rutile,0,USGS
Cameroon,1958,titanium ores and concentrates,0,USGS
Cameroon,1959,rutile,0,USGS
Cameroon,1959,titanium ores and concentrates,0,USGS
Cameroon,1960,rutile,0,USGS
Cameroon,1960,titanium ores and concentrates,0,USGS
Cameroon,1961,rutile,0,USGS
Cameroon,1961,titanium ores and concentrates,0,USGS
Cameroon,1962,rutile,0,USGS
Cameroon,1962,titanium ores and concentrates,0,USGS
Cameroon,1963,rutile,0,USGS
Cameroon,1963,titanium ores and concentrates,0,USGS
Cameroon,1964,rutile,0,USGS
Cameroon,1964,titanium ores and concentrates,0,USGS
Cameroon,1965,rutile,0,USGS
Cameroon,1965,titanium ores and concentrates,0,USGS
Cameroon,1966,rutile,0,USGS
Cameroon,1966,titanium ores and concentrates,0,USGS
Cameroon,1967,rutile,0,USGS
Cameroon,1967,titanium ores and concentrates,0,USGS
Cameroon,1968,rutile,0,USGS
Cameroon,1968,titanium ores and concentrates,0,USGS
Cameroon,1969,rutile,0,USGS
Cameroon,1969,titanium ores and concentrates,0,USGS
Cameroon,1970,rutile,0,USGS
Cameroon,1970,titanium ores and concentrates,0,USGS
Cameroon,1971,rutile,0,USGS
Cameroon,1971,titanium ores and concentrates,0,USGS
Cameroon,1972,rutile,0,USGS
Cameroon,1972,titanium ores and concentrates,0,USGS
Cameroon,1973,rutile,0,USGS
Cameroon,1973,titanium ores and concentrates,0,USGS
Cameroon,1974,rutile,0,USGS
Cameroon,1974,titanium ores and concentrates,0,USGS
Cameroon,1975,rutile,0,USGS
Cameroon,1975,titanium ores and concentrates,0,USGS
Cameroon,1976,rutile,0,USGS
Cameroon,1976,titanium ores and concentrates,0,USGS
Cameroon,1977,rutile,0,USGS
Cameroon,1977,titanium ores and concentrates,0,USGS
Cameroon,1978,rutile,0,USGS
Cameroon,1978,titanium ores and concentrates,0,USGS
Cameroon,1979,rutile,0,USGS
Cameroon,1979,titanium ores and concentrates,0,USGS
Cameroon,1980,rutile,0,USGS
Cameroon,1980,titanium ores and concentrates,0,USGS
Cameroon,1981,rutile,0,USGS
Cameroon,1981,titanium ores and concentrates,0,USGS
Cameroon,1982,rutile,0,USGS
Cameroon,1982,titanium ores and concentrates,0,USGS
Cameroon,1983,rutile,0,USGS
Cameroon,1983,titanium ores and concentrates,0,USGS
Cameroon,1984,rutile,0,USGS
Cameroon,1984,titanium ores and concentrates,0,USGS
Cameroon,1985,rutile,0,USGS
Cameroon,1985,titanium ores and concentrates,0,USGS
Cameroon,1986,rutile,0,USGS
Cameroon,1986,titanium ores and concentrates,0,USGS
Cameroon,1987,rutile,0,USGS
Cameroon,1987,titanium ores and concentrates,0,USGS
Cameroon,1988,rutile,0,USGS
Cameroon,1988,titanium ores and concentrates,0,USGS
Cameroon,1989,rutile,0,USGS
Cameroon,1989,titanium ores and concentrates,0,USGS
Cameroon,1990,rutile,0,USGS
Cameroon,1990,titanium ores and concentrates,0,USGS
Cameroon,1991,rutile,0,USGS
Cameroon,1991,titanium ores and concentrates,0,USGS
Cameroon,1992,rutile,0,USGS
Cameroon,1992,titanium ores and concentrates,0,USGS
Cameroon,1993,rutile,0,USGS
Cameroon,1993,titanium ores and concentrates,0,USGS
Cameroon,1994,rutile,0,USGS
Cameroon,1994,titanium ores and concentrates,0,USGS
Cameroon,1995,rutile,0,USGS
Cameroon,1995,titanium ores and concentrates,0,USGS
Cameroon,1996,rutile,0,USGS
Cameroon,1996,titanium ores and concentrates,0,USGS
Cameroon,1997,rutile,0,USGS
Cameroon,1997,titanium ores and concentrates,0,USGS
Cameroon,1998,rutile,0,USGS
Cameroon,1998,titanium ores and concentrates,0,USGS
Cameroon,1999,rutile,0,USGS
Cameroon,1999,titanium ores and concentrates,0,USGS
Cameroon,2000,rutile,0,USGS
Cameroon,2000,titanium ores and concentrates,0,USGS
Cameroon,2001,rutile,0,USGS
Cameroon,2001,titanium ores and concentrates,0,USGS
Cameroon,2002,rutile,0,USGS
Cameroon,2002,titanium ores and concentrates,0,USGS
Cameroon,2003,rutile,0,USGS
Cameroon,2003,titanium ores and concentrates,0,USGS
Cameroon,2004,rutile,0,USGS
Cameroon,2004,titanium ores and concentrates,0,USGS
Cameroon,2005,rutile,0,USGS
Cameroon,2005,titanium ores and concentrates,0,USGS
Cameroon,2006,rutile,0,USGS
Cameroon,2006,titanium ores and concentrates,0,USGS
Cameroon,2007,rutile,0,USGS
Cameroon,2007,titanium ores and concentrates,0,USGS
Cameroon,2008,rutile,0,USGS
Cameroon,2008,titanium ores and concentrates,0,USGS
Cameroon,2009,rutile,0,USGS
Cameroon,2009,titanium ores and concentrates,0,USGS
Cameroon,2010,rutile,0,USGS
Cameroon,2010,titanium ores and concentrates,0,USGS
Cameroon,2011,rutile,0,USGS
Cameroon,2011,titanium ores and concentrates,0,USGS
Cameroon,2012,rutile,0,USGS
Cameroon,2012,titanium ores and concentrates,0,USGS
Cameroon,2013,rutile,0,USGS
Cameroon,2013,titanium ores and concentrates,0,USGS
Cameroon,2014,rutile,0,USGS
Cameroon,2014,titanium ores and concentrates,0,USGS
Cameroon,2015,rutile,0,USGS
Cameroon,2015,titanium ores and concentrates,0,USGS
Cameroon,2016,rutile,0,USGS
Cameroon,2016,titanium ores and concentrates,0,USGS
Cameroon,2017,rutile,0,USGS
Cameroon,2017,titanium ores and concentrates,0,USGS
Cameroon,2018,rutile,0,USGS
Cameroon,2018,titanium ores and concentrates,0,USGS
Cameroon,2019,rutile,0,USGS
Cameroon,2019,titanium ores and concentrates,0,USGS
Cameroon,2020,rutile,0,USGS
Cameroon,2020,titanium ores and concentrates,0,USGS
Cameroon,2021,rutile,0,USGS
Cameroon,2021,titanium ores and concentrates,0,USGS
Cameroon,2022,rutile,0,USGS
Cameroon,2022,titanium ores and concentrates,0,USGS
Canada,1950,ilmenite,6501,USGS
Canada,1950,titanium slag,3502,USGS
Canada,1951,ilmenite,39359,USGS
Canada,1951,titanium slag,21203,USGS
Canada,1952,ilmenite,78320,USGS
Canada,1952,titanium slag,42192,USGS
Canada,1953,ilmenite,280624,USGS
Canada,1953,titanium slag,151176,USGS
Canada,1954,ilmenite,231110,USGS
Canada,1954,titanium slag,124502,USGS
Canada,1955,ilmenite,304891,USGS
Canada,1955,titanium slag,164249,USGS
Canada,1956,ilmenite,410023,USGS
Canada,1956,titanium slag,220885,USGS
Canada,1957,ilmenite,500618,USGS
Canada,1957,titanium slag,269690,USGS
Canada,1958,ilmenite,299439,USGS
Canada,1958,titanium slag,161312,USGS
Canada,1959,ilmenite,502079,USGS
Canada,1959,titanium slag,270477,USGS
Canada,1960,ilmenite,723177,USGS
Canada,1960,titanium slag,389586,USGS
Canada,1961,ilmenite,860124,USGS
Canada,1961,titanium slag,463361,USGS
Canada,1962,ilmenite,559569,USGS
Canada,1962,titanium slag,301448,USGS
Canada,1963,ilmenite,704121,USGS
Canada,1963,titanium slag,379320,USGS
Canada,1964,ilmenite,1011150,USGS
Canada,1964,titanium slag,544721,USGS
Canada,1965,ilmenite,1013368,USGS
Canada,1965,titanium slag,545916,USGS
Canada,1966,ilmenite,974121,USGS
Canada,1966,titanium slag,524773,USGS
Canada,1967,ilmenite,1118320,USGS
Canada,1967,titanium slag,602455,USGS
Canada,1968,ilmenite,1249024,USGS
Canada,1968,titanium slag,672867,USGS
Canada,1969,ilmenite,1390782,USGS
Canada,1969,titanium slag,749234,USGS
Canada,1970,ilmenite,1567993,USGS
Canada,1970,titanium slag,844700,USGS
Canada,1971,ilmenite,1583400,USGS
Canada,1971,titanium slag,853000,USGS
Canada,1972,ilmenite,1708542,USGS
Canada,1972,titanium slag,920416,USGS
Canada,1973,ilmenite,1749915,USGS
Canada,1973,titanium slag,942704,USGS
Canada,1974,ilmenite,1728501,USGS
Canada,1974,titanium slag,931168,USGS
Canada,1975,ilmenite,1534325,USGS
Canada,1975,titanium slag,826563,USGS
Canada,1976,ilmenite,1665725,USGS
Canada,1976,titanium slag,897350,USGS
Canada,1977,ilmenite,1416660,USGS
Canada,1977,titanium slag,763175,USGS
Canada,1978,ilmenite,1739326,USGS
Canada,1978,titanium slag,937000,USGS
Canada,1979,ilmenite,976093,USGS
Canada,1979,titanium slag,525835,USGS
Canada,1980,ilmenite,1734573,USGS
Canada,1980,titanium slag,934439,USGS
Canada,1981,ilmenite,1553447,USGS
Canada,1981,titanium slag,836864,USGS
Canada,1982,ilmenite,1564455,USGS
Canada,1982,titanium slag,737445,USGS
Canada,1983,ilmenite,1485017,USGS
Canada,1983,titanium slag,700000,USGS
Canada,1984,ilmenite,1697163,USGS
Canada,1984,titanium slag,800000,USGS
Canada,1985,ilmenite,1792628,USGS
Canada,1985,titanium slag,845000,USGS
Canada,1986,ilmenite,1803235,USGS
Canada,1986,titanium slag,850000,USGS
Canada,1987,ilmenite,1962344,USGS
Canada,1987,titanium slag,925000,USGS
Canada,1988,ilmenite,2174490,USGS
Canada,1988,titanium slag,1025000,USGS
Canada,1989,ilmenite,2206311,USGS
Canada,1989,titanium slag,1040000,USGS
Canada,1990,ilmenite,2227526,USGS
Canada,1990,titanium slag,1050000,USGS
Canada,1991,ilmenite,1487139,USGS
Canada,1991,titanium slag,701000,USGS
Canada,1992,ilmenite,1597454,USGS
Canada,1992,titanium slag,753000,USGS
Canada,1993,ilmenite,1385309,USGS
Canada,1993,titanium slag,653000,USGS
Canada,1994,ilmenite,1620790,USGS
Canada,1994,titanium slag,764000,USGS
Canada,1995,ilmenite,1728984,USGS
Canada,1995,titanium slag,815000,USGS
Canada,1996,ilmenite,1750199,USGS
Canada,1996,titanium slag,825000,USGS
Canada,1997,ilmenite,1803235,USGS
Canada,1997,titanium slag,850000,USGS
Canada,1998,ilmenite,2015381,USGS
Canada,1998,titanium slag,950000,USGS
Canada,1999,ilmenite,2015381,USGS
Canada,1999,titanium slag,950000,USGS
Canada,2000,ilmenite,1930522,USGS
Canada,2000,titanium slag,910000,USGS
Canada,2001,ilmenite,2142668,USGS
Canada,2001,titanium slag,1010000,USGS
Canada,2002,ilmenite,1909308,USGS
Canada,2002,titanium slag,900000,USGS
Canada,2003,ilmenite,1852029,USGS
Canada,2003,titanium slag,873000,USGS
Canada,2004,ilmenite,1830814,USGS
Canada,2004,titanium slag,863000,USGS
Canada,2005,ilmenite,1824450,USGS
Canada,2005,titanium slag,860000,USGS
Canada,2006,ilmenite,1972951,USGS
Canada,2006,titanium slag,930000,USGS
Canada,2007,ilmenite,2036595,USGS
Canada,2007,titanium slag,960000,USGS
Canada,2008,ilmenite,2121453,USGS
Canada,2008,titanium slag,1000000,USGS
Canada,2009,ilmenite,1622912,USGS
Canada,2009,titanium slag,765000,USGS
Canada,2010,ilmenite,2312384,USGS
Canada,2010,titanium slag,1090000,USGS
Canada,2011,ilmenite,1862636,USGS
Canada,2011,titanium slag,878000,USGS
Canada,2012,ilmenite,1909308,USGS
Canada,2012,titanium slag,900000,USGS
Canada,2013,ilmenite,1909308,USGS
Canada,2013,titanium slag,900000,USGS
Canada,2014,ilmenite,1909308,USGS
Canada,2014,titanium slag,900000,USGS
Canada,2015,ilmenite,1485017,USGS
Canada,2015,titanium slag,700000,USGS
Canada,2016,ilmenite,1485017,USGS
Canada,2016,titanium slag,700000,USGS
Canada,2017,ilmenite,1697163,USGS
Canada,2017,titanium slag,800000,USGS
Canada,2018,ilmenite,1485017,USGS
Canada,2018,titanium slag,700000,USGS
Canada,2019,ilmenite,1697163,USGS
Canada,2019,titanium slag,800000,USGS
Canada,2020,ilmenite,1485017,USGS
Canada,2020,titanium slag,700000,USGS
Canada,2021,ilmenite,1485017,USGS
Canada,2021,titanium slag,700000,USGS
Canada,2022,ilmenite,1697163,USGS
Canada,2022,titanium slag,800000,USGS
China,1950,ilmenite and leucoxene,0,USGS
China,1950,titanium ores and concentrates,0,USGS
China,1951,ilmenite and leucoxene,0,USGS
China,1951,titanium ores and concentrates,0,USGS
China,1952,ilmenite and leucoxene,0,USGS
China,1952,titanium ores and concentrates,0,USGS
China,1953,ilmenite and leucoxene,0,USGS
China,1953,titanium ores and concentrates,0,USGS
China,1954,ilmenite and leucoxene,0,USGS
China,1954,titanium ores and concentrates,0,USGS
China,1955,ilmenite and leucoxene,0,USGS
China,1955,titanium ores and concentrates,0,USGS
China,1956,ilmenite and leucoxene,0,USGS
China,1956,titanium ores and concentrates,0,USGS
China,1957,ilmenite and leucoxene,0,USGS
China,1957,titanium ores and concentrates,0,USGS
China,1958,ilmenite and leucoxene,0,USGS
China,1958,titanium ores and concentrates,0,USGS
China,1959,ilmenite and leucoxene,0,USGS
China,1959,titanium ores and concentrates,0,USGS
China,1960,ilmenite and leucoxene,0,USGS
China,1960,titanium ores and concentrates,0,USGS
China,1961,ilmenite and leucoxene,0,USGS
China,1961,titanium ores and concentrates,0,USGS
China,1962,ilmenite and leucoxene,0,USGS
China,1962,titanium ores and concentrates,0,USGS
China,1963,ilmenite and leucoxene,0,USGS
China,1963,titanium ores and concentrates,0,USGS
China,1964,ilmenite and leucoxene,0,USGS
China,1964,titanium ores and concentrates,0,USGS
China,1965,ilmenite and leucoxene,0,USGS
China,1965,titanium ores and concentrates,0,USGS
China,1966,ilmenite and leucoxene,0,USGS
China,1966,titanium ores and concentrates,0,USGS
China,1967,ilmenite and leucoxene,0,USGS
China,1967,titanium ores and concentrates,0,USGS
China,1968,ilmenite and leucoxene,0,USGS
China,1968,titanium ores and concentrates,0,USGS
China,1969,ilmenite and leucoxene,0,USGS
China,1969,titanium ores and concentrates,0,USGS
China,1970,ilmenite and leucoxene,0,USGS
China,1970,titanium ores and concentrates,0,USGS
China,1971,ilmenite and leucoxene,0,USGS
China,1971,titanium ores and concentrates,0,USGS
China,1972,ilmenite and leucoxene,0,USGS
China,1972,titanium ores and concentrates,0,USGS
China,1973,ilmenite and leucoxene,0,USGS
China,1973,titanium ores and concentrates,0,USGS
China,1974,ilmenite and leucoxene,0,USGS
China,1974,titanium ores and concentrates,0,USGS
China,1975,ilmenite and leucoxene,0,USGS
China,1975,titanium ores and concentrates,0,USGS
China,1981,ilmenite and leucoxene,150000,USGS
China,1981,titanium ores and concentrates,150000,USGS
China,1982,ilmenite and leucoxene,150000,USGS
China,1982,titanium ores and concentrates,150000,USGS
China,1983,ilmenite and leucoxene,154000,USGS
China,1983,titanium ores and concentrates,154000,USGS
China,1984,ilmenite and leucoxene,154000,USGS
China,1984,titanium ores and concentrates,154000,USGS
China,1985,ilmenite and leucoxene,140000,USGS
China,1985,titanium ores and concentrates,140000,USGS
China,1986,ilmenite and leucoxene,140000,USGS
China,1986,titanium ores and concentrates,140000,USGS
China,1987,ilmenite and leucoxene,140000,USGS
China,1987,titanium ores and concentrates,140000,USGS
China,1988,ilmenite and leucoxene,150000,USGS
China,1988,titanium ores and concentrates,150000,USGS
China,1989,ilmenite and leucoxene,150000,USGS
China,1989,titanium ores and concentrates,150000,USGS
China,1990,ilmenite and leucoxene,150000,USGS
China,1990,titanium ores and concentrates,150000,USGS
China,1991,ilmenite and leucoxene,150000,USGS
China,1991,titanium ores and concentrates,150000,USGS
China,1992,ilmenite and leucoxene,150000,USGS
China,1992,titanium ores and concentrates,150000,USGS
China,1993,ilmenite and leucoxene,155000,USGS
China,1993,titanium ores and concentrates,155000,USGS
China,1994,ilmenite and leucoxene,155000,USGS
China,1994,titanium ores and concentrates,155000,USGS
China,1995,ilmenite and leucoxene,160000,USGS
China,1995,titanium ores and concentrates,160000,USGS
China,1996,ilmenite and leucoxene,165000,USGS
China,1996,titanium ores and concentrates,165000,USGS
China,1997,ilmenite and leucoxene,170000,USGS
China,1997,titanium ores and concentrates,170000,USGS
China,1998,ilmenite and leucoxene,175000,USGS
China,1998,titanium ores and concentrates,175000,USGS
China,1999,ilmenite and leucoxene,180000,USGS
China,1999,titanium ores and concentrates,180000,USGS
China,2000,ilmenite and leucoxene,250000,USGS
China,2000,titanium ores and concentrates,250000,USGS
China,2001,ilmenite and leucoxene,300000,USGS
China,2001,titanium ores and concentrates,300000,USGS
China,2002,ilmenite and leucoxene,750000,USGS
China,2002,titanium ores and concentrates,750000,USGS
China,2003,ilmenite and leucoxene,800000,USGS
China,2003,titanium ores and concentrates,800000,USGS
China,2004,ilmenite and leucoxene,840000,USGS
China,2004,titanium ores and concentrates,840000,USGS
China,2005,ilmenite and leucoxene,900000,USGS
China,2005,titanium ores and concentrates,900000,USGS
China,2006,ilmenite and leucoxene,1000000,USGS
China,2006,titanium ores and concentrates,1000000,USGS
China,2007,ilmenite and leucoxene,1100000,USGS
China,2007,titanium ores and concentrates,1100000,USGS
China,2008,ilmenite and leucoxene,1100000,USGS
China,2008,titanium ores and concentrates,1100000,USGS
China,2009,ilmenite and leucoxene,112000,USGS
China,2009,titanium ores and concentrates,112000,USGS
China,2010,ilmenite and leucoxene,1400000,USGS
China,2010,titanium ores and concentrates,1400000,USGS
China,2011,ilmenite and leucoxene,1420000,USGS
China,2011,titanium ores and concentrates,1420000,USGS
China,2012,ilmenite and leucoxene,1330000,USGS
China,2012,titanium ores and concentrates,1330000,USGS
China,2013,ilmenite and leucoxene,3850000,USGS
China,2013,titanium ores and concentrates,3850000,USGS
China,2014,ilmenite and leucoxene,4240000,USGS
China,2014,titanium ores and concentrates,4240000,USGS
China,2015,ilmenite and leucoxene,3910000,USGS
China,2015,titanium ores and concentrates,3910000,USGS
China,2016,ilmenite and leucoxene,3800000,USGS
China,2016,titanium ores and concentrates,3800000,USGS
China,2017,ilmenite and leucoxene,3830000,USGS
China,2017,titanium ores and concentrates,3830000,USGS
China,2018,ilmenite and leucoxene,4200000,USGS
China,2018,titanium ores and concentrates,4200000,USGS
China,2019,ilmenite and leucoxene,4600000,USGS
China,2019,titanium ores and concentrates,4600000,USGS
China,2020,ilmenite and leucoxene,5442000,USGS
China,2020,titanium ores and concentrates,5442000,USGS
China,2021,ilmenite and leucoxene,5714000,USGS
China,2021,titanium ores and concentrates,5714000,USGS
China,2022,ilmenite and leucoxene,6300000,USGS
China,2022,titanium ores and concentrates,6300000,USGS
Egypt,1950,ilmenite,287,USGS
Egypt,1950,ilmenite and leucoxene,287,USGS
Egypt,1950,rutile,0,USGS
Egypt,1950,titanium ores and concentrates,287,USGS
Egypt,1951,ilmenite,359,USGS
Egypt,1951,ilmenite and leucoxene,359,USGS
Egypt,1951,rutile,0,USGS
Egypt,1951,titanium ores and concentrates,359,USGS
Egypt,1952,ilmenite,2202,USGS
Egypt,1952,ilmenite and leucoxene,2202,USGS
Egypt,1952,rutile,0,USGS
Egypt,1952,titanium ores and concentrates,2202,USGS
Egypt,1953,ilmenite,2787,USGS
Egypt,1953,ilmenite and leucoxene,2787,USGS
Egypt,1953,rutile,0,USGS
Egypt,1953,titanium ores and concentrates,2787,USGS
Egypt,1954,ilmenite,2900,USGS
Egypt,1954,ilmenite and leucoxene,2900,USGS
Egypt,1954,rutile,0,USGS
Egypt,1954,titanium ores and concentrates,2900,USGS
Egypt,1955,ilmenite,2694,USGS
Egypt,1955,ilmenite and leucoxene,2694,USGS
Egypt,1955,rutile,0,USGS
Egypt,1955,titanium ores and concentrates,2694,USGS
Egypt,1956,ilmenite,4547,USGS
Egypt,1956,ilmenite and leucoxene,4547,USGS
Egypt,1956,rutile,0,USGS
Egypt,1956,titanium ores and concentrates,4547,USGS
Egypt,1957,ilmenite,3700,USGS
Egypt,1957,ilmenite and leucoxene,3700,USGS
Egypt,1957,rutile,0,USGS
Egypt,1957,titanium ores and concentrates,3700,USGS
Egypt,1958,ilmenite,3000,USGS
Egypt,1958,ilmenite and leucoxene,3000,USGS
Egypt,1958,rutile,0,USGS
Egypt,1958,titanium ores and concentrates,3000,USGS
Egypt,1959,ilmenite,17100,USGS
Egypt,1959,ilmenite and leucoxene,17100,USGS
Egypt,1959,rutile,1157,USGS
Egypt,1959,titanium ores and concentrates,18257,USGS
Egypt,1960,ilmenite,13228,USGS
Egypt,1960,ilmenite and leucoxene,13228,USGS
Egypt,1960,rutile,1100,USGS
Egypt,1960,titanium ores and concentrates,14328,USGS
Egypt,1961,ilmenite,47475,USGS
Egypt,1961,ilmenite and leucoxene,47475,USGS
Egypt,1961,rutile,1100,USGS
Egypt,1961,titanium ores and concentrates,48575,USGS
Egypt,1962,ilmenite,49210,USGS
Egypt,1962,ilmenite and leucoxene,49210,USGS
Egypt,1962,rutile,198,USGS
Egypt,1962,titanium ores and concentrates,49408,USGS
Egypt,1963,ilmenite,596,USGS
Egypt,1963,ilmenite and leucoxene,596,USGS
Egypt,1963,rutile,4,USGS
Egypt,1963,titanium ores and concentrates,600,USGS
Egypt,1964,ilmenite,23,USGS
Egypt,1964,ilmenite and leucoxene,23,USGS
Egypt,1964,rutile,0,USGS
Egypt,1964,titanium ores and concentrates,23,USGS
Egypt,1965,ilmenite,0,USGS
Egypt,1965,ilmenite and leucoxene,0,USGS
Egypt,1965,rutile,0,USGS
Egypt,1965,titanium ores and concentrates,0,USGS
Egypt,1966,ilmenite,2507,USGS
Egypt,1966,ilmenite and leucoxene,2507,USGS
Egypt,1966,rutile,0,USGS
Egypt,1966,titanium ores and concentrates,2507,USGS
Egypt,1967,ilmenite,1171,USGS
Egypt,1967,ilmenite and leucoxene,1171,USGS
Egypt,1967,rutile,6,USGS
Egypt,1967,titanium ores and concentrates,1177,USGS
Egypt,1968,ilmenite,0,USGS
Egypt,1968,ilmenite and leucoxene,0,USGS
Egypt,1968,rutile,0,USGS
Egypt,1968,titanium ores and concentrates,0,USGS
Egypt,1969,ilmenite,0,USGS
Egypt,1969,ilmenite and leucoxene,0,USGS
Egypt,1969,rutile,0,USGS
Egypt,1969,titanium ores and concentrates,0,USGS
Egypt,1970,ilmenite,0,USGS
Egypt,1970,ilmenite and leucoxene,0,USGS
Egypt,1970,rutile,0,USGS
Egypt,1970,titanium ores and concentrates,0,USGS
Egypt,1971,ilmenite,0,USGS
Egypt,1971,ilmenite and leucoxene,0,USGS
Egypt,1971,rutile,0,USGS
Egypt,1971,titanium ores and concentrates,0,USGS
Egypt,1972,ilmenite,0,USGS
Egypt,1972,ilmenite and leucoxene,0,USGS
Egypt,1972,rutile,0,USGS
Egypt,1972,titanium ores and concentrates,0,USGS
Egypt,1973,ilmenite,0,USGS
Egypt,1973,ilmenite and leucoxene,0,USGS
Egypt,1973,rutile,0,USGS
Egypt,1973,titanium ores and concentrates,0,USGS
Egypt,1974,ilmenite,0,USGS
Egypt,1974,ilmenite and leucoxene,0,USGS
Egypt,1974,rutile,0,USGS
Egypt,1974,titanium ores and concentrates,0,USGS
Egypt,1975,ilmenite,0,USGS
Egypt,1975,ilmenite and leucoxene,0,USGS
Egypt,1975,rutile,0,USGS
Egypt,1975,titanium ores and concentrates,0,USGS
Egypt,1976,ilmenite,0,USGS
Egypt,1976,ilmenite and leucoxene,0,USGS
Egypt,1976,rutile,0,USGS
Egypt,1976,titanium ores and concentrates,0,USGS
Egypt,1977,ilmenite,0,USGS
Egypt,1977,ilmenite and leucoxene,0,USGS
Egypt,1977,rutile,0,USGS
Egypt,1977,titanium ores and concentrates,0,USGS
Egypt,1978,ilmenite,0,USGS
Egypt,1978,ilmenite and leucoxene,0,USGS
Egypt,1978,rutile,0,USGS
Egypt,1978,titanium ores and concentrates,0,USGS
Egypt,1979,ilmenite,0,USGS
Egypt,1979,ilmenite and leucoxene,0,USGS
Egypt,1979,rutile,0,USGS
Egypt,1979,titanium ores and concentrates,0,USGS
Egypt,1980,ilmenite,0,USGS
Egypt,1980,ilmenite and leucoxene,0,USGS
Egypt,1980,rutile,0,USGS
Egypt,1980,titanium ores and concentrates,0,USGS
Egypt,1981,ilmenite,0,USGS
Egypt,1981,ilmenite and leucoxene,0,USGS
Egypt,1981,rutile,0,USGS
Egypt,1981,titanium ores and concentrates,0,USGS
Egypt,1982,ilmenite,0,USGS
Egypt,1982,ilmenite and leucoxene,0,USGS
Egypt,1982,rutile,0,USGS
Egypt,1982,titanium ores and concentrates,0,USGS
Egypt,1983,ilmenite,0,USGS
Egypt,1983,ilmenite and leucoxene,0,USGS
Egypt,1983,rutile,0,USGS
Egypt,1983,titanium ores and concentrates,0,USGS
Egypt,1984,ilmenite,0,USGS
Egypt,1984,ilmenite and leucoxene,0,USGS
Egypt,1984,rutile,0,USGS
Egypt,1984,titanium ores and concentrates,0,USGS
Egypt,1985,ilmenite,0,USGS
Egypt,1985,ilmenite and leucoxene,0,USGS
Egypt,1985,rutile,0,USGS
Egypt,1985,titanium ores and concentrates,0,USGS
Egypt,1986,ilmenite,0,USGS
Egypt,1986,ilmenite and leucoxene,0,USGS
Egypt,1986,rutile,0,USGS
Egypt,1986,titanium ores and concentrates,0,USGS
Egypt,1987,ilmenite,0,USGS
Egypt,1987,ilmenite and leucoxene,0,USGS
Egypt,1987,rutile,0,USGS
Egypt,1987,titanium ores and concentrates,0,USGS
Egypt,1988,ilmenite,0,USGS
Egypt,1988,ilmenite and leucoxene,0,USGS
Egypt,1988,rutile,0,USGS
Egypt,1988,titanium ores and concentrates,0,USGS
Egypt,1989,ilmenite,0,USGS
Egypt,1989,ilmenite and leucoxene,0,USGS
Egypt,1989,rutile,0,USGS
Egypt,1989,titanium ores and concentrates,0,USGS
Egypt,1990,ilmenite,0,USGS
Egypt,1990,ilmenite and leucoxene,0,USGS
Egypt,1990,rutile,0,USGS
Egypt,1990,titanium ores and concentrates,0,USGS
Egypt,1991,ilmenite,0,USGS
Egypt,1991,ilmenite and leucoxene,0,USGS
Egypt,1991,rutile,0,USGS
Egypt,1991,titanium ores and concentrates,0,USGS
Egypt,1992,ilmenite,0,USGS
Egypt,1992,ilmenite and leucoxene,0,USGS
Egypt,1992,rutile,0,USGS
Egypt,1992,titanium ores and concentrates,0,USGS
Egypt,1993,ilmenite,0,USGS
Egypt,1993,ilmenite and leucoxene,0,USGS
Egypt,1993,rutile,0,USGS
Egypt,1993,titanium ores and concentrates,0,USGS
Egypt,1994,ilmenite,0,USGS
Egypt,1994,ilmenite and leucoxene,0,USGS
Egypt,1994,rutile,0,USGS
Egypt,1994,titanium ores and concentrates,0,USGS
Egypt,1995,ilmenite,0,USGS
Egypt,1995,ilmenite and leucoxene,0,USGS
Egypt,1995,rutile,0,USGS
Egypt,1995,titanium ores and concentrates,0,USGS
Egypt,1996,ilmenite and leucoxene,124000,USGS
Egypt,1996,rutile,0,USGS
Egypt,1996,titanium ores and concentrates,124000,USGS
Egypt,1997,ilmenite and leucoxene,125000,USGS
Egypt,1997,rutile,1,USGS
Egypt,1997,titanium ores and concentrates,125000,USGS
Egypt,1998,ilmenite and leucoxene,125000,USGS
Egypt,1998,rutile,2,USGS
Egypt,1998,titanium ores and concentrates,125000,USGS
Egypt,1999,ilmenite and leucoxene,130000,USGS
Egypt,1999,rutile,3,USGS
Egypt,1999,titanium ores and concentrates,130000,USGS
Egypt,2000,ilmenite and leucoxene,125000,USGS
Egypt,2000,rutile,4,USGS
Egypt,2000,titanium ores and concentrates,125000,USGS
Egypt,2001,ilmenite and leucoxene,125000,USGS
Egypt,2001,rutile,5,USGS
Egypt,2001,titanium ores and concentrates,125000,USGS
Egypt,2002,ilmenite and leucoxene,125000,USGS
Egypt,2002,rutile,6,USGS
Egypt,2002,titanium ores and concentrates,125000,USGS
Egypt,2003,ilmenite and leucoxene,125000,USGS
Egypt,2003,rutile,7,USGS
Egypt,2003,titanium ores and concentrates,125000,USGS
Egypt,2004,ilmenite,0,USGS
Egypt,2004,ilmenite and leucoxene,0,USGS
Egypt,2004,rutile,8,USGS
Egypt,2004,titanium ores and concentrates,0,USGS
Egypt,2005,ilmenite,0,USGS
Egypt,2005,ilmenite and leucoxene,0,USGS
Egypt,2005,rutile,9,USGS
Egypt,2005,titanium ores and concentrates,0,USGS
Egypt,2006,ilmenite,0,USGS
Egypt,2006,ilmenite and leucoxene,0,USGS
Egypt,2006,rutile,10,USGS
Egypt,2006,titanium ores and concentrates,0,USGS
Egypt,2007,ilmenite,0,USGS
Egypt,2007,ilmenite and leucoxene,0,USGS
Egypt,2007,rutile,11,USGS
Egypt,2007,titanium ores and concentrates,0,USGS
Egypt,2008,ilmenite,0,USGS
Egypt,2008,ilmenite and leucoxene,0,USGS
Egypt,2008,rutile,12,USGS
Egypt,2008,titanium ores and concentrates,0,USGS
Egypt,2009,ilmenite,0,USGS
Egypt,2009,ilmenite and leucoxene,0,USGS
Egypt,2009,rutile,13,USGS
Egypt,2009,titanium ores and concentrates,0,USGS
Egypt,2010,ilmenite,0,USGS
Egypt,2010,ilmenite and leucoxene,0,USGS
Egypt,2010,rutile,14,USGS
Egypt,2010,titanium ores and concentrates,0,USGS
Egypt,2011,ilmenite,0,USGS
Egypt,2011,ilmenite and leucoxene,0,USGS
Egypt,2011,rutile,15,USGS
Egypt,2011,titanium ores and concentrates,0,USGS
Egypt,2012,ilmenite,0,USGS
Egypt,2012,ilmenite and leucoxene,0,USGS
Egypt,2012,rutile,16,USGS
Egypt,2012,titanium ores and concentrates,0,USGS
Egypt,2013,ilmenite and leucoxene,20000,USGS
Egypt,2013,rutile,17,USGS
Egypt,2013,titanium ores and concentrates,20000,USGS
Egypt,2014,ilmenite,0,USGS
Egypt,2014,ilmenite and leucoxene,0,USGS
Egypt,2014,rutile,18,USGS
Egypt,2014,titanium ores and concentrates,0,USGS
Egypt,2015,ilmenite,0,USGS
Egypt,2015,ilmenite and leucoxene,0,USGS
Egypt,2015,rutile,19,USGS
Egypt,2015,titanium ores and concentrates,0,USGS
Egypt,2016,ilmenite,0,USGS
Egypt,2016,ilmenite and leucoxene,0,USGS
Egypt,2016,rutile,20,USGS
Egypt,2016,titanium ores and concentrates,0,USGS
Egypt,2017,ilmenite,0,USGS
Egypt,2017,ilmenite and leucoxene,0,USGS
Egypt,2017,rutile,21,USGS
Egypt,2017,titanium ores and concentrates,0,USGS
Egypt,2018,ilmenite,0,USGS
Egypt,2018,ilmenite and leucoxene,0,USGS
Egypt,2018,rutile,22,USGS
Egypt,2018,titanium ores and concentrates,0,USGS
Egypt,2019,ilmenite,0,USGS
Egypt,2019,ilmenite and leucoxene,0,USGS
Egypt,2019,rutile,23,USGS
Egypt,2019,titanium ores and concentrates,0,USGS
Egypt,2020,ilmenite,0,USGS
Egypt,2020,ilmenite and leucoxene,0,USGS
Egypt,2020,rutile,24,USGS
Egypt,2020,titanium ores and concentrates,0,USGS
Egypt,2021,ilmenite,0,USGS
Egypt,2021,ilmenite and leucoxene,0,USGS
Egypt,2021,rutile,25,USGS
Egypt,2021,titanium ores and concentrates,0,USGS
Egypt,2022,ilmenite,0,USGS
Egypt,2022,ilmenite and leucoxene,0,USGS
Egypt,2022,rutile,26,USGS
Egypt,2022,titanium ores and concentrates,0,USGS
Finland,1950,ilmenite,0,USGS
Finland,1950,ilmenite and leucoxene,0,USGS
Finland,1950,titanium ores and concentrates,0,USGS
Finland,1951,ilmenite,0,USGS
Finland,1951,ilmenite and leucoxene,0,USGS
Finland,1951,titanium ores and concentrates,0,USGS
Finland,1952,ilmenite,0,USGS
Finland,1952,ilmenite and leucoxene,0,USGS
Finland,1952,titanium ores and concentrates,0,USGS
Finland,1953,ilmenite,3465,USGS
Finland,1953,ilmenite and leucoxene,3465,USGS
Finland,1953,titanium ores and concentrates,3465,USGS
Finland,1954,ilmenite,55765,USGS
Finland,1954,ilmenite and leucoxene,55765,USGS
Finland,1954,titanium ores and concentrates,55765,USGS
Finland,1955,ilmenite,93668,USGS
Finland,1955,ilmenite and leucoxene,93668,USGS
Finland,1955,titanium ores and concentrates,93668,USGS
Finland,1956,ilmenite,113444,USGS
Finland,1956,ilmenite and leucoxene,113444,USGS
Finland,1956,titanium ores and concentrates,113444,USGS
Finland,1957,ilmenite,116568,USGS
Finland,1957,ilmenite and leucoxene,116568,USGS
Finland,1957,titanium ores and concentrates,116568,USGS
Finland,1958,ilmenite,117384,USGS
Finland,1958,ilmenite and leucoxene,117384,USGS
Finland,1958,titanium ores and concentrates,117384,USGS
Finland,1959,ilmenite,94966,USGS
Finland,1959,ilmenite and leucoxene,94966,USGS
Finland,1959,titanium ores and concentrates,94966,USGS
Finland,1960,ilmenite,92219,USGS
Finland,1960,ilmenite and leucoxene,92219,USGS
Finland,1960,titanium ores and concentrates,92219,USGS
Finland,1961,ilmenite,21272,USGS
Finland,1961,ilmenite and leucoxene,21272,USGS
Finland,1961,titanium ores and concentrates,21272,USGS
Finland,1962,ilmenite,96110,USGS
Finland,1962,ilmenite and leucoxene,96110,USGS
Finland,1962,titanium ores and concentrates,96110,USGS
Finland,1963,ilmenite,103461,USGS
Finland,1963,ilmenite and leucoxene,103461,USGS
Finland,1963,titanium ores and concentrates,103461,USGS
Finland,1964,ilmenite,127937,USGS
Finland,1964,ilmenite and leucoxene,127937,USGS
Finland,1964,titanium ores and concentrates,127937,USGS
Finland,1965,ilmenite,117947,USGS
Finland,1965,ilmenite and leucoxene,117947,USGS
Finland,1965,titanium ores and concentrates,117947,USGS
Finland,1966,ilmenite,129588,USGS
Finland,1966,ilmenite and leucoxene,129588,USGS
Finland,1966,titanium ores and concentrates,129588,USGS
Finland,1967,ilmenite,139883,USGS
Finland,1967,ilmenite and leucoxene,139883,USGS
Finland,1967,titanium ores and concentrates,139883,USGS
Finland,1968,ilmenite,153772,USGS
Finland,1968,ilmenite and leucoxene,153772,USGS
Finland,1968,titanium ores and concentrates,153772,USGS
Finland,1969,ilmenite,152339,USGS
Finland,1969,ilmenite and leucoxene,152339,USGS
Finland,1969,titanium ores and concentrates,152339,USGS
Finland,1970,ilmenite,166449,USGS
Finland,1970,ilmenite and leucoxene,166449,USGS
Finland,1970,titanium ores and concentrates,166449,USGS
Finland,1971,ilmenite,153772,USGS
Finland,1971,ilmenite and leucoxene,153772,USGS
Finland,1971,titanium ores and concentrates,153772,USGS
Finland,1972,ilmenite,164795,USGS
Finland,1972,ilmenite and leucoxene,164795,USGS
Finland,1972,titanium ores and concentrates,164795,USGS
Finland,1973,ilmenite,175267,USGS
Finland,1973,ilmenite and leucoxene,175267,USGS
Finland,1973,titanium ores and concentrates,175267,USGS
Finland,1974,ilmenite,167551,USGS
Finland,1974,ilmenite and leucoxene,167551,USGS
Finland,1974,titanium ores and concentrates,167551,USGS
Finland,1975,ilmenite,135143,USGS
Finland,1975,ilmenite and leucoxene,135143,USGS
Finland,1975,titanium ores and concentrates,135143,USGS
Finland,1976,ilmenite,135143,USGS
Finland,1976,ilmenite and leucoxene,135143,USGS
Finland,1976,titanium ores and concentrates,135143,USGS
Finland,1977,ilmenite,137458,USGS
Finland,1977,ilmenite and leucoxene,137458,USGS
Finland,1977,titanium ores and concentrates,137458,USGS
Finland,1978,ilmenite,145395,USGS
Finland,1978,ilmenite and leucoxene,145395,USGS
Finland,1978,titanium ores and concentrates,145395,USGS
Finland,1979,ilmenite,131947,USGS
Finland,1979,ilmenite and leucoxene,131947,USGS
Finland,1979,titanium ores and concentrates,131847,USGS
Finland,1980,ilmenite,175267,USGS
Finland,1980,ilmenite and leucoxene,175267,USGS
Finland,1980,titanium ores and concentrates,175267,USGS
Finland,1981,ilmenite,178023,USGS
Finland,1981,ilmenite and leucoxene,178023,USGS
Finland,1981,titanium ores and concentrates,178023,USGS
Finland,1982,ilmenite,184968,USGS
Finland,1982,ilmenite and leucoxene,184968,USGS
Finland,1982,titanium ores and concentrates,184968,USGS
Finland,1983,ilmenite,189669,USGS
Finland,1983,ilmenite and leucoxene,189669,USGS
Finland,1983,titanium ores and concentrates,189669,USGS
Finland,1984,ilmenite,0,USGS
Finland,1984,ilmenite and leucoxene,0,USGS
Finland,1984,titanium ores and concentrates,0,USGS
Finland,1985,ilmenite,0,USGS
Finland,1985,ilmenite and leucoxene,0,USGS
Finland,1985,titanium ores and concentrates,0,USGS
Finland,1986,ilmenite,0,USGS
Finland,1986,ilmenite and leucoxene,0,USGS
Finland,1986,titanium ores and concentrates,0,USGS
Finland,1987,ilmenite,0,USGS
Finland,1987,ilmenite and leucoxene,0,USGS
Finland,1987,titanium ores and concentrates,0,USGS
Finland,1988,ilmenite,0,USGS
Finland,1988,ilmenite and leucoxene,0,USGS
Finland,1988,titanium ores and concentrates,0,USGS
Finland,1989,ilmenite,0,USGS
Finland,1989,ilmenite and leucoxene,0,USGS
Finland,1989,titanium ores and concentrates,0,USGS
Finland,1990,ilmenite,0,USGS
Finland,1990,ilmenite and leucoxene,0,USGS
Finland,1990,titanium ores and concentrates,0,USGS
Finland,1991,ilmenite,0,USGS
Finland,1991,ilmenite and leucoxene,0,USGS
Finland,1991,titanium ores and concentrates,0,USGS
Finland,1992,ilmenite,0,USGS
Finland,1992,ilmenite and leucoxene,0,USGS
Finland,1992,titanium ores and concentrates,0,USGS
Finland,1993,ilmenite,0,USGS
Finland,1993,ilmenite and leucoxene,0,USGS
Finland,1993,titanium ores and concentrates,0,USGS
Finland,1994,ilmenite,0,USGS
Finland,1994,ilmenite and leucoxene,0,USGS
Finland,1994,titanium ores and concentrates,0,USGS
Finland,1995,ilmenite,0,USGS
Finland,1995,ilmenite and leucoxene,0,USGS
Finland,1995,titanium ores and concentrates,0,USGS
Finland,1996,ilmenite,0,USGS
Finland,1996,ilmenite and leucoxene,0,USGS
Finland,1996,titanium ores and concentrates,0,USGS
Finland,1997,ilmenite,0,USGS
Finland,1997,ilmenite and leucoxene,0,USGS
Finland,1997,titanium ores and concentrates,0,USGS
Finland,1998,ilmenite,0,USGS
Finland,1998,ilmenite and leucoxene,0,USGS
Finland,1998,titanium ores and concentrates,0,USGS
Finland,1999,ilmenite,0,USGS
Finland,1999,ilmenite and leucoxene,0,USGS
Finland,1999,titanium ores and concentrates,0,USGS
Finland,2000,ilmenite,0,USGS
Finland,2000,ilmenite and leucoxene,0,USGS
Finland,2000,titanium ores and concentrates,0,USGS
Finland,2001,ilmenite,0,USGS
Finland,2001,ilmenite and leucoxene,0,USGS
Finland,2001,titanium ores and concentrates,0,USGS
Finland,2002,ilmenite,0,USGS
Finland,2002,ilmenite and leucoxene,0,USGS
Finland,2002,titanium ores and concentrates,0,USGS
Finland,2003,ilmenite,0,USGS
Finland,2003,ilmenite and leucoxene,0,USGS
Finland,2003,titanium ores and concentrates,0,USGS
Finland,2004,ilmenite,0,USGS
Finland,2004,ilmenite and leucoxene,0,USGS
Finland,2004,titanium ores and concentrates,0,USGS
Finland,2005,ilmenite,0,USGS
Finland,2005,ilmenite and leucoxene,0,USGS
Finland,2005,titanium ores and concentrates,0,USGS
Finland,2006,ilmenite,0,USGS
Finland,2006,ilmenite and leucoxene,0,USGS
Finland,2006,titanium ores and concentrates,0,USGS
Finland,2007,ilmenite,0,USGS
Finland,2007,ilmenite and leucoxene,0,USGS
Finland,2007,titanium ores and concentrates,0,USGS
Finland,2008,ilmenite,0,USGS
Finland,2008,ilmenite and leucoxene,0,USGS
Finland,2008,titanium ores and concentrates,0,USGS
Finland,2009,ilmenite,0,USGS
Finland,2009,ilmenite and leucoxene,0,USGS
Finland,2009,titanium ores and concentrates,0,USGS
Finland,2010,ilmenite,0,USGS
Finland,2010,ilmenite and leucoxene,0,USGS
Finland,2010,titanium ores and concentrates,0,USGS
Finland,2011,ilmenite,0,USGS
Finland,2011,ilmenite and leucoxene,0,USGS
Finland,2011,titanium ores and concentrates,0,USGS
Finland,2012,ilmenite,0,USGS
Finland,2012,ilmenite and leucoxene,0,USGS
Finland,2012,titanium ores and concentrates,0,USGS
Finland,2013,ilmenite,0,USGS
Finland,2013,ilmenite and leucoxene,0,USGS
Finland,2013,titanium ores and concentrates,0,USGS
Finland,2014,ilmenite,0,USGS
Finland,2014,ilmenite and leucoxene,0,USGS
Finland,2014,titanium ores and concentrates,0,USGS
Finland,2015,ilmenite,0,USGS
Finland,2015,ilmenite and leucoxene,0,USGS
Finland,2015,titanium ores and concentrates,0,USGS
Finland,2016,ilmenite,0,USGS
Finland,2016,ilmenite and leucoxene,0,USGS
Finland,2016,titanium ores and concentrates,0,USGS
Finland,2017,ilmenite,0,USGS
Finland,2017,ilmenite and leucoxene,0,USGS
Finland,2017,titanium ores and concentrates,0,USGS
Finland,2018,ilmenite,0,USGS
Finland,2018,ilmenite and leucoxene,0,USGS
Finland,2018,titanium ores and concentrates,0,USGS
Finland,2019,ilmenite,0,USGS
Finland,2019,ilmenite and leucoxene,0,USGS
Finland,2019,titanium ores and concentrates,0,USGS
Finland,2020,ilmenite,0,USGS
Finland,2020,ilmenite and leucoxene,0,USGS
Finland,2020,titanium ores and concentrates,0,USGS
Finland,2021,ilmenite,0,USGS
Finland,2021,ilmenite and leucoxene,0,USGS
Finland,2021,titanium ores and concentrates,0,USGS
Finland,2022,ilmenite,0,USGS
Finland,2022,ilmenite and leucoxene,0,USGS
Finland,2022,titanium ores and concentrates,0,USGS
Gambia,1950,ilmenite,0,USGS
Gambia,1950,ilmenite and leucoxene,0,USGS
Gambia,1950,titanium ores and concentrates,0,USGS
Gambia,1951,ilmenite,0,USGS
Gambia,1951,ilmenite and leucoxene,0,USGS
Gambia,1951,titanium ores and concentrates,0,USGS
Gambia,1952,ilmenite,0,USGS
Gambia,1952,ilmenite and leucoxene,0,USGS
Gambia,1952,titanium ores and concentrates,0,USGS
Gambia,1953,ilmenite,0,USGS
Gambia,1953,ilmenite and leucoxene,0,USGS
Gambia,1953,titanium ores and concentrates,0,USGS
Gambia,1954,ilmenite,1216,USGS
Gambia,1954,ilmenite and leucoxene,1216,USGS
Gambia,1954,titanium ores and concentrates,1216,USGS
Gambia,1955,ilmenite,0,USGS
Gambia,1955,ilmenite and leucoxene,0,USGS
Gambia,1955,titanium ores and concentrates,0,USGS
Gambia,1956,ilmenite,0,USGS
Gambia,1956,ilmenite and leucoxene,0,USGS
Gambia,1956,titanium ores and concentrates,0,USGS
Gambia,1957,ilmenite,15297,USGS
Gambia,1957,ilmenite and leucoxene,15297,USGS
Gambia,1957,titanium ores and concentrates,15297,USGS
Gambia,1958,ilmenite,31851,USGS
Gambia,1958,ilmenite and leucoxene,31851,USGS
Gambia,1958,titanium ores and concentrates,31851,USGS
Gambia,1959,ilmenite,14553,USGS
Gambia,1959,ilmenite and leucoxene,14553,USGS
Gambia,1959,titanium ores and concentrates,14553,USGS
Gambia,1960,ilmenite,0,USGS
Gambia,1960,ilmenite and leucoxene,0,USGS
Gambia,1960,titanium ores and concentrates,0,USGS
Gambia,1961,ilmenite,0,USGS
Gambia,1961,ilmenite and leucoxene,0,USGS
Gambia,1961,titanium ores and concentrates,0,USGS
Gambia,1962,ilmenite,0,USGS
Gambia,1962,ilmenite and leucoxene,0,USGS
Gambia,1962,titanium ores and concentrates,0,USGS
Gambia,1963,ilmenite,0,USGS
Gambia,1963,ilmenite and leucoxene,0,USGS
Gambia,1963,titanium ores and concentrates,0,USGS
Gambia,1964,ilmenite,0,USGS
Gambia,1964,ilmenite and leucoxene,0,USGS
Gambia,1964,titanium ores and concentrates,0,USGS
Gambia,1965,ilmenite,0,USGS
Gambia,1965,ilmenite and leucoxene,0,USGS
Gambia,1965,titanium ores and concentrates,0,USGS
Gambia,1966,ilmenite,0,USGS
Gambia,1966,ilmenite and leucoxene,0,USGS
Gambia,1966,titanium ores and concentrates,0,USGS
Gambia,1967,ilmenite,0,USGS
Gambia,1967,ilmenite and leucoxene,0,USGS
Gambia,1967,titanium ores and concentrates,0,USGS
Gambia,1968,ilmenite,0,USGS
Gambia,1968,ilmenite and leucoxene,0,USGS
Gambia,1968,titanium ores and concentrates,0,USGS
Gambia,1969,ilmenite,0,USGS
Gambia,1969,ilmenite and leucoxene,0,USGS
Gambia,1969,titanium ores and concentrates,0,USGS
Gambia,1970,ilmenite,0,USGS
Gambia,1970,ilmenite and leucoxene,0,USGS
Gambia,1970,titanium ores and concentrates,0,USGS
Gambia,1971,ilmenite,0,USGS
Gambia,1971,ilmenite and leucoxene,0,USGS
Gambia,1971,titanium ores and concentrates,0,USGS
Gambia,1972,ilmenite,0,USGS
Gambia,1972,ilmenite and leucoxene,0,USGS
Gambia,1972,titanium ores and concentrates,0,USGS
Gambia,1973,ilmenite,0,USGS
Gambia,1973,ilmenite and leucoxene,0,USGS
Gambia,1973,titanium ores and concentrates,0,USGS
Gambia,1974,ilmenite,0,USGS
Gambia,1974,ilmenite and leucoxene,0,USGS
Gambia,1974,titanium ores and concentrates,0,USGS
Gambia,1975,ilmenite,0,USGS
Gambia,1975,ilmenite and leucoxene,0,USGS
Gambia,1975,titanium ores and concentrates,0,USGS
Gambia,1976,ilmenite,0,USGS
Gambia,1976,ilmenite and leucoxene,0,USGS
Gambia,1976,titanium ores and concentrates,0,USGS
Gambia,1977,ilmenite,0,USGS
Gambia,1977,ilmenite and leucoxene,0,USGS
Gambia,1977,titanium ores and concentrates,0,USGS
Gambia,1978,ilmenite,0,USGS
Gambia,1978,ilmenite and leucoxene,0,USGS
Gambia,1978,titanium ores and concentrates,0,USGS
Gambia,1979,ilmenite,0,USGS
Gambia,1979,ilmenite and leucoxene,0,USGS
Gambia,1979,titanium ores and concentrates,0,USGS
Gambia,1980,ilmenite,0,USGS
Gambia,1980,ilmenite and leucoxene,0,USGS
Gambia,1980,titanium ores and concentrates,0,USGS
Gambia,1981,ilmenite,0,USGS
Gambia,1981,ilmenite and leucoxene,0,USGS
Gambia,1981,titanium ores and concentrates,0,USGS
Gambia,1982,ilmenite,0,USGS
Gambia,1982,ilmenite and leucoxene,0,USGS
Gambia,1982,titanium ores and concentrates,0,USGS
Gambia,1983,ilmenite,0,USGS
Gambia,1983,ilmenite and leucoxene,0,USGS
Gambia,1983,titanium ores and concentrates,0,USGS
Gambia,1984,ilmenite,0,USGS
Gambia,1984,ilmenite and leucoxene,0,USGS
Gambia,1984,titanium ores and concentrates,0,USGS
Gambia,1985,ilmenite,0,USGS
Gambia,1985,ilmenite and leucoxene,0,USGS
Gambia,1985,titanium ores and concentrates,0,USGS
Gambia,1986,ilmenite,0,USGS
Gambia,1986,ilmenite and leucoxene,0,USGS
Gambia,1986,titanium ores and concentrates,0,USGS
Gambia,1987,ilmenite,0,USGS
Gambia,1987,ilmenite and leucoxene,0,USGS
Gambia,1987,titanium ores and concentrates,0,USGS
Gambia,1988,ilmenite,0,USGS
Gambia,1988,ilmenite and leucoxene,0,USGS
Gambia,1988,titanium ores and concentrates,0,USGS
Gambia,1989,ilmenite,0,USGS
Gambia,1989,ilmenite and leucoxene,0,USGS
Gambia,1989,titanium ores and concentrates,0,USGS
Gambia,1990,ilmenite,0,USGS
Gambia,1990,ilmenite and leucoxene,0,USGS
Gambia,1990,titanium ores and concentrates,0,USGS
Gambia,1991,ilmenite,0,USGS
Gambia,1991,ilmenite and leucoxene,0,USGS
Gambia,1991,titanium ores and concentrates,0,USGS
Gambia,1992,ilmenite,0,USGS
Gambia,1992,ilmenite and leucoxene,0,USGS
Gambia,1992,titanium ores and concentrates,0,USGS
Gambia,1993,ilmenite,0,USGS
Gambia,1993,ilmenite and leucoxene,0,USGS
Gambia,1993,titanium ores and concentrates,0,USGS
Gambia,1994,ilmenite,0,USGS
Gambia,1994,ilmenite and leucoxene,0,USGS
Gambia,1994,titanium ores and concentrates,0,USGS
Gambia,1995,ilmenite,0,USGS
Gambia,1995,ilmenite and leucoxene,0,USGS
Gambia,1995,titanium ores and concentrates,0,USGS
Gambia,1996,ilmenite,0,USGS
Gambia,1996,ilmenite and leucoxene,0,USGS
Gambia,1996,titanium ores and concentrates,0,USGS
Gambia,1997,ilmenite,0,USGS
Gambia,1997,ilmenite and leucoxene,0,USGS
Gambia,1997,titanium ores and concentrates,0,USGS
Gambia,1998,ilmenite,0,USGS
Gambia,1998,ilmenite and leucoxene,0,USGS
Gambia,1998,titanium ores and concentrates,0,USGS
Gambia,1999,ilmenite,0,USGS
Gambia,1999,ilmenite and leucoxene,0,USGS
Gambia,1999,titanium ores and concentrates,0,USGS
Gambia,2000,ilmenite,0,USGS
Gambia,2000,ilmenite and leucoxene,0,USGS
Gambia,2000,titanium ores and concentrates,0,USGS
Gambia,2001,ilmenite,0,USGS
Gambia,2001,ilmenite and leucoxene,0,USGS
Gambia,2001,titanium ores and concentrates,0,USGS
Gambia,2002,ilmenite,0,USGS
Gambia,2002,ilmenite and leucoxene,0,USGS
Gambia,2002,titanium ores and concentrates,0,USGS
Gambia,2003,ilmenite,0,USGS
Gambia,2003,ilmenite and leucoxene,0,USGS
Gambia,2003,titanium ores and concentrates,0,USGS
Gambia,2004,ilmenite,0,USGS
Gambia,2004,ilmenite and leucoxene,0,USGS
Gambia,2004,titanium ores and concentrates,0,USGS
Gambia,2005,ilmenite,0,USGS
Gambia,2005,ilmenite and leucoxene,0,USGS
Gambia,2005,titanium ores and concentrates,0,USGS
Gambia,2006,ilmenite,0,USGS
Gambia,2006,ilmenite and leucoxene,0,USGS
Gambia,2006,titanium ores and concentrates,0,USGS
Gambia,2007,ilmenite,0,USGS
Gambia,2007,ilmenite and leucoxene,0,USGS
Gambia,2007,titanium ores and concentrates,0,USGS
Gambia,2008,ilmenite,0,USGS
Gambia,2008,ilmenite and leucoxene,0,USGS
Gambia,2008,titanium ores and concentrates,0,USGS
Gambia,2009,ilmenite,0,USGS
Gambia,2009,ilmenite and leucoxene,0,USGS
Gambia,2009,titanium ores and concentrates,0,USGS
Gambia,2010,ilmenite,0,USGS
Gambia,2010,ilmenite and leucoxene,0,USGS
Gambia,2010,titanium ores and concentrates,0,USGS
Gambia,2011,ilmenite,0,USGS
Gambia,2011,ilmenite and leucoxene,0,USGS
Gambia,2011,titanium ores and concentrates,0,USGS
Gambia,2012,ilmenite,0,USGS
Gambia,2012,ilmenite and leucoxene,0,USGS
Gambia,2012,titanium ores and concentrates,0,USGS
Gambia,2013,ilmenite,0,USGS
Gambia,2013,ilmenite and leucoxene,0,USGS
Gambia,2013,titanium ores and concentrates,0,USGS
Gambia,2014,ilmenite,0,USGS
Gambia,2014,ilmenite and leucoxene,0,USGS
Gambia,2014,titanium ores and concentrates,0,USGS
Gambia,2015,ilmenite,0,USGS
Gambia,2015,ilmenite and leucoxene,0,USGS
Gambia,2015,titanium ores and concentrates,0,USGS
Gambia,2016,ilmenite,0,USGS
Gambia,2016,ilmenite and leucoxene,0,USGS
Gambia,2016,titanium ores and concentrates,0,USGS
Gambia,2017,ilmenite,0,USGS
Gambia,2017,ilmenite and leucoxene,0,USGS
Gambia,2017,titanium ores and concentrates,0,USGS
Gambia,2018,ilmenite,0,USGS
Gambia,2018,ilmenite and leucoxene,0,USGS
Gambia,2018,titanium ores and concentrates,0,USGS
Gambia,2019,ilmenite,0,USGS
Gambia,2019,ilmenite and leucoxene,0,USGS
Gambia,2019,titanium ores and concentrates,0,USGS
Gambia,2020,ilmenite,0,USGS
Gambia,2020,ilmenite and leucoxene,0,USGS
Gambia,2020,titanium ores and concentrates,0,USGS
Gambia,2021,ilmenite,0,USGS
Gambia,2021,ilmenite and leucoxene,0,USGS
Gambia,2021,titanium ores and concentrates,0,USGS
Gambia,2022,ilmenite,0,USGS
Gambia,2022,ilmenite and leucoxene,0,USGS
Gambia,2022,titanium ores and concentrates,0,USGS
India,1950,ilmenite and leucoxene,238183,USGS
India,1950,rutile,41,USGS
India,1950,titanium ores and concentrates,238224,USGS
India,1951,ilmenite and leucoxene,250975,USGS
India,1951,rutile,51,USGS
India,1951,titanium ores and concentrates,251026,USGS
India,1952,ilmenite and leucoxene,251883,USGS
India,1952,rutile,164,USGS
India,1952,titanium ores and concentrates,252047,USGS
India,1953,ilmenite and leucoxene,241091,USGS
India,1953,rutile,117,USGS
India,1953,titanium ores and concentrates,241208,USGS
India,1954,ilmenite and leucoxene,269375,USGS
India,1954,rutile,117,USGS
India,1954,titanium ores and concentrates,269492,USGS
India,1955,ilmenite and leucoxene,280867,USGS
India,1955,rutile,166,USGS
India,1955,titanium ores and concentrates,281033,USGS
India,1956,ilmenite and leucoxene,375861,USGS
India,1956,rutile,606,USGS
India,1956,titanium ores and concentrates,376467,USGS
India,1957,ilmenite and leucoxene,331768,USGS
India,1957,rutile,530,USGS
India,1957,titanium ores and concentrates,332298,USGS
India,1958,ilmenite and leucoxene,346260,USGS
India,1958,rutile,503,USGS
India,1958,titanium ores and concentrates,346763,USGS
India,1959,ilmenite and leucoxene,334024,USGS
India,1959,rutile,429,USGS
India,1959,titanium ores and concentrates,334453,USGS
India,1960,ilmenite and leucoxene,275303,USGS
India,1960,rutile,1082,USGS
India,1960,titanium ores and concentrates,276385,USGS
India,1961,ilmenite and leucoxene,192018,USGS
India,1961,rutile,898,USGS
India,1961,titanium ores and concentrates,192916,USGS
India,1962,ilmenite and leucoxene,152241,USGS
India,1962,rutile,1781,USGS
India,1962,titanium ores and concentrates,154022,USGS
India,1963,ilmenite and leucoxene,28619,USGS
India,1963,rutile,2062,USGS
India,1963,titanium ores and concentrates,30681,USGS
India,1964,ilmenite and leucoxene,13273,USGS
India,1964,rutile,2062,USGS
India,1964,titanium ores and concentrates,15335,USGS
India,1965,ilmenite and leucoxene,33132,USGS
India,1965,rutile,1452,USGS
India,1965,titanium ores and concentrates,34584,USGS
India,1966,ilmenite and leucoxene,33253,USGS
India,1966,rutile,2002,USGS
India,1966,titanium ores and concentrates,35255,USGS
India,1967,ilmenite and leucoxene,45840,USGS
India,1967,rutile,2798,USGS
India,1967,titanium ores and concentrates,48638,USGS
India,1968,ilmenite and leucoxene,64733,USGS
India,1968,rutile,2961,USGS
India,1968,titanium ores and concentrates,67694,USGS
India,1969,ilmenite and leucoxene,56708,USGS
India,1969,rutile,2751,USGS
India,1969,titanium ores and concentrates,59459,USGS
India,1970,ilmenite and leucoxene,86000,USGS
India,1970,rutile,2400,USGS
India,1970,titanium ores and concentrates,88400,USGS
India,1971,ilmenite and leucoxene,72752,USGS
India,1971,rutile,3210,USGS
India,1971,titanium ores and concentrates,75962,USGS
India,1972,ilmenite and leucoxene,100387,USGS
India,1972,rutile,3379,USGS
India,1972,titanium ores and concentrates,103766,USGS
India,1973,ilmenite and leucoxene,85088,USGS
India,1973,rutile,3748,USGS
India,1973,titanium ores and concentrates,88836,USGS
India,1974,ilmenite and leucoxene,146000,USGS
India,1974,rutile,6400,USGS
India,1974,titanium ores and concentrates,152400,USGS
India,1975,ilmenite and leucoxene,90000,USGS
India,1975,rutile,4000,USGS
India,1975,titanium ores and concentrates,94000,USGS
India,1976,ilmenite and leucoxene,90000,USGS
India,1976,rutile,4000,USGS
India,1976,titanium ores and concentrates,94000,USGS
India,1977,ilmenite and leucoxene,151402,USGS
India,1977,rutile,6053,USGS
India,1977,titanium ores and concentrates,157455,USGS
India,1978,ilmenite and leucoxene,178063,USGS
India,1978,rutile,6239,USGS
India,1978,titanium ores and concentrates,184302,USGS
India,1979,ilmenite and leucoxene,161867,USGS
India,1979,rutile,5445,USGS
India,1979,titanium ores and concentrates,167312,USGS
India,1980,ilmenite and leucoxene,185078,USGS
India,1980,rutile,5808,USGS
India,1980,titanium ores and concentrates,190886,USGS
India,1981,ilmenite and leucoxene,179141,USGS
India,1981,rutile,7397,USGS
India,1981,titanium ores and concentrates,186538,USGS
India,1982,ilmenite and leucoxene,168563,USGS
India,1982,rutile,6374,USGS
India,1982,titanium ores and concentrates,174937,USGS
India,1983,ilmenite and leucoxene,0,USGS
India,1983,rutile,6100,USGS
India,1983,titanium ores and concentrates,6100,USGS
India,1984,ilmenite and leucoxene,154323,USGS
India,1984,rutile,6600,USGS
India,1984,titanium ores and concentrates,160923,USGS
India,1985,ilmenite and leucoxene,143000,USGS
India,1985,rutile,6800,USGS
India,1985,titanium ores and concentrates,149800,USGS
India,1986,ilmenite and leucoxene,140000,USGS
India,1986,rutile,7000,USGS
India,1986,titanium ores and concentrates,147000,USGS
India,1987,ilmenite and leucoxene,140000,USGS
India,1987,rutile,7000,USGS
India,1987,titanium ores and concentrates,147000,USGS
India,1988,ilmenite and leucoxene,229693,USGS
India,1988,rutile,9584,USGS
India,1988,titanium ores and concentrates,239277,USGS
India,1989,ilmenite and leucoxene,240656,USGS
India,1989,rutile,9931,USGS
India,1989,titanium ores and concentrates,250587,USGS
India,1990,ilmenite and leucoxene,280000,USGS
India,1990,rutile,11000,USGS
India,1990,titanium ores and concentrates,291000,USGS
India,1991,ilmenite and leucoxene,311537,USGS
India,1991,rutile,13633,USGS
India,1991,titanium ores and concentrates,325170,USGS
India,1992,ilmenite and leucoxene,300000,USGS
India,1992,rutile,10000,USGS
India,1992,titanium ores and concentrates,310000,USGS
India,1993,ilmenite and leucoxene,320000,USGS
India,1993,rutile,13900,USGS
India,1993,titanium ores and concentrates,333900,USGS
India,1994,ilmenite and leucoxene,290000,USGS
India,1994,rutile,13000,USGS
India,1994,titanium ores and concentrates,303000,USGS
India,1995,ilmenite and leucoxene,290000,USGS
India,1995,rutile,14000,USGS
India,1995,titanium ores and concentrates,304000,USGS
India,1996,ilmenite and leucoxene,330000,USGS
India,1996,rutile,15000,USGS
India,1996,titanium ores and concentrates,345000,USGS
India,1997,ilmenite and leucoxene,332000,USGS
India,1997,rutile,14000,USGS
India,1997,titanium ores and concentrates,346000,USGS
India,1998,ilmenite and leucoxene,378000,USGS
India,1998,rutile,16000,USGS
India,1998,titanium ores and concentrates,394000,USGS
India,1999,ilmenite and leucoxene,378000,USGS
India,1999,rutile,16000,USGS
India,1999,titanium ores and concentrates,394000,USGS
India,2000,ilmenite and leucoxene,380000,USGS
India,2000,rutile,17000,USGS
India,2000,titanium ores and concentrates,397000,USGS
India,2001,ilmenite and leucoxene,430000,USGS
India,2001,rutile,19000,USGS
India,2001,titanium ores and concentrates,449000,USGS
India,2002,ilmenite and leucoxene,460000,USGS
India,2002,rutile,18000,USGS
India,2002,titanium ores and concentrates,478000,USGS
India,2003,ilmenite and leucoxene,562000,USGS
India,2003,rutile,18000,USGS
India,2003,titanium ores and concentrates,580000,USGS
India,2004,ilmenite and leucoxene,621000,USGS
India,2004,rutile,19600,USGS
India,2004,titanium ores and concentrates,640600,USGS
India,2005,ilmenite and leucoxene,686000,USGS
India,2005,rutile,20100,USGS
India,2005,titanium ores and concentrates,706100,USGS
India,2006,ilmenite and leucoxene,690000,USGS
India,2006,rutile,21000,USGS
India,2006,titanium ores and concentrates,711000,USGS
India,2007,ilmenite and leucoxene,700000,USGS
India,2007,rutile,21000,USGS
India,2007,titanium ores and concentrates,721000,USGS
India,2008,ilmenite and leucoxene,610000,USGS
India,2008,rutile,21000,USGS
India,2008,titanium ores and concentrates,631000,USGS
India,2009,ilmenite and leucoxene,700000,USGS
India,2009,rutile,21000,USGS
India,2009,titanium ores and concentrates,721000,USGS
India,2010,ilmenite and leucoxene,729000,USGS
India,2010,rutile,19100,USGS
India,2010,titanium ores and concentrates,748100,USGS
India,2011,ilmenite and leucoxene,550000,USGS
India,2011,rutile,18800,USGS
India,2011,titanium ores and concentrates,568800,USGS
India,2012,ilmenite and leucoxene,340000,USGS
India,2012,rutile,24000,USGS
India,2012,titanium ores and concentrates,364000,USGS
India,2013,ilmenite and leucoxene,436000,USGS
India,2013,rutile,14500,USGS
India,2013,titanium ores and concentrates,450500,USGS
India,2014,ilmenite and leucoxene,663000,USGS
India,2014,rutile,15100,USGS
India,2014,titanium ores and concentrates,678100,USGS
India,2015,ilmenite and leucoxene,552000,USGS
India,2015,rutile,16400,USGS
India,2015,titanium ores and concentrates,568400,USGS
India,2016,ilmenite and leucoxene,618000,USGS
India,2016,rutile,16200,USGS
India,2016,titanium ores and concentrates,634200,USGS
India,2017,ilmenite and leucoxene,360000,USGS
India,2017,rutile,13000,USGS
India,2017,titanium ores and concentrates,373000,USGS
India,2018,ilmenite and leucoxene,290000,USGS
India,2018,rutile,12000,USGS
India,2018,titanium ores and concentrates,302000,USGS
India,2019,ilmenite and leucoxene,310000,USGS
India,2019,rutile,13000,USGS
India,2019,titanium ores and concentrates,323000,USGS
India,2020,ilmenite and leucoxene,350000,USGS
India,2020,rutile,13000,USGS
India,2020,titanium ores and concentrates,363000,USGS
India,2021,ilmenite and leucoxene,350000,USGS
India,2021,rutile,13000,USGS
India,2021,titanium ores and concentrates,363000,USGS
India,2022,ilmenite and leucoxene,350000,USGS
India,2022,rutile,13000,USGS
India,2022,titanium ores and concentrates,363000,USGS
Indonesia,1950,ilmenite and leucoxene,0,USGS
Indonesia,1950,titanium ores and concentrates,0,USGS
Indonesia,1951,ilmenite and leucoxene,0,USGS
Indonesia,1951,titanium ores and concentrates,0,USGS
Indonesia,1952,ilmenite and leucoxene,0,USGS
Indonesia,1952,titanium ores and concentrates,0,USGS
Indonesia,1953,ilmenite and leucoxene,0,USGS
Indonesia,1953,titanium ores and concentrates,0,USGS
Indonesia,1954,ilmenite and leucoxene,0,USGS
Indonesia,1954,titanium ores and concentrates,0,USGS
Indonesia,1955,ilmenite and leucoxene,0,USGS
Indonesia,1955,titanium ores and concentrates,0,USGS
Indonesia,1956,ilmenite and leucoxene,0,USGS
Indonesia,1956,titanium ores and concentrates,0,USGS
Indonesia,1957,ilmenite and leucoxene,0,USGS
Indonesia,1957,titanium ores and concentrates,0,USGS
Indonesia,1958,ilmenite and leucoxene,0,USGS
Indonesia,1958,titanium ores and concentrates,0,USGS
Indonesia,1959,ilmenite and leucoxene,0,USGS
Indonesia,1959,titanium ores and concentrates,0,USGS
Indonesia,1960,ilmenite and leucoxene,0,USGS
Indonesia,1960,titanium ores and concentrates,0,USGS
Indonesia,1961,ilmenite and leucoxene,0,USGS
Indonesia,1961,titanium ores and concentrates,0,USGS
Indonesia,1962,ilmenite and leucoxene,0,USGS
Indonesia,1962,titanium ores and concentrates,0,USGS
Indonesia,1963,ilmenite and leucoxene,0,USGS
Indonesia,1963,titanium ores and concentrates,0,USGS
Indonesia,1964,ilmenite and leucoxene,0,USGS
Indonesia,1964,titanium ores and concentrates,0,USGS
Indonesia,1965,ilmenite and leucoxene,0,USGS
Indonesia,1965,titanium ores and concentrates,0,USGS
Indonesia,1966,ilmenite and leucoxene,0,USGS
Indonesia,1966,titanium ores and concentrates,0,USGS
Indonesia,1967,ilmenite and leucoxene,0,USGS
Indonesia,1967,titanium ores and concentrates,0,USGS
Indonesia,1968,ilmenite and leucoxene,0,USGS
Indonesia,1968,titanium ores and concentrates,0,USGS
Indonesia,1969,ilmenite and leucoxene,0,USGS
Indonesia,1969,titanium ores and concentrates,0,USGS
Indonesia,1970,ilmenite and leucoxene,0,USGS
Indonesia,1970,titanium ores and concentrates,0,USGS
Indonesia,1971,ilmenite and leucoxene,0,USGS
Indonesia,1971,titanium ores and concentrates,0,USGS
Indonesia,1972,ilmenite and leucoxene,0,USGS
Indonesia,1972,titanium ores and concentrates,0,USGS
Indonesia,1973,ilmenite and leucoxene,0,USGS
Indonesia,1973,titanium ores and concentrates,0,USGS
Indonesia,1974,ilmenite and leucoxene,0,USGS
Indonesia,1974,titanium ores and concentrates,0,USGS
Indonesia,1975,ilmenite and leucoxene,0,USGS
Indonesia,1975,titanium ores and concentrates,0,USGS
Indonesia,1976,ilmenite and leucoxene,0,USGS
Indonesia,1976,titanium ores and concentrates,0,USGS
Indonesia,1977,ilmenite and leucoxene,0,USGS
Indonesia,1977,titanium ores and concentrates,0,USGS
Indonesia,1978,ilmenite and leucoxene,0,USGS
Indonesia,1978,titanium ores and concentrates,0,USGS
Indonesia,1979,ilmenite and leucoxene,0,USGS
Indonesia,1979,titanium ores and concentrates,0,USGS
Indonesia,1980,ilmenite and leucoxene,0,USGS
Indonesia,1980,titanium ores and concentrates,0,USGS
Indonesia,1981,ilmenite and leucoxene,0,USGS
Indonesia,1981,titanium ores and concentrates,0,USGS
Indonesia,1982,ilmenite and leucoxene,0,USGS
Indonesia,1982,titanium ores and concentrates,0,USGS
Indonesia,1983,ilmenite and leucoxene,0,USGS
Indonesia,1983,titanium ores and concentrates,0,USGS
Indonesia,1984,ilmenite and leucoxene,0,USGS
Indonesia,1984,titanium ores and concentrates,0,USGS
Indonesia,1985,ilmenite and leucoxene,0,USGS
Indonesia,1985,titanium ores and concentrates,0,USGS
Indonesia,1986,ilmenite and leucoxene,0,USGS
Indonesia,1986,titanium ores and concentrates,0,USGS
Indonesia,1987,ilmenite and leucoxene,0,USGS
Indonesia,1987,titanium ores and concentrates,0,USGS
Indonesia,1988,ilmenite and leucoxene,0,USGS
Indonesia,1988,titanium ores and concentrates,0,USGS
Indonesia,1989,ilmenite and leucoxene,0,USGS
Indonesia,1989,titanium ores and concentrates,0,USGS
Indonesia,1990,ilmenite and leucoxene,0,USGS
Indonesia,1990,titanium ores and concentrates,0,USGS
Indonesia,1991,ilmenite and leucoxene,0,USGS
Indonesia,1991,titanium ores and concentrates,0,USGS
Indonesia,1992,ilmenite and leucoxene,0,USGS
Indonesia,1992,titanium ores and concentrates,0,USGS
Indonesia,1993,ilmenite and leucoxene,0,USGS
Indonesia,1993,titanium ores and concentrates,0,USGS
Indonesia,1994,ilmenite and leucoxene,0,USGS
Indonesia,1994,titanium ores and concentrates,0,USGS
Indonesia,1995,ilmenite and leucoxene,0,USGS
Indonesia,1995,titanium ores and concentrates,0,USGS
Indonesia,1996,ilmenite and leucoxene,0,USGS
Indonesia,1996,titanium ores and concentrates,0,USGS
Indonesia,1997,ilmenite and leucoxene,0,USGS
Indonesia,1997,titanium ores and concentrates,0,USGS
Indonesia,1998,ilmenite and leucoxene,0,USGS
Indonesia,1998,titanium ores and concentrates,0,USGS
Indonesia,1999,ilmenite and leucoxene,0,USGS
Indonesia,1999,titanium ores and concentrates,0,USGS
Indonesia,2000,ilmenite and leucoxene,0,USGS
Indonesia,2000,titanium ores and concentrates,0,USGS
Indonesia,2001,ilmenite and leucoxene,0,USGS
Indonesia,2001,titanium ores and concentrates,0,USGS
Indonesia,2002,ilmenite and leucoxene,0,USGS
Indonesia,2002,titanium ores and concentrates,0,USGS
Indonesia,2003,ilmenite and leucoxene,0,USGS
Indonesia,2003,titanium ores and concentrates,0,USGS
Indonesia,2004,ilmenite and leucoxene,0,USGS
Indonesia,2004,titanium ores and concentrates,0,USGS
Indonesia,2005,ilmenite and leucoxene,0,USGS
Indonesia,2005,titanium ores and concentrates,0,USGS
Indonesia,2006,ilmenite and leucoxene,0,USGS
Indonesia,2006,titanium ores and concentrates,0,USGS
Indonesia,2007,ilmenite and leucoxene,0,USGS
Indonesia,2007,titanium ores and concentrates,0,USGS
Indonesia,2008,ilmenite and leucoxene,9000,USGS
Indonesia,2008,titanium ores and concentrates,9000,USGS
Indonesia,2009,ilmenite and leucoxene,9000,USGS
Indonesia,2009,titanium ores and concentrates,9000,USGS
Indonesia,2010,ilmenite and leucoxene,60000,USGS
Indonesia,2010,titanium ores and concentrates,60000,USGS
Indonesia,2011,ilmenite and leucoxene,18000,USGS
Indonesia,2011,titanium ores and concentrates,18000,USGS
Indonesia,2012,ilmenite and leucoxene,103000,USGS
Indonesia,2012,titanium ores and concentrates,103000,USGS
Indonesia,2013,ilmenite and leucoxene,26633,USGS
Indonesia,2013,titanium ores and concentrates,26633,USGS
Indonesia,2014,ilmenite and leucoxene,1485,USGS
Indonesia,2014,titanium ores and concentrates,1485,USGS
Indonesia,2015,ilmenite and leucoxene,23000,USGS
Indonesia,2015,titanium ores and concentrates,23000,USGS
Indonesia,2016,ilmenite and leucoxene,20000,USGS
Indonesia,2016,titanium ores and concentrates,20000,USGS
Indonesia,2017,ilmenite and leucoxene,20000,USGS
Indonesia,2017,titanium ores and concentrates,20000,USGS
Indonesia,2018,ilmenite and leucoxene,2000,USGS
Indonesia,2018,titanium ores and concentrates,2000,USGS
Indonesia,2019,ilmenite and leucoxene,4000,USGS
Indonesia,2019,titanium ores and concentrates,4000,USGS
Indonesia,2020,ilmenite and leucoxene,3000,USGS
Indonesia,2020,titanium ores and concentrates,3000,USGS
Indonesia,2021,ilmenite and leucoxene,90000,USGS
Indonesia,2021,titanium ores and concentrates,90000,USGS
Indonesia,2022,ilmenite and leucoxene,40000,USGS
Indonesia,2022,titanium ores and concentrates,40000,USGS
Japan,1950,titanium slag,-1,USGS
Japan,1951,titanium slag,0,USGS
Japan,1952,titanium slag,660,USGS
Japan,1953,titanium slag,3199,USGS
Japan,1954,titanium slag,2638,USGS
Japan,1955,titanium slag,5097,USGS
Japan,1956,titanium slag,9634,USGS
Japan,1957,titanium slag,8998,USGS
Japan,1958,titanium slag,3932,USGS
Japan,1959,titanium slag,3445,USGS
Japan,1960,titanium slag,1444,USGS
Japan,1961,titanium slag,1774,USGS
Japan,1962,titanium slag,578,USGS
Japan,1963,titanium slag,963,USGS
Japan,1964,titanium slag,2161,USGS
Japan,1965,titanium slag,3190,USGS
Japan,1966,titanium slag,3867,USGS
Japan,1967,titanium slag,6298,USGS
Japan,1968,titanium slag,4624,USGS
Japan,1969,ilmenite,4482,USGS
Japan,1969,ilmenite and leucoxene,4482,USGS
Japan,1969,titanium slag,5617,USGS
Japan,1970,ilmenite,3467,USGS
Japan,1970,ilmenite and leucoxene,3467,USGS
Japan,1970,titanium slag,8683,USGS
Japan,1971,ilmenite,2619,USGS
Japan,1971,ilmenite and leucoxene,2619,USGS
Japan,1971,titanium slag,6097,USGS
Japan,1972,ilmenite,2331,USGS
Japan,1972,ilmenite and leucoxene,2331,USGS
Japan,1972,titanium slag,3668,USGS
Japan,1973,titanium slag,4690,USGS
Japan,1974,titanium slag,4855,USGS
Japan,1975,titanium slag,4942,USGS
Japan,1976,titanium slag,3843,USGS
Japan,1977,titanium slag,1354,USGS
Japan,1978,titanium slag,193,USGS
Japan,1979,titanium slag,198,USGS
Japan,1980,ilmenite,0,USGS
Japan,1980,ilmenite and leucoxene,0,USGS
Japan,1980,titanium ores and concentrates,0,USGS
Japan,1980,titanium slag,0,USGS
Japan,1981,ilmenite,0,USGS
Japan,1981,ilmenite and leucoxene,0,USGS
Japan,1981,titanium ores and concentrates,0,USGS
Japan,1981,titanium slag,0,USGS
Japan,1982,ilmenite,0,USGS
Japan,1982,ilmenite and leucoxene,0,USGS
Japan,1982,titanium ores and concentrates,0,USGS
Japan,1982,titanium slag,0,USGS
Japan,1983,ilmenite,0,USGS
Japan,1983,ilmenite and leucoxene,0,USGS
Japan,1983,titanium ores and concentrates,0,USGS
Japan,1983,titanium slag,0,USGS
Japan,1984,ilmenite,0,USGS
Japan,1984,ilmenite and leucoxene,0,USGS
Japan,1984,titanium ores and concentrates,0,USGS
Japan,1984,titanium slag,0,USGS
Japan,1985,ilmenite,0,USGS
Japan,1985,ilmenite and leucoxene,0,USGS
Japan,1985,titanium ores and concentrates,0,USGS
Japan,1985,titanium slag,0,USGS
Japan,1986,ilmenite,0,USGS
Japan,1986,ilmenite and leucoxene,0,USGS
Japan,1986,titanium ores and concentrates,0,USGS
Japan,1986,titanium slag,0,USGS
Japan,1987,ilmenite,0,USGS
Japan,1987,ilmenite and leucoxene,0,USGS
Japan,1987,titanium ores and concentrates,0,USGS
Japan,1987,titanium slag,0,USGS
Japan,1988,ilmenite,0,USGS
Japan,1988,ilmenite and leucoxene,0,USGS
Japan,1988,titanium ores and concentrates,0,USGS
Japan,1988,titanium slag,0,USGS
Japan,1989,ilmenite,0,USGS
Japan,1989,ilmenite and leucoxene,0,USGS
Japan,1989,titanium ores and concentrates,0,USGS
Japan,1989,titanium slag,0,USGS
Japan,1990,ilmenite,0,USGS
Japan,1990,ilmenite and leucoxene,0,USGS
Japan,1990,titanium ores and concentrates,0,USGS
Japan,1990,titanium slag,0,USGS
Japan,1991,ilmenite,0,USGS
Japan,1991,ilmenite and leucoxene,0,USGS
Japan,1991,titanium ores and concentrates,0,USGS
Japan,1991,titanium slag,0,USGS
Japan,1992,ilmenite,0,USGS
Japan,1992,ilmenite and leucoxene,0,USGS
Japan,1992,titanium ores and concentrates,0,USGS
Japan,1992,titanium slag,0,USGS
Japan,1993,ilmenite,0,USGS
Japan,1993,ilmenite and leucoxene,0,USGS
Japan,1993,titanium ores and concentrates,0,USGS
Japan,1993,titanium slag,0,USGS
Japan,1994,ilmenite,0,USGS
Japan,1994,ilmenite and leucoxene,0,USGS
Japan,1994,titanium ores and concentrates,0,USGS
Japan,1994,titanium slag,0,USGS
Japan,1995,ilmenite,0,USGS
Japan,1995,ilmenite and leucoxene,0,USGS
Japan,1995,titanium ores and concentrates,0,USGS
Japan,1995,titanium slag,0,USGS
Japan,1996,ilmenite,0,USGS
Japan,1996,ilmenite and leucoxene,0,USGS
Japan,1996,titanium ores and concentrates,0,USGS
Japan,1996,titanium slag,0,USGS
Japan,1997,ilmenite,0,USGS
Japan,1997,ilmenite and leucoxene,0,USGS
Japan,1997,titanium ores and concentrates,0,USGS
Japan,1997,titanium slag,0,USGS
Japan,1998,ilmenite,0,USGS
Japan,1998,ilmenite and leucoxene,0,USGS
Japan,1998,titanium ores and concentrates,0,USGS
Japan,1998,titanium slag,0,USGS
Japan,1999,ilmenite,0,USGS
Japan,1999,ilmenite and leucoxene,0,USGS
Japan,1999,titanium ores and concentrates,0,USGS
Japan,1999,titanium slag,0,USGS
Japan,2000,ilmenite,0,USGS
Japan,2000,ilmenite and leucoxene,0,USGS
Japan,2000,titanium ores and concentrates,0,USGS
Japan,2000,titanium slag,0,USGS
Japan,2001,ilmenite,0,USGS
Japan,2001,ilmenite and leucoxene,0,USGS
Japan,2001,titanium ores and concentrates,0,USGS
Japan,2001,titanium slag,0,USGS
Japan,2002,ilmenite,0,USGS
Japan,2002,ilmenite and leucoxene,0,USGS
Japan,2002,titanium ores and concentrates,0,USGS
Japan,2002,titanium slag,0,USGS
Japan,2003,ilmenite,0,USGS
Japan,2003,ilmenite and leucoxene,0,USGS
Japan,2003,titanium ores and concentrates,0,USGS
Japan,2003,titanium slag,0,USGS
Japan,2004,ilmenite,0,USGS
Japan,2004,ilmenite and leucoxene,0,USGS
Japan,2004,titanium ores and concentrates,0,USGS
Japan,2004,titanium slag,0,USGS
Japan,2005,ilmenite,0,USGS
Japan,2005,ilmenite and leucoxene,0,USGS
Japan,2005,titanium ores and concentrates,0,USGS
Japan,2005,titanium slag,0,USGS
Japan,2006,ilmenite,0,USGS
Japan,2006,ilmenite and leucoxene,0,USGS
Japan,2006,titanium ores and concentrates,0,USGS
Japan,2006,titanium slag,0,USGS
Japan,2007,ilmenite,0,USGS
Japan,2007,ilmenite and leucoxene,0,USGS
Japan,2007,titanium ores and concentrates,0,USGS
Japan,2007,titanium slag,0,USGS
Japan,2008,ilmenite,0,USGS
Japan,2008,ilmenite and leucoxene,0,USGS
Japan,2008,titanium ores and concentrates,0,USGS
Japan,2008,titanium slag,0,USGS
Japan,2009,ilmenite,0,USGS
Japan,2009,ilmenite and leucoxene,0,USGS
Japan,2009,titanium ores and concentrates,0,USGS
Japan,2009,titanium slag,0,USGS
Japan,2010,ilmenite,0,USGS
Japan,2010,ilmenite and leucoxene,0,USGS
Japan,2010,titanium ores and concentrates,0,USGS
Japan,2010,titanium slag,0,USGS
Japan,2011,ilmenite,0,USGS
Japan,2011,ilmenite and leucoxene,0,USGS
Japan,2011,titanium ores and concentrates,0,USGS
Japan,2011,titanium slag,0,USGS
Japan,2012,ilmenite,0,USGS
Japan,2012,ilmenite and leucoxene,0,USGS
Japan,2012,titanium ores and concentrates,0,USGS
Japan,2012,titanium slag,0,USGS
Japan,2013,ilmenite,0,USGS
Japan,2013,ilmenite and leucoxene,0,USGS
Japan,2013,titanium ores and concentrates,0,USGS
Japan,2013,titanium slag,0,USGS
Japan,2014,ilmenite,0,USGS
Japan,2014,ilmenite and leucoxene,0,USGS
Japan,2014,titanium ores and concentrates,0,USGS
Japan,2014,titanium slag,0,USGS
Japan,2015,ilmenite,0,USGS
Japan,2015,ilmenite and leucoxene,0,USGS
Japan,2015,titanium ores and concentrates,0,USGS
Japan,2015,titanium slag,0,USGS
Japan,2016,ilmenite,0,USGS
Japan,2016,ilmenite and leucoxene,0,USGS
Japan,2016,titanium ores and concentrates,0,USGS
Japan,2016,titanium slag,0,USGS
Japan,2017,ilmenite,0,USGS
Japan,2017,ilmenite and leucoxene,0,USGS
Japan,2017,titanium ores and concentrates,0,USGS
Japan,2017,titanium slag,0,USGS
Japan,2018,ilmenite,0,USGS
Japan,2018,ilmenite and leucoxene,0,USGS
Japan,2018,titanium ores and concentrates,0,USGS
Japan,2018,titanium slag,0,USGS
Japan,2019,ilmenite,0,USGS
Japan,2019,ilmenite and leucoxene,0,USGS
Japan,2019,titanium ores and concentrates,0,USGS
Japan,2019,titanium slag,0,USGS
Japan,2020,ilmenite,0,USGS
Japan,2020,ilmenite and leucoxene,0,USGS
Japan,2020,titanium ores and concentrates,0,USGS
Japan,2020,titanium slag,0,USGS
Japan,2021,ilmenite,0,USGS
Japan,2021,ilmenite and leucoxene,0,USGS
Japan,2021,titanium ores and concentrates,0,USGS
Japan,2021,titanium slag,0,USGS
Japan,2022,ilmenite,0,USGS
Japan,2022,ilmenite and leucoxene,0,USGS
Japan,2022,titanium ores and concentrates,0,USGS
Japan,2022,titanium slag,0,USGS
Kazakhstan,1950,ilmenite and leucoxene,0,USGS
Kazakhstan,1950,titanium ores and concentrates,0,USGS
Kazakhstan,1951,ilmenite and leucoxene,0,USGS
Kazakhstan,1951,titanium ores and concentrates,0,USGS
Kazakhstan,1952,ilmenite and leucoxene,0,USGS
Kazakhstan,1952,titanium ores and concentrates,0,USGS
Kazakhstan,1953,ilmenite and leucoxene,0,USGS
Kazakhstan,1953,titanium ores and concentrates,0,USGS
Kazakhstan,1954,ilmenite and leucoxene,0,USGS
Kazakhstan,1954,titanium ores and concentrates,0,USGS
Kazakhstan,1955,ilmenite and leucoxene,0,USGS
Kazakhstan,1955,titanium ores and concentrates,0,USGS
Kazakhstan,1956,ilmenite and leucoxene,0,USGS
Kazakhstan,1956,titanium ores and concentrates,0,USGS
Kazakhstan,1957,ilmenite and leucoxene,0,USGS
Kazakhstan,1957,titanium ores and concentrates,0,USGS
Kazakhstan,1958,ilmenite and leucoxene,0,USGS
Kazakhstan,1958,titanium ores and concentrates,0,USGS
Kazakhstan,1959,ilmenite and leucoxene,0,USGS
Kazakhstan,1959,titanium ores and concentrates,0,USGS
Kazakhstan,1960,ilmenite and leucoxene,0,USGS
Kazakhstan,1960,titanium ores and concentrates,0,USGS
Kazakhstan,1961,ilmenite and leucoxene,0,USGS
Kazakhstan,1961,titanium ores and concentrates,0,USGS
Kazakhstan,1962,ilmenite and leucoxene,0,USGS
Kazakhstan,1962,titanium ores and concentrates,0,USGS
Kazakhstan,1963,ilmenite and leucoxene,0,USGS
Kazakhstan,1963,titanium ores and concentrates,0,USGS
Kazakhstan,1964,ilmenite and leucoxene,0,USGS
Kazakhstan,1964,titanium ores and concentrates,0,USGS
Kazakhstan,1965,ilmenite and leucoxene,0,USGS
Kazakhstan,1965,titanium ores and concentrates,0,USGS
Kazakhstan,1966,ilmenite and leucoxene,0,USGS
Kazakhstan,1966,titanium ores and concentrates,0,USGS
Kazakhstan,1967,ilmenite and leucoxene,0,USGS
Kazakhstan,1967,titanium ores and concentrates,0,USGS
Kazakhstan,1968,ilmenite and leucoxene,0,USGS
Kazakhstan,1968,titanium ores and concentrates,0,USGS
Kazakhstan,1969,ilmenite and leucoxene,0,USGS
Kazakhstan,1969,titanium ores and concentrates,0,USGS
Kazakhstan,1970,ilmenite and leucoxene,0,USGS
Kazakhstan,1970,titanium ores and concentrates,0,USGS
Kazakhstan,1971,ilmenite and leucoxene,0,USGS
Kazakhstan,1971,titanium ores and concentrates,0,USGS
Kazakhstan,1972,ilmenite and leucoxene,0,USGS
Kazakhstan,1972,titanium ores and concentrates,0,USGS
Kazakhstan,1973,ilmenite and leucoxene,0,USGS
Kazakhstan,1973,titanium ores and concentrates,0,USGS
Kazakhstan,1974,ilmenite and leucoxene,0,USGS
Kazakhstan,1974,titanium ores and concentrates,0,USGS
Kazakhstan,1975,ilmenite and leucoxene,0,USGS
Kazakhstan,1975,titanium ores and concentrates,0,USGS
Kazakhstan,1976,ilmenite and leucoxene,0,USGS
Kazakhstan,1976,titanium ores and concentrates,0,USGS
Kazakhstan,1977,ilmenite and leucoxene,0,USGS
Kazakhstan,1977,titanium ores and concentrates,0,USGS
Kazakhstan,1978,ilmenite and leucoxene,0,USGS
Kazakhstan,1978,titanium ores and concentrates,0,USGS
Kazakhstan,1979,ilmenite and leucoxene,0,USGS
Kazakhstan,1979,titanium ores and concentrates,0,USGS
Kazakhstan,1980,ilmenite and leucoxene,0,USGS
Kazakhstan,1980,titanium ores and concentrates,0,USGS
Kazakhstan,1981,ilmenite and leucoxene,0,USGS
Kazakhstan,1981,titanium ores and concentrates,0,USGS
Kazakhstan,1982,ilmenite and leucoxene,0,USGS
Kazakhstan,1982,titanium ores and concentrates,0,USGS
Kazakhstan,1983,ilmenite and leucoxene,0,USGS
Kazakhstan,1983,titanium ores and concentrates,0,USGS
Kazakhstan,1984,ilmenite and leucoxene,0,USGS
Kazakhstan,1984,titanium ores and concentrates,0,USGS
Kazakhstan,1985,ilmenite and leucoxene,0,USGS
Kazakhstan,1985,titanium ores and concentrates,0,USGS
Kazakhstan,1986,ilmenite and leucoxene,0,USGS
Kazakhstan,1986,titanium ores and concentrates,0,USGS
Kazakhstan,1987,ilmenite and leucoxene,0,USGS
Kazakhstan,1987,titanium ores and concentrates,0,USGS
Kazakhstan,1988,ilmenite and leucoxene,0,USGS
Kazakhstan,1988,titanium ores and concentrates,0,USGS
Kazakhstan,1989,ilmenite and leucoxene,0,USGS
Kazakhstan,1989,titanium ores and concentrates,0,USGS
Kazakhstan,1990,ilmenite and leucoxene,0,USGS
Kazakhstan,1990,titanium ores and concentrates,0,USGS
Kazakhstan,1991,ilmenite and leucoxene,0,USGS
Kazakhstan,1991,titanium ores and concentrates,0,USGS
Kazakhstan,1992,ilmenite and leucoxene,0,USGS
Kazakhstan,1992,titanium ores and concentrates,0,USGS
Kazakhstan,1993,ilmenite and leucoxene,0,USGS
Kazakhstan,1993,titanium ores and concentrates,0,USGS
Kazakhstan,1994,ilmenite and leucoxene,0,USGS
Kazakhstan,1994,titanium ores and concentrates,0,USGS
Kazakhstan,1995,ilmenite and leucoxene,0,USGS
Kazakhstan,1995,titanium ores and concentrates,0,USGS
Kazakhstan,1996,ilmenite and leucoxene,0,USGS
Kazakhstan,1996,titanium ores and concentrates,0,USGS
Kazakhstan,1997,ilmenite and leucoxene,0,USGS
Kazakhstan,1997,titanium ores and concentrates,0,USGS
Kazakhstan,1998,ilmenite and leucoxene,0,USGS
Kazakhstan,1998,titanium ores and concentrates,0,USGS
Kazakhstan,1999,ilmenite and leucoxene,0,USGS
Kazakhstan,1999,titanium ores and concentrates,0,USGS
Kazakhstan,2000,ilmenite and leucoxene,0,USGS
Kazakhstan,2000,titanium ores and concentrates,0,USGS
Kazakhstan,2001,ilmenite and leucoxene,40000,USGS
Kazakhstan,2001,titanium ores and concentrates,40000,USGS
Kazakhstan,2002,ilmenite and leucoxene,0,USGS
Kazakhstan,2002,titanium ores and concentrates,0,USGS
Kazakhstan,2003,ilmenite and leucoxene,9300,USGS
Kazakhstan,2003,titanium ores and concentrates,9300,USGS
Kazakhstan,2004,ilmenite and leucoxene,11670,USGS
Kazakhstan,2004,titanium ores and concentrates,11670,USGS
Kazakhstan,2005,ilmenite and leucoxene,10000,USGS
Kazakhstan,2005,titanium ores and concentrates,10000,USGS
Kazakhstan,2006,ilmenite and leucoxene,25000,USGS
Kazakhstan,2006,titanium ores and concentrates,25000,USGS
Kazakhstan,2007,ilmenite and leucoxene,25000,USGS
Kazakhstan,2007,titanium ores and concentrates,25000,USGS
Kazakhstan,2008,ilmenite and leucoxene,25000,USGS
Kazakhstan,2008,titanium ores and concentrates,25000,USGS
Kazakhstan,2009,ilmenite and leucoxene,25000,USGS
Kazakhstan,2009,titanium ores and concentrates,25000,USGS
Kazakhstan,2010,ilmenite and leucoxene,25000,USGS
Kazakhstan,2010,titanium ores and concentrates,25000,USGS
Kazakhstan,2011,ilmenite and leucoxene,25000,USGS
Kazakhstan,2011,titanium ores and concentrates,25000,USGS
Kazakhstan,2012,ilmenite and leucoxene,25000,USGS
Kazakhstan,2012,titanium ores and concentrates,25000,USGS
Kazakhstan,2013,ilmenite and leucoxene,10000,USGS
Kazakhstan,2013,titanium ores and concentrates,10000,USGS
Kazakhstan,2014,ilmenite and leucoxene,10000,USGS
Kazakhstan,2014,titanium ores and concentrates,10000,USGS
Kazakhstan,2015,ilmenite and leucoxene,8000,USGS
Kazakhstan,2015,titanium ores and concentrates,8000,USGS
Kazakhstan,2016,ilmenite and leucoxene,14000,USGS
Kazakhstan,2016,titanium ores and concentrates,14000,USGS
Kazakhstan,2017,ilmenite and leucoxene,9400,USGS
Kazakhstan,2017,titanium ores and concentrates,9400,USGS
Kazakhstan,2018,ilmenite and leucoxene,10000,USGS
Kazakhstan,2018,titanium ores and concentrates,10000,USGS
Kazakhstan,2019,ilmenite and leucoxene,15000,USGS
Kazakhstan,2019,titanium ores and concentrates,15000,USGS
Kazakhstan,2020,ilmenite and leucoxene,12000,USGS
Kazakhstan,2020,titanium ores and concentrates,12000,USGS
Kazakhstan,2021,ilmenite and leucoxene,14000,USGS
Kazakhstan,2021,titanium ores and concentrates,14000,USGS
Kazakhstan,2022,ilmenite and leucoxene,14000,USGS
Kazakhstan,2022,titanium ores and concentrates,14000,USGS
Kenya,1950,ilmenite and leucoxene,0,USGS
Kenya,1950,rutile,0,USGS
Kenya,1950,titanium ores and concentrates,0,USGS
Kenya,1951,ilmenite and leucoxene,0,USGS
Kenya,1951,rutile,0,USGS
Kenya,1951,titanium ores and concentrates,0,USGS
Kenya,1952,ilmenite and leucoxene,0,USGS
Kenya,1952,rutile,0,USGS
Kenya,1952,titanium ores and concentrates,0,USGS
Kenya,1953,ilmenite and leucoxene,0,USGS
Kenya,1953,rutile,0,USGS
Kenya,1953,titanium ores and concentrates,0,USGS
Kenya,1954,ilmenite and leucoxene,0,USGS
Kenya,1954,rutile,0,USGS
Kenya,1954,titanium ores and concentrates,0,USGS
Kenya,1955,ilmenite and leucoxene,0,USGS
Kenya,1955,rutile,0,USGS
Kenya,1955,titanium ores and concentrates,0,USGS
Kenya,1956,ilmenite and leucoxene,0,USGS
Kenya,1956,rutile,0,USGS
Kenya,1956,titanium ores and concentrates,0,USGS
Kenya,1957,ilmenite and leucoxene,0,USGS
Kenya,1957,rutile,0,USGS
Kenya,1957,titanium ores and concentrates,0,USGS
Kenya,1958,ilmenite and leucoxene,0,USGS
Kenya,1958,rutile,0,USGS
Kenya,1958,titanium ores and concentrates,0,USGS
Kenya,1959,ilmenite and leucoxene,0,USGS
Kenya,1959,rutile,0,USGS
Kenya,1959,titanium ores and concentrates,0,USGS
Kenya,1960,ilmenite and leucoxene,0,USGS
Kenya,1960,rutile,0,USGS
Kenya,1960,titanium ores and concentrates,0,USGS
Kenya,1961,ilmenite and leucoxene,0,USGS
Kenya,1961,rutile,0,USGS
Kenya,1961,titanium ores and concentrates,0,USGS
Kenya,1962,ilmenite and leucoxene,0,USGS
Kenya,1962,rutile,0,USGS
Kenya,1962,titanium ores and concentrates,0,USGS
Kenya,1963,ilmenite and leucoxene,0,USGS
Kenya,1963,rutile,0,USGS
Kenya,1963,titanium ores and concentrates,0,USGS
Kenya,1964,ilmenite and leucoxene,0,USGS
Kenya,1964,rutile,0,USGS
Kenya,1964,titanium ores and concentrates,0,USGS
Kenya,1965,ilmenite and leucoxene,0,USGS
Kenya,1965,rutile,0,USGS
Kenya,1965,titanium ores and concentrates,0,USGS
Kenya,1966,ilmenite and leucoxene,0,USGS
Kenya,1966,rutile,0,USGS
Kenya,1966,titanium ores and concentrates,0,USGS
Kenya,1967,ilmenite and leucoxene,0,USGS
Kenya,1967,rutile,0,USGS
Kenya,1967,titanium ores and concentrates,0,USGS
Kenya,1968,ilmenite and leucoxene,0,USGS
Kenya,1968,rutile,0,USGS
Kenya,1968,titanium ores and concentrates,0,USGS
Kenya,1969,ilmenite and leucoxene,0,USGS
Kenya,1969,rutile,0,USGS
Kenya,1969,titanium ores and concentrates,0,USGS
Kenya,1970,ilmenite and leucoxene,0,USGS
Kenya,1970,rutile,0,USGS
Kenya,1970,titanium ores and concentrates,0,USGS
Kenya,1971,ilmenite and leucoxene,0,USGS
Kenya,1971,rutile,0,USGS
Kenya,1971,titanium ores and concentrates,0,USGS
Kenya,1972,ilmenite and leucoxene,0,USGS
Kenya,1972,rutile,0,USGS
Kenya,1972,titanium ores and concentrates,0,USGS
Kenya,1973,ilmenite and leucoxene,0,USGS
Kenya,1973,rutile,0,USGS
Kenya,1973,titanium ores and concentrates,0,USGS
Kenya,1974,ilmenite and leucoxene,0,USGS
Kenya,1974,rutile,0,USGS
Kenya,1974,titanium ores and concentrates,0,USGS
Kenya,1975,ilmenite and leucoxene,0,USGS
Kenya,1975,rutile,0,USGS
Kenya,1975,titanium ores and concentrates,0,USGS
Kenya,1976,ilmenite and leucoxene,0,USGS
Kenya,1976,rutile,0,USGS
Kenya,1976,titanium ores and concentrates,0,USGS
Kenya,1977,ilmenite and leucoxene,0,USGS
Kenya,1977,rutile,0,USGS
Kenya,1977,titanium ores and concentrates,0,USGS
Kenya,1978,ilmenite and leucoxene,0,USGS
Kenya,1978,rutile,0,USGS
Kenya,1978,titanium ores and concentrates,0,USGS
Kenya,1979,ilmenite and leucoxene,0,USGS
Kenya,1979,rutile,0,USGS
Kenya,1979,titanium ores and concentrates,0,USGS
Kenya,1980,ilmenite and leucoxene,0,USGS
Kenya,1980,rutile,0,USGS
Kenya,1980,titanium ores and concentrates,0,USGS
Kenya,1981,ilmenite and leucoxene,0,USGS
Kenya,1981,rutile,0,USGS
Kenya,1981,titanium ores and concentrates,0,USGS
Kenya,1982,ilmenite and leucoxene,0,USGS
Kenya,1982,rutile,0,USGS
Kenya,1982,titanium ores and concentrates,0,USGS
Kenya,1983,ilmenite and leucoxene,0,USGS
Kenya,1983,rutile,0,USGS
Kenya,1983,titanium ores and concentrates,0,USGS
Kenya,1984,ilmenite and leucoxene,0,USGS
Kenya,1984,rutile,0,USGS
Kenya,1984,titanium ores and concentrates,0,USGS
Kenya,1985,ilmenite and leucoxene,0,USGS
Kenya,1985,rutile,0,USGS
Kenya,1985,titanium ores and concentrates,0,USGS
Kenya,1986,ilmenite and leucoxene,0,USGS
Kenya,1986,rutile,0,USGS
Kenya,1986,titanium ores and concentrates,0,USGS
Kenya,1987,ilmenite and leucoxene,0,USGS
Kenya,1987,rutile,0,USGS
Kenya,1987,titanium ores and concentrates,0,USGS
Kenya,1988,ilmenite and leucoxene,0,USGS
Kenya,1988,rutile,0,USGS
Kenya,1988,titanium ores and concentrates,0,USGS
Kenya,1989,ilmenite and leucoxene,0,USGS
Kenya,1989,rutile,0,USGS
Kenya,1989,titanium ores and concentrates,0,USGS
Kenya,1990,ilmenite and leucoxene,0,USGS
Kenya,1990,rutile,0,USGS
Kenya,1990,titanium ores and concentrates,0,USGS
Kenya,1991,ilmenite and leucoxene,0,USGS
Kenya,1991,rutile,0,USGS
Kenya,1991,titanium ores and concentrates,0,USGS
Kenya,1992,ilmenite and leucoxene,0,USGS
Kenya,1992,rutile,0,USGS
Kenya,1992,titanium ores and concentrates,0,USGS
Kenya,1993,ilmenite and leucoxene,0,USGS
Kenya,1993,rutile,0,USGS
Kenya,1993,titanium ores and concentrates,0,USGS
Kenya,1994,ilmenite and leucoxene,0,USGS
Kenya,1994,rutile,0,USGS
Kenya,1994,titanium ores and concentrates,0,USGS
Kenya,1995,ilmenite and leucoxene,0,USGS
Kenya,1995,rutile,0,USGS
Kenya,1995,titanium ores and concentrates,0,USGS
Kenya,1996,ilmenite and leucoxene,0,USGS
Kenya,1996,rutile,0,USGS
Kenya,1996,titanium ores and concentrates,0,USGS
Kenya,1997,ilmenite and leucoxene,0,USGS
Kenya,1997,rutile,0,USGS
Kenya,1997,titanium ores and concentrates,0,USGS
Kenya,1998,ilmenite and leucoxene,0,USGS
Kenya,1998,rutile,0,USGS
Kenya,1998,titanium ores and concentrates,0,USGS
Kenya,1999,ilmenite and leucoxene,0,USGS
Kenya,1999,rutile,0,USGS
Kenya,1999,titanium ores and concentrates,0,USGS
Kenya,2000,ilmenite and leucoxene,0,USGS
Kenya,2000,rutile,0,USGS
Kenya,2000,titanium ores and concentrates,0,USGS
Kenya,2001,ilmenite and leucoxene,0,USGS
Kenya,2001,rutile,0,USGS
Kenya,2001,titanium ores and concentrates,0,USGS
Kenya,2002,ilmenite and leucoxene,0,USGS
Kenya,2002,rutile,0,USGS
Kenya,2002,titanium ores and concentrates,0,USGS
Kenya,2003,ilmenite and leucoxene,0,USGS
Kenya,2003,rutile,0,USGS
Kenya,2003,titanium ores and concentrates,0,USGS
Kenya,2004,ilmenite and leucoxene,0,USGS
Kenya,2004,rutile,0,USGS
Kenya,2004,titanium ores and concentrates,0,USGS
Kenya,2005,ilmenite and leucoxene,0,USGS
Kenya,2005,rutile,0,USGS
Kenya,2005,titanium ores and concentrates,0,USGS
Kenya,2006,ilmenite and leucoxene,0,USGS
Kenya,2006,rutile,0,USGS
Kenya,2006,titanium ores and concentrates,0,USGS
Kenya,2007,ilmenite and leucoxene,0,USGS
Kenya,2007,rutile,0,USGS
Kenya,2007,titanium ores and concentrates,0,USGS
Kenya,2008,ilmenite and leucoxene,0,USGS
Kenya,2008,rutile,0,USGS
Kenya,2008,titanium ores and concentrates,0,USGS
Kenya,2009,ilmenite and leucoxene,0,USGS
Kenya,2009,rutile,0,USGS
Kenya,2009,titanium ores and concentrates,0,USGS
Kenya,2010,ilmenite and leucoxene,0,USGS
Kenya,2010,rutile,0,USGS
Kenya,2010,titanium ores and concentrates,0,USGS
Kenya,2011,ilmenite and leucoxene,0,USGS
Kenya,2011,rutile,0,USGS
Kenya,2011,titanium ores and concentrates,0,USGS
Kenya,2012,ilmenite and leucoxene,0,USGS
Kenya,2012,rutile,0,USGS
Kenya,2012,titanium ores and concentrates,0,USGS
Kenya,2013,ilmenite and leucoxene,5539,USGS
Kenya,2013,rutile,152,USGS
Kenya,2013,titanium ores and concentrates,5691,USGS
Kenya,2014,ilmenite and leucoxene,368239,USGS
Kenya,2014,rutile,59348,USGS
Kenya,2014,titanium ores and concentrates,427587,USGS
Kenya,2015,ilmenite and leucoxene,444999,USGS
Kenya,2015,rutile,78947,USGS
Kenya,2015,titanium ores and concentrates,523946,USGS
Kenya,2016,ilmenite and leucoxene,468903,USGS
Kenya,2016,rutile,88288,USGS
Kenya,2016,titanium ores and concentrates,557191,USGS
Kenya,2017,ilmenite and leucoxene,470317,USGS
Kenya,2017,rutile,91456,USGS
Kenya,2017,titanium ores and concentrates,561773,USGS
Kenya,2018,ilmenite and leucoxene,453133,USGS
Kenya,2018,rutile,95715,USGS
Kenya,2018,titanium ores and concentrates,548848,USGS
Kenya,2019,ilmenite and leucoxene,341182,USGS
Kenya,2019,rutile,78961,USGS
Kenya,2019,titanium ores and concentrates,420143,USGS
Kenya,2020,ilmenite and leucoxene,334241,USGS
Kenya,2020,rutile,76402,USGS
Kenya,2020,titanium ores and concentrates,410643,USGS
Kenya,2021,ilmenite and leucoxene,329800,USGS
Kenya,2021,rutile,75800,USGS
Kenya,2021,titanium ores and concentrates,405600,USGS
Kenya,2022,ilmenite and leucoxene,339000,USGS
Kenya,2022,rutile,76500,USGS
Kenya,2022,titanium ores and concentrates,415500,USGS
Madagascar,1950,ilmenite and leucoxene,0,USGS
Madagascar,1950,titanium ores and concentrates,0,USGS
Madagascar,1951,ilmenite and leucoxene,0,USGS
Madagascar,1951,titanium ores and concentrates,0,USGS
Madagascar,1952,ilmenite and leucoxene,0,USGS
Madagascar,1952,titanium ores and concentrates,0,USGS
Madagascar,1953,ilmenite and leucoxene,0,USGS
Madagascar,1953,titanium ores and concentrates,0,USGS
Madagascar,1954,ilmenite and leucoxene,0,USGS
Madagascar,1954,titanium ores and concentrates,0,USGS
Madagascar,1955,ilmenite and leucoxene,0,USGS
Madagascar,1955,titanium ores and concentrates,0,USGS
Madagascar,1956,ilmenite and leucoxene,0,USGS
Madagascar,1956,titanium ores and concentrates,0,USGS
Madagascar,1957,ilmenite and leucoxene,102742,USGS
Madagascar,1957,titanium ores and concentrates,102742,USGS
Madagascar,1958,ilmenite and leucoxene,1151,USGS
Madagascar,1958,titanium ores and concentrates,1151,USGS
Madagascar,1959,ilmenite and leucoxene,659,USGS
Madagascar,1959,titanium ores and concentrates,659,USGS
Madagascar,1960,ilmenite and leucoxene,3008,USGS
Madagascar,1960,titanium ores and concentrates,3008,USGS
Madagascar,1961,ilmenite and leucoxene,3640,USGS
Madagascar,1961,titanium ores and concentrates,3640,USGS
Madagascar,1962,ilmenite and leucoxene,3510,USGS
Madagascar,1962,titanium ores and concentrates,3510,USGS
Madagascar,1963,ilmenite and leucoxene,4027,USGS
Madagascar,1963,titanium ores and concentrates,4027,USGS
Madagascar,1964,ilmenite and leucoxene,5291,USGS
Madagascar,1964,titanium ores and concentrates,5291,USGS
Madagascar,1965,ilmenite and leucoxene,6957,USGS
Madagascar,1965,titanium ores and concentrates,6957,USGS
Madagascar,1966,ilmenite and leucoxene,6821,USGS
Madagascar,1966,titanium ores and concentrates,6821,USGS
Madagascar,1967,ilmenite and leucoxene,2047,USGS
Madagascar,1967,titanium ores and concentrates,2047,USGS
Madagascar,1968,ilmenite and leucoxene,0,USGS
Madagascar,1968,titanium ores and concentrates,0,USGS
Madagascar,1969,ilmenite and leucoxene,0,USGS
Madagascar,1969,titanium ores and concentrates,0,USGS
Madagascar,1970,ilmenite and leucoxene,0,USGS
Madagascar,1970,titanium ores and concentrates,0,USGS
Madagascar,1971,ilmenite and leucoxene,0,USGS
Madagascar,1971,titanium ores and concentrates,0,USGS
Madagascar,1972,ilmenite and leucoxene,0,USGS
Madagascar,1972,titanium ores and concentrates,0,USGS
Madagascar,1973,ilmenite and leucoxene,0,USGS
Madagascar,1973,titanium ores and concentrates,0,USGS
Madagascar,1974,ilmenite and leucoxene,0,USGS
Madagascar,1974,titanium ores and concentrates,0,USGS
Madagascar,1975,ilmenite and leucoxene,0,USGS
Madagascar,1975,titanium ores and concentrates,0,USGS
Madagascar,1976,ilmenite and leucoxene,0,USGS
Madagascar,1976,titanium ores and concentrates,0,USGS
Madagascar,1977,ilmenite and leucoxene,0,USGS
Madagascar,1977,titanium ores and concentrates,0,USGS
Madagascar,1978,ilmenite and leucoxene,0,USGS
Madagascar,1978,titanium ores and concentrates,0,USGS
Madagascar,1979,ilmenite and leucoxene,0,USGS
Madagascar,1979,titanium ores and concentrates,0,USGS
Madagascar,1980,ilmenite and leucoxene,0,USGS
Madagascar,1980,titanium ores and concentrates,0,USGS
Madagascar,1981,ilmenite and leucoxene,0,USGS
Madagascar,1981,titanium ores and concentrates,0,USGS
Madagascar,1982,ilmenite and leucoxene,0,USGS
Madagascar,1982,titanium ores and concentrates,0,USGS
Madagascar,1983,ilmenite and leucoxene,0,USGS
Madagascar,1983,titanium ores and concentrates,0,USGS
Madagascar,1984,ilmenite and leucoxene,0,USGS
Madagascar,1984,titanium ores and concentrates,0,USGS
Madagascar,1985,ilmenite and leucoxene,0,USGS
Madagascar,1985,titanium ores and concentrates,0,USGS
Madagascar,1986,ilmenite and leucoxene,0,USGS
Madagascar,1986,titanium ores and concentrates,0,USGS
Madagascar,1987,ilmenite and leucoxene,0,USGS
Madagascar,1987,titanium ores and concentrates,0,USGS
Madagascar,1988,ilmenite and leucoxene,0,USGS
Madagascar,1988,titanium ores and concentrates,0,USGS
Madagascar,1989,ilmenite and leucoxene,0,USGS
Madagascar,1989,titanium ores and concentrates,0,USGS
Madagascar,1990,ilmenite and leucoxene,0,USGS
Madagascar,1990,titanium ores and concentrates,0,USGS
Madagascar,1991,ilmenite and leucoxene,0,USGS
Madagascar,1991,titanium ores and concentrates,0,USGS
Madagascar,1992,ilmenite and leucoxene,0,USGS
Madagascar,1992,titanium ores and concentrates,0,USGS
Madagascar,1993,ilmenite and leucoxene,0,USGS
Madagascar,1993,titanium ores and concentrates,0,USGS
Madagascar,1994,ilmenite and leucoxene,0,USGS
Madagascar,1994,titanium ores and concentrates,0,USGS
Madagascar,1995,ilmenite and leucoxene,0,USGS
Madagascar,1995,titanium ores and concentrates,0,USGS
Madagascar,1996,ilmenite and leucoxene,0,USGS
Madagascar,1996,titanium ores and concentrates,0,USGS
Madagascar,1997,ilmenite and leucoxene,0,USGS
Madagascar,1997,titanium ores and concentrates,0,USGS
Madagascar,1998,ilmenite and leucoxene,0,USGS
Madagascar,1998,titanium ores and concentrates,0,USGS
Madagascar,1999,ilmenite and leucoxene,0,USGS
Madagascar,1999,titanium ores and concentrates,0,USGS
Madagascar,2000,ilmenite and leucoxene,0,USGS
Madagascar,2000,titanium ores and concentrates,0,USGS
Madagascar,2001,ilmenite and leucoxene,0,USGS
Madagascar,2001,titanium ores and concentrates,0,USGS
Madagascar,2002,ilmenite and leucoxene,0,USGS
Madagascar,2002,titanium ores and concentrates,0,USGS
Madagascar,2003,ilmenite and leucoxene,0,USGS
Madagascar,2003,titanium ores and concentrates,0,USGS
Madagascar,2004,ilmenite and leucoxene,0,USGS
Madagascar,2004,titanium ores and concentrates,0,USGS
Madagascar,2005,ilmenite and leucoxene,0,USGS
Madagascar,2005,titanium ores and concentrates,0,USGS
Madagascar,2006,ilmenite and leucoxene,0,USGS
Madagascar,2006,titanium ores and concentrates,0,USGS
Madagascar,2007,ilmenite and leucoxene,0,USGS
Madagascar,2007,titanium ores and concentrates,0,USGS
Madagascar,2008,ilmenite and leucoxene,0,USGS
Madagascar,2008,titanium ores and concentrates,0,USGS
Madagascar,2009,ilmenite and leucoxene,160000,USGS
Madagascar,2009,titanium ores and concentrates,160000,USGS
Madagascar,2010,ilmenite and leucoxene,287000,USGS
Madagascar,2010,titanium ores and concentrates,287000,USGS
Madagascar,2011,ilmenite and leucoxene,521627,USGS
Madagascar,2011,titanium ores and concentrates,521627,USGS
Madagascar,2012,ilmenite and leucoxene,621000,USGS
Madagascar,2012,titanium ores and concentrates,621000,USGS
Madagascar,2013,ilmenite and leucoxene,530421,USGS
Madagascar,2013,titanium ores and concentrates,530421,USGS
Madagascar,2014,ilmenite and leucoxene,333736,USGS
Madagascar,2014,titanium ores and concentrates,333736,USGS
Madagascar,2015,ilmenite and leucoxene,166290,USGS
Madagascar,2015,titanium ores and concentrates,166290,USGS
Madagascar,2016,ilmenite and leucoxene,267962,USGS
Madagascar,2016,titanium ores and concentrates,267962,USGS
Madagascar,2017,ilmenite and leucoxene,469326,USGS
Madagascar,2017,titanium ores and concentrates,469326,USGS
Madagascar,2018,ilmenite and leucoxene,381924,USGS
Madagascar,2018,titanium ores and concentrates,381924,USGS
Madagascar,2019,ilmenite and leucoxene,448185,USGS
Madagascar,2019,titanium ores and concentrates,448185,USGS
Madagascar,2020,ilmenite and leucoxene,499768,USGS
Madagascar,2020,titanium ores and concentrates,499768,USGS
Madagascar,2021,ilmenite and leucoxene,620000,USGS
Madagascar,2021,titanium ores and concentrates,620000,USGS
Madagascar,2022,ilmenite and leucoxene,530000,USGS
Madagascar,2022,titanium ores and concentrates,530000,USGS
Malaysia,1950,ilmenite and leucoxene,27905,USGS
Malaysia,1950,rutile,0,USGS
Malaysia,1950,titanium ores and concentrates,27905,USGS
Malaysia,1951,ilmenite and leucoxene,48712,USGS
Malaysia,1951,rutile,0,USGS
Malaysia,1951,titanium ores and concentrates,48712,USGS
Malaysia,1952,ilmenite and leucoxene,24302,USGS
Malaysia,1952,rutile,0,USGS
Malaysia,1952,titanium ores and concentrates,24302,USGS
Malaysia,1953,ilmenite and leucoxene,29758,USGS
Malaysia,1953,rutile,0,USGS
Malaysia,1953,titanium ores and concentrates,29758,USGS
Malaysia,1954,ilmenite and leucoxene,50114,USGS
Malaysia,1954,rutile,0,USGS
Malaysia,1954,titanium ores and concentrates,50114,USGS
Malaysia,1955,ilmenite and leucoxene,60340,USGS
Malaysia,1955,rutile,0,USGS
Malaysia,1955,titanium ores and concentrates,60340,USGS
Malaysia,1956,ilmenite and leucoxene,136837,USGS
Malaysia,1956,rutile,0,USGS
Malaysia,1956,titanium ores and concentrates,136837,USGS
Malaysia,1957,ilmenite and leucoxene,102742,USGS
Malaysia,1957,rutile,0,USGS
Malaysia,1957,titanium ores and concentrates,102742,USGS
Malaysia,1958,ilmenite and leucoxene,83806,USGS
Malaysia,1958,rutile,0,USGS
Malaysia,1958,titanium ores and concentrates,83806,USGS
Malaysia,1959,ilmenite and leucoxene,81593,USGS
Malaysia,1959,rutile,0,USGS
Malaysia,1959,titanium ores and concentrates,81593,USGS
Malaysia,1960,ilmenite and leucoxene,132255,USGS
Malaysia,1960,rutile,0,USGS
Malaysia,1960,titanium ores and concentrates,132255,USGS
Malaysia,1961,ilmenite and leucoxene,119693,USGS
Malaysia,1961,rutile,0,USGS
Malaysia,1961,titanium ores and concentrates,119693,USGS
Malaysia,1962,ilmenite and leucoxene,113856,USGS
Malaysia,1962,rutile,0,USGS
Malaysia,1962,titanium ores and concentrates,113856,USGS
Malaysia,1963,ilmenite and leucoxene,164656,USGS
Malaysia,1963,rutile,0,USGS
Malaysia,1963,titanium ores and concentrates,164656,USGS
Malaysia,1964,ilmenite and leucoxene,144774,USGS
Malaysia,1964,rutile,0,USGS
Malaysia,1964,titanium ores and concentrates,144774,USGS
Malaysia,1965,ilmenite and leucoxene,136154,USGS
Malaysia,1965,rutile,0,USGS
Malaysia,1965,titanium ores and concentrates,136154,USGS
Malaysia,1966,ilmenite and leucoxene,130364,USGS
Malaysia,1966,rutile,0,USGS
Malaysia,1966,titanium ores and concentrates,130364,USGS
Malaysia,1967,ilmenite and leucoxene,100096,USGS
Malaysia,1967,rutile,0,USGS
Malaysia,1967,titanium ores and concentrates,100096,USGS
Malaysia,1968,ilmenite and leucoxene,138698,USGS
Malaysia,1968,rutile,0,USGS
Malaysia,1968,titanium ores and concentrates,138698,USGS
Malaysia,1969,ilmenite and leucoxene,146197,USGS
Malaysia,1969,rutile,0,USGS
Malaysia,1969,titanium ores and concentrates,146197,USGS
Malaysia,1970,ilmenite and leucoxene,212145,USGS
Malaysia,1970,rutile,0,USGS
Malaysia,1970,titanium ores and concentrates,212145,USGS
Malaysia,1971,ilmenite and leucoxene,171941,USGS
Malaysia,1971,rutile,0,USGS
Malaysia,1971,titanium ores and concentrates,171941,USGS
Malaysia,1972,ilmenite and leucoxene,170110,USGS
Malaysia,1972,rutile,0,USGS
Malaysia,1972,titanium ores and concentrates,170110,USGS
Malaysia,1973,ilmenite and leucoxene,204384,USGS
Malaysia,1973,rutile,0,USGS
Malaysia,1973,titanium ores and concentrates,204384,USGS
Malaysia,1974,ilmenite and leucoxene,169238,USGS
Malaysia,1974,rutile,0,USGS
Malaysia,1974,titanium ores and concentrates,169238,USGS
Malaysia,1975,ilmenite and leucoxene,123732,USGS
Malaysia,1975,rutile,0,USGS
Malaysia,1975,titanium ores and concentrates,123732,USGS
Malaysia,1976,ilmenite and leucoxene,198410,USGS
Malaysia,1976,rutile,0,USGS
Malaysia,1976,titanium ores and concentrates,198410,USGS
Malaysia,1977,ilmenite and leucoxene,169388,USGS
Malaysia,1977,rutile,0,USGS
Malaysia,1977,titanium ores and concentrates,169388,USGS
Malaysia,1978,ilmenite and leucoxene,205929,USGS
Malaysia,1978,rutile,0,USGS
Malaysia,1978,titanium ores and concentrates,205929,USGS
Malaysia,1979,ilmenite and leucoxene,220262,USGS
Malaysia,1979,rutile,0,USGS
Malaysia,1979,titanium ores and concentrates,220262,USGS
Malaysia,1980,ilmenite and leucoxene,208470,USGS
Malaysia,1980,rutile,0,USGS
Malaysia,1980,titanium ores and concentrates,208470,USGS
Malaysia,1981,ilmenite and leucoxene,190432,USGS
Malaysia,1981,rutile,0,USGS
Malaysia,1981,titanium ores and concentrates,190432,USGS
Malaysia,1982,ilmenite and leucoxene,111556,USGS
Malaysia,1982,rutile,0,USGS
Malaysia,1982,titanium ores and concentrates,111556,USGS
Malaysia,1983,ilmenite and leucoxene,245498,USGS
Malaysia,1983,rutile,0,USGS
Malaysia,1983,titanium ores and concentrates,245498,USGS
Malaysia,1984,ilmenite and leucoxene,295959,USGS
Malaysia,1984,rutile,0,USGS
Malaysia,1984,titanium ores and concentrates,295959,USGS
Malaysia,1985,ilmenite and leucoxene,314736,USGS
Malaysia,1985,rutile,0,USGS
Malaysia,1985,titanium ores and concentrates,314736,USGS
Malaysia,1986,ilmenite and leucoxene,414941,USGS
Malaysia,1986,rutile,0,USGS
Malaysia,1986,titanium ores and concentrates,414941,USGS
Malaysia,1987,ilmenite and leucoxene,509202,USGS
Malaysia,1987,rutile,0,USGS
Malaysia,1987,titanium ores and concentrates,509202,USGS
Malaysia,1988,ilmenite and leucoxene,486305,USGS
Malaysia,1988,rutile,0,USGS
Malaysia,1988,titanium ores and concentrates,486305,USGS
Malaysia,1989,ilmenite and leucoxene,533657,USGS
Malaysia,1989,rutile,0,USGS
Malaysia,1989,titanium ores and concentrates,533657,USGS
Malaysia,1990,ilmenite and leucoxene,330000,USGS
Malaysia,1990,rutile,0,USGS
Malaysia,1990,titanium ores and concentrates,330000,USGS
Malaysia,1991,ilmenite and leucoxene,336347,USGS
Malaysia,1991,rutile,0,USGS
Malaysia,1991,titanium ores and concentrates,336347,USGS
Malaysia,1992,ilmenite and leucoxene,337744,USGS
Malaysia,1992,rutile,0,USGS
Malaysia,1992,titanium ores and concentrates,337744,USGS
Malaysia,1993,ilmenite and leucoxene,278950,USGS
Malaysia,1993,rutile,0,USGS
Malaysia,1993,titanium ores and concentrates,278950,USGS
Malaysia,1994,ilmenite and leucoxene,116696,USGS
Malaysia,1994,rutile,0,USGS
Malaysia,1994,titanium ores and concentrates,116696,USGS
Malaysia,1995,ilmenite and leucoxene,151680,USGS
Malaysia,1995,rutile,0,USGS
Malaysia,1995,titanium ores and concentrates,151680,USGS
Malaysia,1996,ilmenite and leucoxene,244642,USGS
Malaysia,1996,rutile,0,USGS
Malaysia,1996,titanium ores and concentrates,244642,USGS
Malaysia,1997,ilmenite and leucoxene,167504,USGS
Malaysia,1997,rutile,0,USGS
Malaysia,1997,titanium ores and concentrates,167504,USGS
Malaysia,1998,ilmenite and leucoxene,124689,USGS
Malaysia,1998,rutile,0,USGS
Malaysia,1998,titanium ores and concentrates,124689,USGS
Malaysia,1999,ilmenite and leucoxene,127695,USGS
Malaysia,1999,rutile,0,USGS
Malaysia,1999,titanium ores and concentrates,127695,USGS
Malaysia,2000,ilmenite and leucoxene,124801,USGS
Malaysia,2000,rutile,0,USGS
Malaysia,2000,titanium ores and concentrates,124801,USGS
Malaysia,2001,ilmenite and leucoxene,129750,USGS
Malaysia,2001,rutile,0,USGS
Malaysia,2001,titanium ores and concentrates,129750,USGS
Malaysia,2002,ilmenite and leucoxene,106046,USGS
Malaysia,2002,rutile,0,USGS
Malaysia,2002,titanium ores and concentrates,106046,USGS
Malaysia,2003,ilmenite and leucoxene,95148,USGS
Malaysia,2003,rutile,0,USGS
Malaysia,2003,titanium ores and concentrates,95148,USGS
Malaysia,2004,ilmenite and leucoxene,61471,USGS
Malaysia,2004,rutile,0,USGS
Malaysia,2004,titanium ores and concentrates,61471,USGS
Malaysia,2005,ilmenite and leucoxene,38196,USGS
Malaysia,2005,rutile,0,USGS
Malaysia,2005,titanium ores and concentrates,38196,USGS
Malaysia,2006,ilmenite and leucoxene,45649,USGS
Malaysia,2006,rutile,1450,USGS
Malaysia,2006,titanium ores and concentrates,47099,USGS
Malaysia,2007,ilmenite and leucoxene,60250,USGS
Malaysia,2007,rutile,1450,USGS
Malaysia,2007,titanium ores and concentrates,61700,USGS
Malaysia,2008,ilmenite and leucoxene,36779,USGS
Malaysia,2008,rutile,1834,USGS
Malaysia,2008,titanium ores and concentrates,38613,USGS
Malaysia,2009,ilmenite and leucoxene,15983,USGS
Malaysia,2009,rutile,1502,USGS
Malaysia,2009,titanium ores and concentrates,17485,USGS
Malaysia,2010,ilmenite and leucoxene,19036,USGS
Malaysia,2010,rutile,7567,USGS
Malaysia,2010,titanium ores and concentrates,26603,USGS
Malaysia,2011,ilmenite and leucoxene,28782,USGS
Malaysia,2011,rutile,10810,USGS
Malaysia,2011,titanium ores and concentrates,39592,USGS
Malaysia,2012,ilmenite and leucoxene,22300,USGS
Malaysia,2012,rutile,20000,USGS
Malaysia,2012,titanium ores and concentrates,42300,USGS
Malaysia,2013,ilmenite and leucoxene,16043,USGS
Malaysia,2013,rutile,5983,USGS
Malaysia,2013,titanium ores and concentrates,22026,USGS
Malaysia,2014,ilmenite and leucoxene,8159,USGS
Malaysia,2014,rutile,3069,USGS
Malaysia,2014,titanium ores and concentrates,11228,USGS
Malaysia,2015,ilmenite and leucoxene,5814,USGS
Malaysia,2015,rutile,198,USGS
Malaysia,2015,titanium ores and concentrates,6012,USGS
Malaysia,2016,ilmenite and leucoxene,4316,USGS
Malaysia,2016,rutile,3810,USGS
Malaysia,2016,titanium ores and concentrates,8126,USGS
Malaysia,2017,ilmenite and leucoxene,6363,USGS
Malaysia,2017,rutile,5266,USGS
Malaysia,2017,titanium ores and concentrates,11629,USGS
Malaysia,2018,ilmenite and leucoxene,14158,USGS
Malaysia,2018,rutile,5070,USGS
Malaysia,2018,titanium ores and concentrates,19228,USGS
Malaysia,2019,ilmenite and leucoxene,2334,USGS
Malaysia,2019,rutile,5947,USGS
Malaysia,2019,titanium ores and concentrates,8281,USGS
Malaysia,2020,ilmenite and leucoxene,2548,USGS
Malaysia,2020,rutile,5136,USGS
Malaysia,2020,titanium ores and concentrates,7684,USGS
Malaysia,2021,ilmenite and leucoxene,4600,USGS
Malaysia,2021,rutile,5400,USGS
Malaysia,2021,titanium ores and concentrates,10000,USGS
Malaysia,2022,ilmenite and leucoxene,24093,USGS
Malaysia,2022,rutile,5000,USGS
Malaysia,2022,titanium ores and concentrates,29093,USGS
Mexico,1950,ilmenite and leucoxene,0,USGS
Mexico,1950,leucoxene,0,USGS
Mexico,1950,titanium ores and concentrates,0,USGS
Mexico,1951,ilmenite and leucoxene,0,USGS
Mexico,1951,leucoxene,0,USGS
Mexico,1951,titanium ores and concentrates,0,USGS
Mexico,1952,ilmenite and leucoxene,0,USGS
Mexico,1952,leucoxene,0,USGS
Mexico,1952,titanium ores and concentrates,0,USGS
Mexico,1953,ilmenite and leucoxene,0,USGS
Mexico,1953,leucoxene,0,USGS
Mexico,1953,titanium ores and concentrates,0,USGS
Mexico,1954,ilmenite and leucoxene,0,USGS
Mexico,1954,leucoxene,0,USGS
Mexico,1954,titanium ores and concentrates,0,USGS
Mexico,1955,ilmenite and leucoxene,0,USGS
Mexico,1955,leucoxene,0,USGS
Mexico,1955,titanium ores and concentrates,0,USGS
Mexico,1956,ilmenite and leucoxene,0,USGS
Mexico,1956,leucoxene,0,USGS
Mexico,1956,titanium ores and concentrates,0,USGS
Mexico,1957,ilmenite and leucoxene,0,USGS
Mexico,1957,leucoxene,0,USGS
Mexico,1957,titanium ores and concentrates,0,USGS
Mexico,1958,ilmenite and leucoxene,166,USGS
Mexico,1958,leucoxene,0,USGS
Mexico,1958,titanium ores and concentrates,0,USGS
Mexico,1959,ilmenite and leucoxene,0,USGS
Mexico,1959,leucoxene,0,USGS
Mexico,1959,titanium ores and concentrates,0,USGS
Mexico,1960,ilmenite and leucoxene,0,USGS
Mexico,1960,leucoxene,0,USGS
Mexico,1960,titanium ores and concentrates,0,USGS
Mexico,1961,ilmenite and leucoxene,0,USGS
Mexico,1961,leucoxene,0,USGS
Mexico,1961,titanium ores and concentrates,0,USGS
Mexico,1962,ilmenite and leucoxene,0,USGS
Mexico,1962,leucoxene,0,USGS
Mexico,1962,titanium ores and concentrates,0,USGS
Mexico,1963,ilmenite and leucoxene,155,USGS
Mexico,1963,leucoxene,155,USGS
Mexico,1963,titanium ores and concentrates,155,USGS
Mexico,1964,ilmenite and leucoxene,0,USGS
Mexico,1964,leucoxene,0,USGS
Mexico,1964,titanium ores and concentrates,0,USGS
Mexico,1965,ilmenite and leucoxene,0,USGS
Mexico,1965,leucoxene,0,USGS
Mexico,1965,titanium ores and concentrates,0,USGS
Mexico,1966,ilmenite and leucoxene,0,USGS
Mexico,1966,leucoxene,0,USGS
Mexico,1966,titanium ores and concentrates,0,USGS
Mexico,1967,ilmenite and leucoxene,0,USGS
Mexico,1967,leucoxene,0,USGS
Mexico,1967,titanium ores and concentrates,0,USGS
Mexico,1968,ilmenite and leucoxene,0,USGS
Mexico,1968,leucoxene,0,USGS
Mexico,1968,titanium ores and concentrates,0,USGS
Mexico,1969,ilmenite and leucoxene,0,USGS
Mexico,1969,leucoxene,0,USGS
Mexico,1969,titanium ores and concentrates,0,USGS
Mexico,1970,ilmenite and leucoxene,0,USGS
Mexico,1970,leucoxene,0,USGS
Mexico,1970,titanium ores and concentrates,0,USGS
Mexico,1971,ilmenite and leucoxene,0,USGS
Mexico,1971,leucoxene,0,USGS
Mexico,1971,titanium ores and concentrates,0,USGS
Mexico,1972,ilmenite and leucoxene,0,USGS
Mexico,1972,leucoxene,0,USGS
Mexico,1972,titanium ores and concentrates,0,USGS
Mexico,1973,ilmenite and leucoxene,0,USGS
Mexico,1973,leucoxene,0,USGS
Mexico,1973,titanium ores and concentrates,0,USGS
Mexico,1974,ilmenite and leucoxene,0,USGS
Mexico,1974,leucoxene,0,USGS
Mexico,1974,titanium ores and concentrates,0,USGS
Mexico,1975,ilmenite and leucoxene,0,USGS
Mexico,1975,leucoxene,0,USGS
Mexico,1975,titanium ores and concentrates,0,USGS
Mexico,1976,ilmenite and leucoxene,0,USGS
Mexico,1976,leucoxene,0,USGS
Mexico,1976,titanium ores and concentrates,0,USGS
Mexico,1977,ilmenite and leucoxene,0,USGS
Mexico,1977,leucoxene,0,USGS
Mexico,1977,titanium ores and concentrates,0,USGS
Mexico,1978,ilmenite and leucoxene,0,USGS
Mexico,1978,leucoxene,0,USGS
Mexico,1978,titanium ores and concentrates,0,USGS
Mexico,1979,ilmenite and leucoxene,0,USGS
Mexico,1979,leucoxene,0,USGS
Mexico,1979,titanium ores and concentrates,0,USGS
Mexico,1980,ilmenite and leucoxene,0,USGS
Mexico,1980,leucoxene,0,USGS
Mexico,1980,titanium ores and concentrates,0,USGS
Mexico,1981,ilmenite and leucoxene,0,USGS
Mexico,1981,leucoxene,0,USGS
Mexico,1981,titanium ores and concentrates,0,USGS
Mexico,1982,ilmenite and leucoxene,0,USGS
Mexico,1982,leucoxene,0,USGS
Mexico,1982,titanium ores and concentrates,0,USGS
Mexico,1983,ilmenite and leucoxene,0,USGS
Mexico,1983,leucoxene,0,USGS
Mexico,1983,titanium ores and concentrates,0,USGS
Mexico,1984,ilmenite and leucoxene,0,USGS
Mexico,1984,leucoxene,0,USGS
Mexico,1984,titanium ores and concentrates,0,USGS
Mexico,1985,ilmenite and leucoxene,0,USGS
Mexico,1985,leucoxene,0,USGS
Mexico,1985,titanium ores and concentrates,0,USGS
Mexico,1986,ilmenite and leucoxene,0,USGS
Mexico,1986,leucoxene,0,USGS
Mexico,1986,titanium ores and concentrates,0,USGS
Mexico,1987,ilmenite and leucoxene,0,USGS
Mexico,1987,leucoxene,0,USGS
Mexico,1987,titanium ores and concentrates,0,USGS
Mexico,1988,ilmenite and leucoxene,0,USGS
Mexico,1988,leucoxene,0,USGS
Mexico,1988,titanium ores and concentrates,0,USGS
Mexico,1989,ilmenite and leucoxene,0,USGS
Mexico,1989,leucoxene,0,USGS
Mexico,1989,titanium ores and concentrates,0,USGS
Mexico,1990,ilmenite and leucoxene,0,USGS
Mexico,1990,leucoxene,0,USGS
Mexico,1990,titanium ores and concentrates,0,USGS
Mexico,1991,ilmenite and leucoxene,0,USGS
Mexico,1991,leucoxene,0,USGS
Mexico,1991,titanium ores and concentrates,0,USGS
Mexico,1992,ilmenite and leucoxene,0,USGS
Mexico,1992,leucoxene,0,USGS
Mexico,1992,titanium ores and concentrates,0,USGS
Mexico,1993,ilmenite and leucoxene,0,USGS
Mexico,1993,leucoxene,0,USGS
Mexico,1993,titanium ores and concentrates,0,USGS
Mexico,1994,ilmenite and leucoxene,0,USGS
Mexico,1994,leucoxene,0,USGS
Mexico,1994,titanium ores and concentrates,0,USGS
Mexico,1995,ilmenite and leucoxene,0,USGS
Mexico,1995,leucoxene,0,USGS
Mexico,1995,titanium ores and concentrates,0,USGS
Mexico,1996,ilmenite and leucoxene,0,USGS
Mexico,1996,leucoxene,0,USGS
Mexico,1996,titanium ores and concentrates,0,USGS
Mexico,1997,ilmenite and leucoxene,0,USGS
Mexico,1997,leucoxene,0,USGS
Mexico,1997,titanium ores and concentrates,0,USGS
Mexico,1998,ilmenite and leucoxene,0,USGS
Mexico,1998,leucoxene,0,USGS
Mexico,1998,titanium ores and concentrates,0,USGS
Mexico,1999,ilmenite and leucoxene,0,USGS
Mexico,1999,leucoxene,0,USGS
Mexico,1999,titanium ores and concentrates,0,USGS
Mexico,2000,ilmenite and leucoxene,0,USGS
Mexico,2000,leucoxene,0,USGS
Mexico,2000,titanium ores and concentrates,0,USGS
Mexico,2001,ilmenite and leucoxene,0,USGS
Mexico,2001,leucoxene,0,USGS
Mexico,2001,titanium ores and concentrates,0,USGS
Mexico,2002,ilmenite and leucoxene,0,USGS
Mexico,2002,leucoxene,0,USGS
Mexico,2002,titanium ores and concentrates,0,USGS
Mexico,2003,ilmenite and leucoxene,0,USGS
Mexico,2003,leucoxene,0,USGS
Mexico,2003,titanium ores and concentrates,0,USGS
Mexico,2004,ilmenite and leucoxene,0,USGS
Mexico,2004,leucoxene,0,USGS
Mexico,2004,titanium ores and concentrates,0,USGS
Mexico,2005,ilmenite and leucoxene,0,USGS
Mexico,2005,leucoxene,0,USGS
Mexico,2005,titanium ores and concentrates,0,USGS
Mexico,2006,ilmenite and leucoxene,0,USGS
Mexico,2006,leucoxene,0,USGS
Mexico,2006,titanium ores and concentrates,0,USGS
Mexico,2007,ilmenite and leucoxene,0,USGS
Mexico,2007,leucoxene,0,USGS
Mexico,2007,titanium ores and concentrates,0,USGS
Mexico,2008,ilmenite and leucoxene,0,USGS
Mexico,2008,leucoxene,0,USGS
Mexico,2008,titanium ores and concentrates,0,USGS
Mexico,2009,ilmenite and leucoxene,0,USGS
Mexico,2009,leucoxene,0,USGS
Mexico,2009,titanium ores and concentrates,0,USGS
Mexico,2010,ilmenite and leucoxene,0,USGS
Mexico,2010,leucoxene,0,USGS
Mexico,2010,titanium ores and concentrates,0,USGS
Mexico,2011,ilmenite and leucoxene,0,USGS
Mexico,2011,leucoxene,0,USGS
Mexico,2011,titanium ores and concentrates,0,USGS
Mexico,2012,ilmenite and leucoxene,0,USGS
Mexico,2012,leucoxene,0,USGS
Mexico,2012,titanium ores and concentrates,0,USGS
Mexico,2013,ilmenite and leucoxene,0,USGS
Mexico,2013,leucoxene,0,USGS
Mexico,2013,titanium ores and concentrates,0,USGS
Mexico,2014,ilmenite and leucoxene,0,USGS
Mexico,2014,leucoxene,0,USGS
Mexico,2014,titanium ores and concentrates,0,USGS
Mexico,2015,ilmenite and leucoxene,0,USGS
Mexico,2015,leucoxene,0,USGS
Mexico,2015,titanium ores and concentrates,0,USGS
Mexico,2016,ilmenite and leucoxene,0,USGS
Mexico,2016,leucoxene,0,USGS
Mexico,2016,titanium ores and concentrates,0,USGS
Mexico,2017,ilmenite and leucoxene,0,USGS
Mexico,2017,leucoxene,0,USGS
Mexico,2017,titanium ores and concentrates,0,USGS
Mexico,2018,ilmenite and leucoxene,0,USGS
Mexico,2018,leucoxene,0,USGS
Mexico,2018,titanium ores and concentrates,0,USGS
Mexico,2019,ilmenite and leucoxene,0,USGS
Mexico,2019,leucoxene,0,USGS
Mexico,2019,titanium ores and concentrates,0,USGS
Mexico,2020,ilmenite and leucoxene,0,USGS
Mexico,2020,leucoxene,0,USGS
Mexico,2020,titanium ores and concentrates,0,USGS
Mexico,2021,ilmenite and leucoxene,0,USGS
Mexico,2021,leucoxene,0,USGS
Mexico,2021,titanium ores and concentrates,0,USGS
Mexico,2022,ilmenite and leucoxene,0,USGS
Mexico,2022,leucoxene,0,USGS
Mexico,2022,titanium ores and concentrates,0,USGS
Mozambique,1950,ilmenite and leucoxene,0,USGS
Mozambique,1950,rutile,0,USGS
Mozambique,1950,titanium ores and concentrates,0,USGS
Mozambique,1951,ilmenite and leucoxene,0,USGS
Mozambique,1951,rutile,0,USGS
Mozambique,1951,titanium ores and concentrates,0,USGS
Mozambique,1952,ilmenite and leucoxene,0,USGS
Mozambique,1952,rutile,0,USGS
Mozambique,1952,titanium ores and concentrates,0,USGS
Mozambique,1953,ilmenite and leucoxene,0,USGS
Mozambique,1953,rutile,0,USGS
Mozambique,1953,titanium ores and concentrates,0,USGS
Mozambique,1954,ilmenite and leucoxene,0,USGS
Mozambique,1954,rutile,0,USGS
Mozambique,1954,titanium ores and concentrates,0,USGS
Mozambique,1955,ilmenite and leucoxene,0,USGS
Mozambique,1955,rutile,0,USGS
Mozambique,1955,titanium ores and concentrates,0,USGS
Mozambique,1956,ilmenite and leucoxene,0,USGS
Mozambique,1956,rutile,0,USGS
Mozambique,1956,titanium ores and concentrates,0,USGS
Mozambique,1957,ilmenite and leucoxene,0,USGS
Mozambique,1957,rutile,0,USGS
Mozambique,1957,titanium ores and concentrates,0,USGS
Mozambique,1958,ilmenite and leucoxene,0,USGS
Mozambique,1958,rutile,0,USGS
Mozambique,1958,titanium ores and concentrates,0,USGS
Mozambique,1959,ilmenite and leucoxene,11400,USGS
Mozambique,1959,rutile,0,USGS
Mozambique,1959,titanium ores and concentrates,11400,USGS
Mozambique,1960,ilmenite and leucoxene,784,USGS
Mozambique,1960,rutile,0,USGS
Mozambique,1960,titanium ores and concentrates,784,USGS
Mozambique,1961,ilmenite and leucoxene,0,USGS
Mozambique,1961,rutile,0,USGS
Mozambique,1961,titanium ores and concentrates,0,USGS
Mozambique,1962,ilmenite and leucoxene,0,USGS
Mozambique,1962,rutile,0,USGS
Mozambique,1962,titanium ores and concentrates,0,USGS
Mozambique,1963,ilmenite and leucoxene,0,USGS
Mozambique,1963,rutile,0,USGS
Mozambique,1963,titanium ores and concentrates,0,USGS
Mozambique,1964,ilmenite and leucoxene,0,USGS
Mozambique,1964,rutile,0,USGS
Mozambique,1964,titanium ores and concentrates,0,USGS
Mozambique,1965,ilmenite and leucoxene,0,USGS
Mozambique,1965,rutile,0,USGS
Mozambique,1965,titanium ores and concentrates,0,USGS
Mozambique,1966,ilmenite and leucoxene,0,USGS
Mozambique,1966,rutile,0,USGS
Mozambique,1966,titanium ores and concentrates,0,USGS
Mozambique,1967,ilmenite and leucoxene,0,USGS
Mozambique,1967,rutile,0,USGS
Mozambique,1967,titanium ores and concentrates,0,USGS
Mozambique,1968,ilmenite and leucoxene,0,USGS
Mozambique,1968,rutile,0,USGS
Mozambique,1968,titanium ores and concentrates,0,USGS
Mozambique,1969,ilmenite and leucoxene,0,USGS
Mozambique,1969,rutile,0,USGS
Mozambique,1969,titanium ores and concentrates,0,USGS
Mozambique,1970,ilmenite and leucoxene,0,USGS
Mozambique,1970,rutile,0,USGS
Mozambique,1970,titanium ores and concentrates,0,USGS
Mozambique,1971,ilmenite and leucoxene,0,USGS
Mozambique,1971,rutile,0,USGS
Mozambique,1971,titanium ores and concentrates,0,USGS
Mozambique,1972,ilmenite and leucoxene,0,USGS
Mozambique,1972,rutile,0,USGS
Mozambique,1972,titanium ores and concentrates,0,USGS
Mozambique,1973,ilmenite and leucoxene,0,USGS
Mozambique,1973,rutile,0,USGS
Mozambique,1973,titanium ores and concentrates,0,USGS
Mozambique,1974,ilmenite and leucoxene,0,USGS
Mozambique,1974,rutile,0,USGS
Mozambique,1974,titanium ores and concentrates,0,USGS
Mozambique,1975,ilmenite and leucoxene,0,USGS
Mozambique,1975,rutile,0,USGS
Mozambique,1975,titanium ores and concentrates,0,USGS
Mozambique,1976,ilmenite and leucoxene,0,USGS
Mozambique,1976,rutile,0,USGS
Mozambique,1976,titanium ores and concentrates,0,USGS
Mozambique,1977,ilmenite and leucoxene,0,USGS
Mozambique,1977,rutile,0,USGS
Mozambique,1977,titanium ores and concentrates,0,USGS
Mozambique,1978,ilmenite and leucoxene,0,USGS
Mozambique,1978,rutile,0,USGS
Mozambique,1978,titanium ores and concentrates,0,USGS
Mozambique,1979,ilmenite and leucoxene,0,USGS
Mozambique,1979,rutile,0,USGS
Mozambique,1979,titanium ores and concentrates,0,USGS
Mozambique,1980,ilmenite and leucoxene,0,USGS
Mozambique,1980,rutile,0,USGS
Mozambique,1980,titanium ores and concentrates,0,USGS
Mozambique,1981,ilmenite and leucoxene,0,USGS
Mozambique,1981,rutile,0,USGS
Mozambique,1981,titanium ores and concentrates,0,USGS
Mozambique,1982,ilmenite and leucoxene,0,USGS
Mozambique,1982,rutile,0,USGS
Mozambique,1982,titanium ores and concentrates,0,USGS
Mozambique,1983,ilmenite and leucoxene,0,USGS
Mozambique,1983,rutile,0,USGS
Mozambique,1983,titanium ores and concentrates,0,USGS
Mozambique,1984,ilmenite and leucoxene,0,USGS
Mozambique,1984,rutile,0,USGS
Mozambique,1984,titanium ores and concentrates,0,USGS
Mozambique,1985,ilmenite and leucoxene,0,USGS
Mozambique,1985,rutile,0,USGS
Mozambique,1985,titanium ores and concentrates,0,USGS
Mozambique,1986,ilmenite and leucoxene,0,USGS
Mozambique,1986,rutile,0,USGS
Mozambique,1986,titanium ores and concentrates,0,USGS
Mozambique,1987,ilmenite and leucoxene,0,USGS
Mozambique,1987,rutile,0,USGS
Mozambique,1987,titanium ores and concentrates,0,USGS
Mozambique,1988,ilmenite and leucoxene,0,USGS
Mozambique,1988,rutile,0,USGS
Mozambique,1988,titanium ores and concentrates,0,USGS
Mozambique,1989,ilmenite and leucoxene,0,USGS
Mozambique,1989,rutile,0,USGS
Mozambique,1989,titanium ores and concentrates,0,USGS
Mozambique,1990,ilmenite and leucoxene,0,USGS
Mozambique,1990,rutile,0,USGS
Mozambique,1990,titanium ores and concentrates,0,USGS
Mozambique,1991,ilmenite and leucoxene,0,USGS
Mozambique,1991,rutile,0,USGS
Mozambique,1991,titanium ores and concentrates,0,USGS
Mozambique,1992,ilmenite and leucoxene,0,USGS
Mozambique,1992,rutile,0,USGS
Mozambique,1992,titanium ores and concentrates,0,USGS
Mozambique,1993,ilmenite and leucoxene,0,USGS
Mozambique,1993,rutile,0,USGS
Mozambique,1993,titanium ores and concentrates,0,USGS
Mozambique,1994,ilmenite and leucoxene,0,USGS
Mozambique,1994,rutile,0,USGS
Mozambique,1994,titanium ores and concentrates,0,USGS
Mozambique,1995,ilmenite and leucoxene,0,USGS
Mozambique,1995,rutile,0,USGS
Mozambique,1995,titanium ores and concentrates,0,USGS
Mozambique,1996,ilmenite and leucoxene,0,USGS
Mozambique,1996,rutile,0,USGS
Mozambique,1996,titanium ores and concentrates,0,USGS
Mozambique,1997,ilmenite and leucoxene,0,USGS
Mozambique,1997,rutile,0,USGS
Mozambique,1997,titanium ores and concentrates,0,USGS
Mozambique,1998,ilmenite and leucoxene,0,USGS
Mozambique,1998,rutile,0,USGS
Mozambique,1998,titanium ores and concentrates,0,USGS
Mozambique,1999,ilmenite and leucoxene,0,USGS
Mozambique,1999,rutile,0,USGS
Mozambique,1999,titanium ores and concentrates,0,USGS
Mozambique,2000,ilmenite and leucoxene,0,USGS
Mozambique,2000,rutile,0,USGS
Mozambique,2000,titanium ores and concentrates,0,USGS
Mozambique,2001,ilmenite and leucoxene,0,USGS
Mozambique,2001,rutile,0,USGS
Mozambique,2001,titanium ores and concentrates,0,USGS
Mozambique,2002,ilmenite and leucoxene,0,USGS
Mozambique,2002,rutile,0,USGS
Mozambique,2002,titanium ores and concentrates,0,USGS
Mozambique,2003,ilmenite and leucoxene,0,USGS
Mozambique,2003,rutile,0,USGS
Mozambique,2003,titanium ores and concentrates,0,USGS
Mozambique,2004,ilmenite and leucoxene,0,USGS
Mozambique,2004,rutile,0,USGS
Mozambique,2004,titanium ores and concentrates,0,USGS
Mozambique,2005,ilmenite and leucoxene,0,USGS
Mozambique,2005,rutile,0,USGS
Mozambique,2005,titanium ores and concentrates,0,USGS
Mozambique,2006,ilmenite and leucoxene,0,USGS
Mozambique,2006,rutile,0,USGS
Mozambique,2006,titanium ores and concentrates,0,USGS
Mozambique,2007,ilmenite and leucoxene,140515,USGS
Mozambique,2007,rutile,8782,USGS
Mozambique,2007,titanium ores and concentrates,149297,USGS
Mozambique,2008,ilmenite and leucoxene,328875,USGS
Mozambique,2008,rutile,6552,USGS
Mozambique,2008,titanium ores and concentrates,335427,USGS
Mozambique,2009,ilmenite and leucoxene,471524,USGS
Mozambique,2009,rutile,1800,USGS
Mozambique,2009,titanium ores and concentrates,473324,USGS
Mozambique,2010,ilmenite and leucoxene,678400,USGS
Mozambique,2010,rutile,4700,USGS
Mozambique,2010,titanium ores and concentrates,683100,USGS
Mozambique,2011,ilmenite and leucoxene,636800,USGS
Mozambique,2011,rutile,6455,USGS
Mozambique,2011,titanium ores and concentrates,643255,USGS
Mozambique,2012,ilmenite and leucoxene,574000,USGS
Mozambique,2012,rutile,4000,USGS
Mozambique,2012,titanium ores and concentrates,578000,USGS
Mozambique,2013,ilmenite and leucoxene,780000,USGS
Mozambique,2013,rutile,4000,USGS
Mozambique,2013,titanium ores and concentrates,784000,USGS
Mozambique,2014,ilmenite and leucoxene,926800,USGS
Mozambique,2014,rutile,6100,USGS
Mozambique,2014,titanium ores and concentrates,932900,USGS
Mozambique,2015,ilmenite and leucoxene,828893,USGS
Mozambique,2015,rutile,5981,USGS
Mozambique,2015,titanium ores and concentrates,834874,USGS
Mozambique,2016,ilmenite and leucoxene,1340330,USGS
Mozambique,2016,rutile,7781,USGS
Mozambique,2016,titanium ores and concentrates,1348111,USGS
Mozambique,2017,ilmenite and leucoxene,1197419,USGS
Mozambique,2017,rutile,9137,USGS
Mozambique,2017,titanium ores and concentrates,1206556,USGS
Mozambique,2018,ilmenite and leucoxene,1283075,USGS
Mozambique,2018,rutile,8830,USGS
Mozambique,2018,titanium ores and concentrates,1291905,USGS
Mozambique,2019,ilmenite and leucoxene,1442711,USGS
Mozambique,2019,rutile,8264,USGS
Mozambique,2019,titanium ores and concentrates,1450975,USGS
Mozambique,2020,ilmenite and leucoxene,1608011,USGS
Mozambique,2020,rutile,5958,USGS
Mozambique,2020,titanium ores and concentrates,1613969,USGS
Mozambique,2021,ilmenite and leucoxene,2071046,USGS
Mozambique,2021,rutile,8915,USGS
Mozambique,2021,titanium ores and concentrates,2079961,USGS
Mozambique,2022,ilmenite and leucoxene,2553269,USGS
Mozambique,2022,rutile,8869,USGS
Mozambique,2022,titanium ores and concentrates,2562138,USGS
Norway,1950,ilmenite,115908,USGS
Norway,1950,ilmenite and leucoxene,115908,USGS
Norway,1950,rutile,34,USGS
Norway,1950,titanium ores and concentrates,115942,USGS
Norway,1951,ilmenite,116139,USGS
Norway,1951,ilmenite and leucoxene,116139,USGS
Norway,1951,rutile,20,USGS
Norway,1951,titanium ores and concentrates,116159,USGS
Norway,1952,ilmenite,130370,USGS
Norway,1952,ilmenite and leucoxene,130370,USGS
Norway,1952,rutile,47,USGS
Norway,1952,titanium ores and concentrates,130417,USGS
Norway,1953,ilmenite,141220,USGS
Norway,1953,ilmenite and leucoxene,141220,USGS
Norway,1953,rutile,3,USGS
Norway,1953,titanium ores and concentrates,141223,USGS
Norway,1954,ilmenite,164448,USGS
Norway,1954,ilmenite and leucoxene,164448,USGS
Norway,1954,rutile,0,USGS
Norway,1954,titanium ores and concentrates,164448,USGS
Norway,1955,ilmenite,173981,USGS
Norway,1955,ilmenite and leucoxene,173981,USGS
Norway,1955,rutile,10,USGS
Norway,1955,titanium ores and concentrates,173991,USGS
Norway,1956,ilmenite,209990,USGS
Norway,1956,ilmenite and leucoxene,209990,USGS
Norway,1956,rutile,26,USGS
Norway,1956,titanium ores and concentrates,210016,USGS
Norway,1957,ilmenite,231693,USGS
Norway,1957,ilmenite and leucoxene,231693,USGS
Norway,1957,rutile,22,USGS
Norway,1957,titanium ores and concentrates,231715,USGS
Norway,1958,ilmenite,233585,USGS
Norway,1958,ilmenite and leucoxene,233585,USGS
Norway,1958,rutile,0,USGS
Norway,1958,titanium ores and concentrates,233585,USGS
Norway,1959,ilmenite,250206,USGS
Norway,1959,ilmenite and leucoxene,250206,USGS
Norway,1959,rutile,0,USGS
Norway,1959,titanium ores and concentrates,250206,USGS
Norway,1960,ilmenite,258542,USGS
Norway,1960,ilmenite and leucoxene,258542,USGS
Norway,1960,rutile,0,USGS
Norway,1960,titanium ores and concentrates,258542,USGS
Norway,1961,ilmenite,342723,USGS
Norway,1961,ilmenite and leucoxene,342723,USGS
Norway,1961,rutile,0,USGS
Norway,1961,titanium ores and concentrates,342723,USGS
Norway,1962,ilmenite,276788,USGS
Norway,1962,ilmenite and leucoxene,276788,USGS
Norway,1962,rutile,0,USGS
Norway,1962,titanium ores and concentrates,276788,USGS
Norway,1963,ilmenite,267040,USGS
Norway,1963,ilmenite and leucoxene,267040,USGS
Norway,1963,rutile,0,USGS
Norway,1963,titanium ores and concentrates,267040,USGS
Norway,1964,ilmenite,299854,USGS
Norway,1964,ilmenite and leucoxene,299854,USGS
Norway,1964,rutile,0,USGS
Norway,1964,titanium ores and concentrates,299854,USGS
Norway,1965,ilmenite,311017,USGS
Norway,1965,ilmenite and leucoxene,311017,USGS
Norway,1965,rutile,0,USGS
Norway,1965,titanium ores and concentrates,311017,USGS
Norway,1966,ilmenite,407553,USGS
Norway,1966,ilmenite and leucoxene,407553,USGS
Norway,1966,rutile,0,USGS
Norway,1966,titanium ores and concentrates,407553,USGS
Norway,1967,ilmenite,469096,USGS
Norway,1967,ilmenite and leucoxene,469096,USGS
Norway,1967,rutile,0,USGS
Norway,1967,titanium ores and concentrates,469096,USGS
Norway,1968,ilmenite,443366,USGS
Norway,1968,ilmenite and leucoxene,443366,USGS
Norway,1968,rutile,0,USGS
Norway,1968,titanium ores and concentrates,443366,USGS
Norway,1969,ilmenite,540945,USGS
Norway,1969,ilmenite and leucoxene,540945,USGS
Norway,1969,rutile,0,USGS
Norway,1969,titanium ores and concentrates,540945,USGS
Norway,1970,ilmenite,638193,USGS
Norway,1970,ilmenite and leucoxene,638193,USGS
Norway,1970,rutile,0,USGS
Norway,1970,titanium ores and concentrates,638193,USGS
Norway,1971,ilmenite,707198,USGS
Norway,1971,ilmenite and leucoxene,707198,USGS
Norway,1971,rutile,0,USGS
Norway,1971,titanium ores and concentrates,707198,USGS
Norway,1972,ilmenite,670730,USGS
Norway,1972,ilmenite and leucoxene,670730,USGS
Norway,1972,rutile,0,USGS
Norway,1972,titanium ores and concentrates,670730,USGS
Norway,1973,ilmenite,829967,USGS
Norway,1973,ilmenite and leucoxene,829967,USGS
Norway,1973,rutile,0,USGS
Norway,1973,titanium ores and concentrates,829967,USGS
Norway,1974,ilmenite,934911,USGS
Norway,1974,ilmenite and leucoxene,934911,USGS
Norway,1974,rutile,0,USGS
Norway,1974,titanium ores and concentrates,934911,USGS
Norway,1975,ilmenite,580549,USGS
Norway,1975,ilmenite and leucoxene,580549,USGS
Norway,1975,rutile,0,USGS
Norway,1975,titanium ores and concentrates,580549,USGS
Norway,1976,ilmenite,845101,USGS
Norway,1976,ilmenite and leucoxene,845101,USGS
Norway,1976,rutile,0,USGS
Norway,1976,titanium ores and concentrates,845101,USGS
Norway,1977,ilmenite,913267,USGS
Norway,1977,ilmenite and leucoxene,913267,USGS
Norway,1977,rutile,0,USGS
Norway,1977,titanium ores and concentrates,913267,USGS
Norway,1978,ilmenite,845461,USGS
Norway,1978,ilmenite and leucoxene,845461,USGS
Norway,1978,rutile,0,USGS
Norway,1978,titanium ores and concentrates,845461,USGS
Norway,1979,ilmenite,903690,USGS
Norway,1979,ilmenite and leucoxene,903690,USGS
Norway,1979,rutile,0,USGS
Norway,1979,titanium ores and concentrates,903690,USGS
Norway,1980,ilmenite,912508,USGS
Norway,1980,ilmenite and leucoxene,912508,USGS
Norway,1980,rutile,0,USGS
Norway,1980,titanium ores and concentrates,912508,USGS
Norway,1981,ilmenite,727088,USGS
Norway,1981,ilmenite and leucoxene,727088,USGS
Norway,1981,rutile,0,USGS
Norway,1981,titanium ores and concentrates,727088,USGS
Norway,1982,ilmenite,608215,USGS
Norway,1982,ilmenite and leucoxene,608215,USGS
Norway,1982,rutile,0,USGS
Norway,1982,titanium ores and concentrates,608215,USGS
Norway,1983,ilmenite,612826,USGS
Norway,1983,ilmenite and leucoxene,612826,USGS
Norway,1983,rutile,0,USGS
Norway,1983,titanium ores and concentrates,612826,USGS
Norway,1984,ilmenite,718522,USGS
Norway,1984,ilmenite and leucoxene,718522,USGS
Norway,1984,rutile,0,USGS
Norway,1984,titanium ores and concentrates,718522,USGS
Norway,1985,ilmenite,735842,USGS
Norway,1985,ilmenite and leucoxene,735842,USGS
Norway,1985,rutile,0,USGS
Norway,1985,titanium ores and concentrates,735842,USGS
Norway,1986,ilmenite,803622,USGS
Norway,1986,ilmenite and leucoxene,803622,USGS
Norway,1986,rutile,0,USGS
Norway,1986,titanium ores and concentrates,803622,USGS
Norway,1987,ilmenite,852322,USGS
Norway,1987,ilmenite and leucoxene,852322,USGS
Norway,1987,rutile,0,USGS
Norway,1987,titanium ores and concentrates,852322,USGS
Norway,1988,ilmenite,898035,USGS
Norway,1988,ilmenite and leucoxene,898035,USGS
Norway,1988,rutile,0,USGS
Norway,1988,titanium ores and concentrates,898035,USGS
Norway,1989,ilmenite,929830,USGS
Norway,1989,ilmenite and leucoxene,929830,USGS
Norway,1989,rutile,0,USGS
Norway,1989,titanium ores and concentrates,929830,USGS
Norway,1990,ilmenite,814000,USGS
Norway,1990,ilmenite and leucoxene,814000,USGS
Norway,1990,rutile,0,USGS
Norway,1990,titanium ores and concentrates,814000,USGS
Norway,1991,ilmenite,623000,USGS
Norway,1991,ilmenite and leucoxene,623000,USGS
Norway,1991,rutile,0,USGS
Norway,1991,titanium ores and concentrates,623000,USGS
Norway,1992,ilmenite,708000,USGS
Norway,1992,ilmenite and leucoxene,708000,USGS
Norway,1992,rutile,0,USGS
Norway,1992,titanium ores and concentrates,708000,USGS
Norway,1993,ilmenite,713000,USGS
Norway,1993,ilmenite and leucoxene,713000,USGS
Norway,1993,rutile,0,USGS
Norway,1993,titanium ores and concentrates,713000,USGS
Norway,1994,ilmenite,826391,USGS
Norway,1994,ilmenite and leucoxene,826391,USGS
Norway,1994,rutile,0,USGS
Norway,1994,titanium ores and concentrates,826391,USGS
Norway,1995,ilmenite,833238,USGS
Norway,1995,ilmenite and leucoxene,833238,USGS
Norway,1995,rutile,0,USGS
Norway,1995,titanium ores and concentrates,833238,USGS
Norway,1996,ilmenite,746583,USGS
Norway,1996,ilmenite and leucoxene,746583,USGS
Norway,1996,rutile,0,USGS
Norway,1996,titanium ores and concentrates,746583,USGS
Norway,1997,ilmenite,750000,USGS
Norway,1997,ilmenite and leucoxene,750000,USGS
Norway,1997,rutile,0,USGS
Norway,1997,titanium ores and concentrates,750000,USGS
Norway,1998,ilmenite,590000,USGS
Norway,1998,ilmenite and leucoxene,590000,USGS
Norway,1998,rutile,0,USGS
Norway,1998,titanium ores and concentrates,590000,USGS
Norway,1999,ilmenite,600000,USGS
Norway,1999,ilmenite and leucoxene,600000,USGS
Norway,1999,rutile,0,USGS
Norway,1999,titanium ores and concentrates,600000,USGS
Norway,2000,ilmenite,750000,USGS
Norway,2000,ilmenite and leucoxene,750000,USGS
Norway,2000,rutile,0,USGS
Norway,2000,titanium ores and concentrates,750000,USGS
Norway,2001,ilmenite,750000,USGS
Norway,2001,ilmenite and leucoxene,750000,USGS
Norway,2001,rutile,0,USGS
Norway,2001,titanium ores and concentrates,750000,USGS
Norway,2002,ilmenite,750000,USGS
Norway,2002,ilmenite and leucoxene,750000,USGS
Norway,2002,rutile,0,USGS
Norway,2002,titanium ores and concentrates,750000,USGS
Norway,2003,ilmenite,840000,USGS
Norway,2003,ilmenite and leucoxene,840000,USGS
Norway,2003,rutile,0,USGS
Norway,2003,titanium ores and concentrates,840000,USGS
Norway,2004,ilmenite,860000,USGS
Norway,2004,ilmenite and leucoxene,860000,USGS
Norway,2004,rutile,0,USGS
Norway,2004,titanium ores and concentrates,860000,USGS
Norway,2005,ilmenite,810000,USGS
Norway,2005,ilmenite and leucoxene,810000,USGS
Norway,2005,rutile,0,USGS
Norway,2005,titanium ores and concentrates,810000,USGS
Norway,2006,ilmenite,850000,USGS
Norway,2006,ilmenite and leucoxene,850000,USGS
Norway,2006,rutile,0,USGS
Norway,2006,titanium ores and concentrates,850000,USGS
Norway,2007,ilmenite,882000,USGS
Norway,2007,ilmenite and leucoxene,882000,USGS
Norway,2007,rutile,0,USGS
Norway,2007,titanium ores and concentrates,882000,USGS
Norway,2008,ilmenite,915000,USGS
Norway,2008,ilmenite and leucoxene,915000,USGS
Norway,2008,rutile,0,USGS
Norway,2008,titanium ores and concentrates,915000,USGS
Norway,2009,ilmenite,671000,USGS
Norway,2009,ilmenite and leucoxene,671000,USGS
Norway,2009,rutile,0,USGS
Norway,2009,titanium ores and concentrates,671000,USGS
Norway,2010,ilmenite,864000,USGS
Norway,2010,ilmenite and leucoxene,864000,USGS
Norway,2010,rutile,0,USGS
Norway,2010,titanium ores and concentrates,864000,USGS
Norway,2011,ilmenite,869000,USGS
Norway,2011,ilmenite and leucoxene,869000,USGS
Norway,2011,rutile,0,USGS
Norway,2011,titanium ores and concentrates,869000,USGS
Norway,2012,ilmenite,831000,USGS
Norway,2012,ilmenite and leucoxene,831000,USGS
Norway,2012,rutile,0,USGS
Norway,2012,titanium ores and concentrates,831000,USGS
Norway,2013,ilmenite,826000,USGS
Norway,2013,ilmenite and leucoxene,826000,USGS
Norway,2013,rutile,0,USGS
Norway,2013,titanium ores and concentrates,826000,USGS
Norway,2014,ilmenite,864000,USGS
Norway,2014,ilmenite and leucoxene,864000,USGS
Norway,2014,rutile,0,USGS
Norway,2014,titanium ores and concentrates,864000,USGS
Norway,2015,ilmenite,630000,USGS
Norway,2015,ilmenite and leucoxene,630000,USGS
Norway,2015,rutile,0,USGS
Norway,2015,titanium ores and concentrates,630000,USGS
Norway,2016,ilmenite,590000,USGS
Norway,2016,ilmenite and leucoxene,590000,USGS
Norway,2016,rutile,0,USGS
Norway,2016,titanium ores and concentrates,590000,USGS
Norway,2017,ilmenite,760000,USGS
Norway,2017,ilmenite and leucoxene,760000,USGS
Norway,2017,rutile,0,USGS
Norway,2017,titanium ores and concentrates,760000,USGS
Norway,2018,ilmenite,600000,USGS
Norway,2018,ilmenite and leucoxene,600000,USGS
Norway,2018,rutile,0,USGS
Norway,2018,titanium ores and concentrates,600000,USGS
Norway,2019,ilmenite,720000,USGS
Norway,2019,ilmenite and leucoxene,720000,USGS
Norway,2019,rutile,0,USGS
Norway,2019,titanium ores and concentrates,720000,USGS
Norway,2020,ilmenite,820000,USGS
Norway,2020,ilmenite and leucoxene,820000,USGS
Norway,2020,rutile,0,USGS
Norway,2020,titanium ores and concentrates,820000,USGS
Norway,2021,ilmenite,780000,USGS
Norway,2021,ilmenite and leucoxene,780000,USGS
Norway,2021,rutile,0,USGS
Norway,2021,titanium ores and concentrates,780000,USGS
Norway,2022,ilmenite,690000,USGS
Norway,2022,ilmenite and leucoxene,690000,USGS
Norway,2022,rutile,0,USGS
Norway,2022,titanium ores and concentrates,690000,USGS
Portugal,1950,ilmenite and leucoxene,73,USGS
Portugal,1950,titanium ores and concentrates,73,USGS
Portugal,1951,ilmenite and leucoxene,186,USGS
Portugal,1951,titanium ores and concentrates,186,USGS
Portugal,1952,ilmenite and leucoxene,476,USGS
Portugal,1952,titanium ores and concentrates,476,USGS
Portugal,1953,ilmenite and leucoxene,746,USGS
Portugal,1953,titanium ores and concentrates,746,USGS
Portugal,1954,ilmenite and leucoxene,563,USGS
Portugal,1954,titanium ores and concentrates,563,USGS
Portugal,1955,ilmenite and leucoxene,866,USGS
Portugal,1955,titanium ores and concentrates,866,USGS
Portugal,1956,ilmenite and leucoxene,679,USGS
Portugal,1956,titanium ores and concentrates,679,USGS
Portugal,1957,ilmenite and leucoxene,388,USGS
Portugal,1957,titanium ores and concentrates,388,USGS
Portugal,1958,ilmenite and leucoxene,506,USGS
Portugal,1958,titanium ores and concentrates,506,USGS
Portugal,1959,ilmenite and leucoxene,2113,USGS
Portugal,1959,titanium ores and concentrates,2113,USGS
Portugal,1960,ilmenite and leucoxene,1002,USGS
Portugal,1960,titanium ores and concentrates,1002,USGS
Portugal,1961,ilmenite and leucoxene,109,USGS
Portugal,1961,titanium ores and concentrates,109,USGS
Portugal,1962,ilmenite and leucoxene,75,USGS
Portugal,1962,titanium ores and concentrates,75,USGS
Portugal,1963,ilmenite and leucoxene,45,USGS
Portugal,1963,titanium ores and concentrates,45,USGS
Portugal,1964,ilmenite and leucoxene,63,USGS
Portugal,1964,titanium ores and concentrates,63,USGS
Portugal,1965,ilmenite and leucoxene,83,USGS
Portugal,1965,titanium ores and concentrates,83,USGS
Portugal,1966,ilmenite and leucoxene,530,USGS
Portugal,1966,titanium ores and concentrates,530,USGS
Portugal,1967,ilmenite and leucoxene,590,USGS
Portugal,1967,titanium ores and concentrates,590,USGS
Portugal,1968,ilmenite and leucoxene,666,USGS
Portugal,1968,titanium ores and concentrates,666,USGS
Portugal,1969,ilmenite and leucoxene,227,USGS
Portugal,1969,titanium ores and concentrates,227,USGS
Portugal,1970,ilmenite and leucoxene,262,USGS
Portugal,1970,titanium ores and concentrates,262,USGS
Portugal,1971,ilmenite and leucoxene,981,USGS
Portugal,1971,titanium ores and concentrates,981,USGS
Portugal,1972,ilmenite and leucoxene,829,USGS
Portugal,1972,titanium ores and concentrates,829,USGS
Portugal,1973,ilmenite and leucoxene,672,USGS
Portugal,1973,titanium ores and concentrates,672,USGS
Portugal,1974,ilmenite and leucoxene,302,USGS
Portugal,1974,titanium ores and concentrates,302,USGS
Portugal,1975,ilmenite and leucoxene,234,USGS
Portugal,1975,titanium ores and concentrates,234,USGS
Portugal,1976,ilmenite and leucoxene,405,USGS
Portugal,1976,titanium ores and concentrates,405,USGS
Portugal,1977,ilmenite and leucoxene,252,USGS
Portugal,1977,titanium ores and concentrates,252,USGS
Portugal,1978,ilmenite and leucoxene,358,USGS
Portugal,1978,titanium ores and concentrates,358,USGS
Portugal,1979,ilmenite and leucoxene,295,USGS
Portugal,1979,titanium ores and concentrates,295,USGS
Portugal,1980,ilmenite and leucoxene,258,USGS
Portugal,1980,titanium ores and concentrates,258,USGS
Portugal,1981,ilmenite and leucoxene,441,USGS
Portugal,1981,titanium ores and concentrates,441,USGS
Portugal,1982,ilmenite and leucoxene,520,USGS
Portugal,1982,titanium ores and concentrates,520,USGS
Portugal,1983,ilmenite and leucoxene,298,USGS
Portugal,1983,titanium ores and concentrates,298,USGS
Portugal,1984,ilmenite and leucoxene,181,USGS
Portugal,1984,titanium ores and concentrates,181,USGS
Portugal,1985,ilmenite and leucoxene,227,USGS
Portugal,1985,titanium ores and concentrates,227,USGS
Portugal,1986,ilmenite and leucoxene,232,USGS
Portugal,1986,titanium ores and concentrates,232,USGS
Portugal,1987,ilmenite and leucoxene,141,USGS
Portugal,1987,titanium ores and concentrates,141,USGS
Portugal,1988,ilmenite and leucoxene,59,USGS
Portugal,1988,titanium ores and concentrates,59,USGS
Portugal,1989,ilmenite and leucoxene,111,USGS
Portugal,1989,titanium ores and concentrates,111,USGS
Portugal,1990,ilmenite and leucoxene,45,USGS
Portugal,1990,titanium ores and concentrates,45,USGS
Portugal,1991,ilmenite and leucoxene,40,USGS
Portugal,1991,titanium ores and concentrates,40,USGS
Portugal,1992,ilmenite and leucoxene,50,USGS
Portugal,1992,titanium ores and concentrates,50,USGS
Portugal,1993,ilmenite and leucoxene,25,USGS
Portugal,1993,titanium ores and concentrates,25,USGS
Portugal,1994,ilmenite and leucoxene,20,USGS
Portugal,1994,titanium ores and concentrates,20,USGS
Russia,1950,ilmenite and leucoxene,0,USGS
Russia,1950,titanium ores and concentrates,0,USGS
Russia,1951,ilmenite and leucoxene,0,USGS
Russia,1951,titanium ores and concentrates,0,USGS
Russia,1952,ilmenite and leucoxene,0,USGS
Russia,1952,titanium ores and concentrates,0,USGS
Russia,1953,ilmenite and leucoxene,0,USGS
Russia,1953,titanium ores and concentrates,0,USGS
Russia,1954,ilmenite and leucoxene,0,USGS
Russia,1954,titanium ores and concentrates,0,USGS
Russia,1955,ilmenite and leucoxene,0,USGS
Russia,1955,titanium ores and concentrates,0,USGS
Russia,1956,ilmenite and leucoxene,0,USGS
Russia,1956,titanium ores and concentrates,0,USGS
Russia,1957,ilmenite and leucoxene,0,USGS
Russia,1957,titanium ores and concentrates,0,USGS
Russia,1958,ilmenite and leucoxene,0,USGS
Russia,1958,titanium ores and concentrates,0,USGS
Russia,1959,ilmenite and leucoxene,0,USGS
Russia,1959,titanium ores and concentrates,0,USGS
Russia,1960,ilmenite and leucoxene,0,USGS
Russia,1960,titanium ores and concentrates,0,USGS
Russia,1961,ilmenite and leucoxene,0,USGS
Russia,1961,titanium ores and concentrates,0,USGS
Russia,1962,ilmenite and leucoxene,0,USGS
Russia,1962,titanium ores and concentrates,0,USGS
Russia,1963,ilmenite and leucoxene,0,USGS
Russia,1963,titanium ores and concentrates,0,USGS
Russia,1964,ilmenite and leucoxene,0,USGS
Russia,1964,titanium ores and concentrates,0,USGS
Russia,1965,ilmenite and leucoxene,0,USGS
Russia,1965,titanium ores and concentrates,0,USGS
Russia,1966,ilmenite and leucoxene,0,USGS
Russia,1966,titanium ores and concentrates,0,USGS
Russia,1967,ilmenite and leucoxene,0,USGS
Russia,1967,titanium ores and concentrates,0,USGS
Russia,1968,ilmenite and leucoxene,0,USGS
Russia,1968,titanium ores and concentrates,0,USGS
Russia,1969,ilmenite and leucoxene,0,USGS
Russia,1969,titanium ores and concentrates,0,USGS
Russia,1970,ilmenite and leucoxene,0,USGS
Russia,1970,titanium ores and concentrates,0,USGS
Russia,1971,ilmenite and leucoxene,0,USGS
Russia,1971,titanium ores and concentrates,0,USGS
Russia,1972,ilmenite and leucoxene,0,USGS
Russia,1972,titanium ores and concentrates,0,USGS
Russia,1973,ilmenite and leucoxene,0,USGS
Russia,1973,titanium ores and concentrates,0,USGS
Russia,1974,ilmenite and leucoxene,0,USGS
Russia,1974,titanium ores and concentrates,0,USGS
Russia,1975,ilmenite and leucoxene,0,USGS
Russia,1975,titanium ores and concentrates,0,USGS
Russia,1976,ilmenite and leucoxene,0,USGS
Russia,1976,titanium ores and concentrates,0,USGS
Russia,1977,ilmenite and leucoxene,0,USGS
Russia,1977,titanium ores and concentrates,0,USGS
Russia,1978,ilmenite and leucoxene,0,USGS
Russia,1978,titanium ores and concentrates,0,USGS
Russia,1979,ilmenite and leucoxene,0,USGS
Russia,1979,titanium ores and concentrates,0,USGS
Russia,1980,ilmenite and leucoxene,0,USGS
Russia,1980,titanium ores and concentrates,0,USGS
Russia,1981,ilmenite and leucoxene,0,USGS
Russia,1981,titanium ores and concentrates,0,USGS
Russia,1982,ilmenite and leucoxene,0,USGS
Russia,1982,titanium ores and concentrates,0,USGS
Russia,1983,ilmenite and leucoxene,0,USGS
Russia,1983,titanium ores and concentrates,0,USGS
Russia,1984,ilmenite and leucoxene,0,USGS
Russia,1984,titanium ores and concentrates,0,USGS
Russia,1985,ilmenite and leucoxene,0,USGS
Russia,1985,titanium ores and concentrates,0,USGS
Russia,1986,ilmenite and leucoxene,0,USGS
Russia,1986,titanium ores and concentrates,0,USGS
Russia,1987,ilmenite and leucoxene,0,USGS
Russia,1987,titanium ores and concentrates,0,USGS
Russia,1988,ilmenite and leucoxene,0,USGS
Russia,1988,titanium ores and concentrates,0,USGS
Russia,1989,ilmenite and leucoxene,0,USGS
Russia,1989,titanium ores and concentrates,0,USGS
Russia,1990,ilmenite and leucoxene,0,USGS
Russia,1990,titanium ores and concentrates,0,USGS
Russia,1991,ilmenite and leucoxene,0,USGS
Russia,1991,titanium ores and concentrates,0,USGS
Russia,1992,ilmenite and leucoxene,0,USGS
Russia,1992,titanium ores and concentrates,0,USGS
Russia,1993,ilmenite and leucoxene,0,USGS
Russia,1993,titanium ores and concentrates,0,USGS
Russia,1994,ilmenite and leucoxene,0,USGS
Russia,1994,titanium ores and concentrates,0,USGS
Russia,1995,ilmenite and leucoxene,0,USGS
Russia,1995,titanium ores and concentrates,0,USGS
Russia,1996,ilmenite and leucoxene,0,USGS
Russia,1996,titanium ores and concentrates,0,USGS
Russia,1997,ilmenite and leucoxene,0,USGS
Russia,1997,titanium ores and concentrates,0,USGS
Russia,1998,ilmenite and leucoxene,0,USGS
Russia,1998,titanium ores and concentrates,0,USGS
Russia,1999,ilmenite and leucoxene,0,USGS
Russia,1999,titanium ores and concentrates,0,USGS
Russia,2000,ilmenite and leucoxene,0,USGS
Russia,2000,titanium ores and concentrates,0,USGS
Russia,2001,ilmenite and leucoxene,0,USGS
Russia,2001,titanium ores and concentrates,0,USGS
Russia,2002,ilmenite and leucoxene,0,USGS
Russia,2002,titanium ores and concentrates,0,USGS
Russia,2003,ilmenite and leucoxene,0,USGS
Russia,2003,titanium ores and concentrates,0,USGS
Russia,2004,ilmenite and leucoxene,0,USGS
Russia,2004,titanium ores and concentrates,0,USGS
Russia,2005,ilmenite and leucoxene,0,USGS
Russia,2005,titanium ores and concentrates,0,USGS
Russia,2006,ilmenite and leucoxene,0,USGS
Russia,2006,titanium ores and concentrates,0,USGS
Russia,2007,ilmenite and leucoxene,0,USGS
Russia,2007,titanium ores and concentrates,0,USGS
Russia,2008,ilmenite and leucoxene,0,USGS
Russia,2008,titanium ores and concentrates,0,USGS
Russia,2009,ilmenite and leucoxene,0,USGS
Russia,2009,titanium ores and concentrates,0,USGS
Russia,2010,ilmenite and leucoxene,0,USGS
Russia,2010,titanium ores and concentrates,0,USGS
Russia,2011,ilmenite and leucoxene,63490,USGS
Russia,2011,titanium ores and concentrates,63490,USGS
Russia,2012,ilmenite and leucoxene,125000,USGS
Russia,2012,titanium ores and concentrates,125000,USGS
Russia,2013,ilmenite and leucoxene,150458,USGS
Russia,2013,titanium ores and concentrates,150458,USGS
Russia,2014,ilmenite and leucoxene,178426,USGS
Russia,2014,titanium ores and concentrates,178426,USGS
Russia,2015,ilmenite and leucoxene,193236,USGS
Russia,2015,titanium ores and concentrates,193236,USGS
Russia,2016,ilmenite and leucoxene,18900,USGS
Russia,2016,titanium ores and concentrates,18900,USGS
Russia,2017,ilmenite and leucoxene,2900,USGS
Russia,2017,titanium ores and concentrates,2900,USGS
Russia,2018,ilmenite and leucoxene,3000,USGS
Russia,2018,titanium ores and concentrates,3000,USGS
Russia,2019,ilmenite and leucoxene,3100,USGS
Russia,2019,titanium ores and concentrates,3100,USGS
Russia,2020,ilmenite and leucoxene,3000,USGS
Russia,2020,titanium ores and concentrates,3000,USGS
Russia,2021,ilmenite and leucoxene,3000,USGS
Russia,2021,titanium ores and concentrates,3000,USGS
Russia,2022,ilmenite and leucoxene,3000,USGS
Russia,2022,titanium ores and concentrates,3000,USGS
Senegal,1950,ilmenite and leucoxene,869,USGS
Senegal,1950,rutile,0,USGS
Senegal,1950,titanium ores and concentrates,869,USGS
Senegal,1951,ilmenite and leucoxene,4308,USGS
Senegal,1951,rutile,3,USGS
Senegal,1951,titanium ores and concentrates,4311,USGS
Senegal,1952,ilmenite and leucoxene,5095,USGS
Senegal,1952,rutile,29,USGS
Senegal,1952,titanium ores and concentrates,5124,USGS
Senegal,1953,ilmenite and leucoxene,6358,USGS
Senegal,1953,rutile,0,USGS
Senegal,1953,titanium ores and concentrates,6358,USGS
Senegal,1954,ilmenite and leucoxene,13779,USGS
Senegal,1954,rutile,0,USGS
Senegal,1954,titanium ores and concentrates,13779,USGS
Senegal,1955,ilmenite and leucoxene,25680,USGS
Senegal,1955,rutile,0,USGS
Senegal,1955,titanium ores and concentrates,25680,USGS
Senegal,1956,ilmenite and leucoxene,22156,USGS
Senegal,1956,rutile,650,USGS
Senegal,1956,titanium ores and concentrates,22806,USGS
Senegal,1957,ilmenite and leucoxene,39573,USGS
Senegal,1957,rutile,243,USGS
Senegal,1957,titanium ores and concentrates,39816,USGS
Senegal,1958,ilmenite and leucoxene,36900,USGS
Senegal,1958,rutile,1157,USGS
Senegal,1958,titanium ores and concentrates,38057,USGS
Senegal,1959,ilmenite and leucoxene,32941,USGS
Senegal,1959,rutile,0,USGS
Senegal,1959,titanium ores and concentrates,32941,USGS
Senegal,1960,ilmenite and leucoxene,24159,USGS
Senegal,1960,rutile,0,USGS
Senegal,1960,titanium ores and concentrates,24159,USGS
Senegal,1961,ilmenite and leucoxene,19286,USGS
Senegal,1961,rutile,195,USGS
Senegal,1961,titanium ores and concentrates,19481,USGS
Senegal,1962,ilmenite and leucoxene,24727,USGS
Senegal,1962,rutile,811,USGS
Senegal,1962,titanium ores and concentrates,25538,USGS
Senegal,1963,ilmenite and leucoxene,13436,USGS
Senegal,1963,rutile,780,USGS
Senegal,1963,titanium ores and concentrates,14216,USGS
Senegal,1964,ilmenite and leucoxene,1455,USGS
Senegal,1964,rutile,60,USGS
Senegal,1964,titanium ores and concentrates,1515,USGS
Senegal,1965,ilmenite and leucoxene,0,USGS
Senegal,1965,rutile,0,USGS
Senegal,1965,titanium ores and concentrates,0,USGS
Senegal,1966,ilmenite and leucoxene,0,USGS
Senegal,1966,rutile,0,USGS
Senegal,1966,titanium ores and concentrates,0,USGS
Senegal,1967,ilmenite and leucoxene,0,USGS
Senegal,1967,rutile,0,USGS
Senegal,1967,titanium ores and concentrates,0,USGS
Senegal,1968,ilmenite and leucoxene,0,USGS
Senegal,1968,rutile,0,USGS
Senegal,1968,titanium ores and concentrates,0,USGS
Senegal,1969,ilmenite and leucoxene,0,USGS
Senegal,1969,rutile,0,USGS
Senegal,1969,titanium ores and concentrates,0,USGS
Senegal,1970,ilmenite and leucoxene,0,USGS
Senegal,1970,rutile,0,USGS
Senegal,1970,titanium ores and concentrates,0,USGS
Senegal,1971,ilmenite and leucoxene,0,USGS
Senegal,1971,rutile,0,USGS
Senegal,1971,titanium ores and concentrates,0,USGS
Senegal,1972,ilmenite and leucoxene,0,USGS
Senegal,1972,rutile,0,USGS
Senegal,1972,titanium ores and concentrates,0,USGS
Senegal,1973,ilmenite and leucoxene,0,USGS
Senegal,1973,rutile,0,USGS
Senegal,1973,titanium ores and concentrates,0,USGS
Senegal,1974,ilmenite and leucoxene,0,USGS
Senegal,1974,rutile,0,USGS
Senegal,1974,titanium ores and concentrates,0,USGS
Senegal,1975,ilmenite and leucoxene,0,USGS
Senegal,1975,rutile,0,USGS
Senegal,1975,titanium ores and concentrates,0,USGS
Senegal,1976,ilmenite and leucoxene,0,USGS
Senegal,1976,rutile,0,USGS
Senegal,1976,titanium ores and concentrates,0,USGS
Senegal,1977,ilmenite and leucoxene,0,USGS
Senegal,1977,rutile,0,USGS
Senegal,1977,titanium ores and concentrates,0,USGS
Senegal,1978,ilmenite and leucoxene,0,USGS
Senegal,1978,rutile,0,USGS
Senegal,1978,titanium ores and concentrates,0,USGS
Senegal,1979,ilmenite and leucoxene,0,USGS
Senegal,1979,rutile,0,USGS
Senegal,1979,titanium ores and concentrates,0,USGS
Senegal,1980,ilmenite and leucoxene,0,USGS
Senegal,1980,rutile,0,USGS
Senegal,1980,titanium ores and concentrates,0,USGS
Senegal,1981,ilmenite and leucoxene,0,USGS
Senegal,1981,rutile,0,USGS
Senegal,1981,titanium ores and concentrates,0,USGS
Senegal,1982,ilmenite and leucoxene,0,USGS
Senegal,1982,rutile,0,USGS
Senegal,1982,titanium ores and concentrates,0,USGS
Senegal,1983,ilmenite and leucoxene,0,USGS
Senegal,1983,rutile,0,USGS
Senegal,1983,titanium ores and concentrates,0,USGS
Senegal,1984,ilmenite and leucoxene,0,USGS
Senegal,1984,rutile,0,USGS
Senegal,1984,titanium ores and concentrates,0,USGS
Senegal,1985,ilmenite and leucoxene,0,USGS
Senegal,1985,rutile,0,USGS
Senegal,1985,titanium ores and concentrates,0,USGS
Senegal,1986,ilmenite and leucoxene,0,USGS
Senegal,1986,rutile,0,USGS
Senegal,1986,titanium ores and concentrates,0,USGS
Senegal,1987,ilmenite and leucoxene,0,USGS
Senegal,1987,rutile,0,USGS
Senegal,1987,titanium ores and concentrates,0,USGS
Senegal,1988,ilmenite and leucoxene,0,USGS
Senegal,1988,rutile,0,USGS
Senegal,1988,titanium ores and concentrates,0,USGS
Senegal,1989,ilmenite and leucoxene,0,USGS
Senegal,1989,rutile,0,USGS
Senegal,1989,titanium ores and concentrates,0,USGS
Senegal,1990,ilmenite and leucoxene,0,USGS
Senegal,1990,rutile,0,USGS
Senegal,1990,titanium ores and concentrates,0,USGS
Senegal,1991,ilmenite and leucoxene,0,USGS
Senegal,1991,rutile,0,USGS
Senegal,1991,titanium ores and concentrates,0,USGS
Senegal,1992,ilmenite and leucoxene,0,USGS
Senegal,1992,rutile,0,USGS
Senegal,1992,titanium ores and concentrates,0,USGS
Senegal,1993,ilmenite and leucoxene,0,USGS
Senegal,1993,rutile,0,USGS
Senegal,1993,titanium ores and concentrates,0,USGS
Senegal,1994,ilmenite and leucoxene,0,USGS
Senegal,1994,rutile,0,USGS
Senegal,1994,titanium ores and concentrates,0,USGS
Senegal,1995,ilmenite and leucoxene,0,USGS
Senegal,1995,rutile,0,USGS
Senegal,1995,titanium ores and concentrates,0,USGS
Senegal,1996,ilmenite and leucoxene,0,USGS
Senegal,1996,rutile,0,USGS
Senegal,1996,titanium ores and concentrates,0,USGS
Senegal,1997,ilmenite and leucoxene,0,USGS
Senegal,1997,rutile,0,USGS
Senegal,1997,titanium ores and concentrates,0,USGS
Senegal,1998,ilmenite and leucoxene,0,USGS
Senegal,1998,rutile,0,USGS
Senegal,1998,titanium ores and concentrates,0,USGS
Senegal,1999,ilmenite and leucoxene,0,USGS
Senegal,1999,rutile,0,USGS
Senegal,1999,titanium ores and concentrates,0,USGS
Senegal,2000,ilmenite and leucoxene,0,USGS
Senegal,2000,rutile,0,USGS
Senegal,2000,titanium ores and concentrates,0,USGS
Senegal,2001,ilmenite and leucoxene,0,USGS
Senegal,2001,rutile,0,USGS
Senegal,2001,titanium ores and concentrates,0,USGS
Senegal,2002,ilmenite and leucoxene,0,USGS
Senegal,2002,rutile,0,USGS
Senegal,2002,titanium ores and concentrates,0,USGS
Senegal,2003,ilmenite and leucoxene,0,USGS
Senegal,2003,rutile,0,USGS
Senegal,2003,titanium ores and concentrates,0,USGS
Senegal,2004,ilmenite and leucoxene,0,USGS
Senegal,2004,rutile,0,USGS
Senegal,2004,titanium ores and concentrates,0,USGS
Senegal,2005,ilmenite and leucoxene,0,USGS
Senegal,2005,rutile,0,USGS
Senegal,2005,titanium ores and concentrates,0,USGS
Senegal,2006,ilmenite and leucoxene,0,USGS
Senegal,2006,rutile,0,USGS
Senegal,2006,titanium ores and concentrates,0,USGS
Senegal,2007,ilmenite and leucoxene,0,USGS
Senegal,2007,rutile,0,USGS
Senegal,2007,titanium ores and concentrates,0,USGS
Senegal,2008,ilmenite and leucoxene,0,USGS
Senegal,2008,rutile,0,USGS
Senegal,2008,titanium ores and concentrates,0,USGS
Senegal,2009,ilmenite and leucoxene,0,USGS
Senegal,2009,rutile,0,USGS
Senegal,2009,titanium ores and concentrates,0,USGS
Senegal,2010,ilmenite and leucoxene,0,USGS
Senegal,2010,rutile,0,USGS
Senegal,2010,titanium ores and concentrates,0,USGS
Senegal,2011,ilmenite and leucoxene,0,USGS
Senegal,2011,rutile,0,USGS
Senegal,2011,titanium ores and concentrates,0,USGS
Senegal,2012,ilmenite and leucoxene,0,USGS
Senegal,2012,rutile,0,USGS
Senegal,2012,titanium ores and concentrates,0,USGS
Senegal,2013,ilmenite and leucoxene,0,USGS
Senegal,2013,rutile,0,USGS
Senegal,2013,titanium ores and concentrates,0,USGS
Senegal,2014,ilmenite and leucoxene,100590,USGS
Senegal,2014,rutile,663,USGS
Senegal,2014,titanium ores and concentrates,101253,USGS
Senegal,2015,ilmenite and leucoxene,427690,USGS
Senegal,2015,rutile,5311,USGS
Senegal,2015,titanium ores and concentrates,433001,USGS
Senegal,2016,ilmenite and leucoxene,416349,USGS
Senegal,2016,rutile,9664,USGS
Senegal,2016,titanium ores and concentrates,426013,USGS
Senegal,2017,ilmenite and leucoxene,492441,USGS
Senegal,2017,rutile,9975,USGS
Senegal,2017,titanium ores and concentrates,502416,USGS
Senegal,2018,ilmenite and leucoxene,506938,USGS
Senegal,2018,rutile,9605,USGS
Senegal,2018,titanium ores and concentrates,516543,USGS
Senegal,2019,ilmenite and leucoxene,491602,USGS
Senegal,2019,rutile,10130,USGS
Senegal,2019,titanium ores and concentrates,501732,USGS
Senegal,2020,ilmenite and leucoxene,762000,USGS
Senegal,2020,rutile,9100,USGS
Senegal,2020,titanium ores and concentrates,771100,USGS
Senegal,2021,ilmenite and leucoxene,740000,USGS
Senegal,2021,rutile,0,USGS
Senegal,2021,titanium ores and concentrates,740000,USGS
Senegal,2022,ilmenite and leucoxene,685000,USGS
Senegal,2022,rutile,9000,USGS
Senegal,2022,titanium ores and concentrates,694000,USGS
Sierra Leone,1950,ilmenite and leucoxene,0,USGS
Sierra Leone,1950,rutile,0,USGS
Sierra Leone,1950,titanium ores and concentrates,0,USGS
Sierra Leone,1951,ilmenite and leucoxene,0,USGS
Sierra Leone,1951,rutile,0,USGS
Sierra Leone,1951,titanium ores and concentrates,0,USGS
Sierra Leone,1952,ilmenite and leucoxene,0,USGS
Sierra Leone,1952,rutile,0,USGS
Sierra Leone,1952,titanium ores and concentrates,0,USGS
Sierra Leone,1953,ilmenite and leucoxene,0,USGS
Sierra Leone,1953,rutile,0,USGS
Sierra Leone,1953,titanium ores and concentrates,0,USGS
Sierra Leone,1954,ilmenite and leucoxene,0,USGS
Sierra Leone,1954,rutile,0,USGS
Sierra Leone,1954,titanium ores and concentrates,0,USGS
Sierra Leone,1955,ilmenite and leucoxene,0,USGS
Sierra Leone,1955,rutile,0,USGS
Sierra Leone,1955,titanium ores and concentrates,0,USGS
Sierra Leone,1956,ilmenite and leucoxene,0,USGS
Sierra Leone,1956,rutile,0,USGS
Sierra Leone,1956,titanium ores and concentrates,0,USGS
Sierra Leone,1957,ilmenite and leucoxene,0,USGS
Sierra Leone,1957,rutile,0,USGS
Sierra Leone,1957,titanium ores and concentrates,0,USGS
Sierra Leone,1958,ilmenite and leucoxene,0,USGS
Sierra Leone,1958,rutile,0,USGS
Sierra Leone,1958,titanium ores and concentrates,0,USGS
Sierra Leone,1959,ilmenite and leucoxene,0,USGS
Sierra Leone,1959,rutile,0,USGS
Sierra Leone,1959,titanium ores and concentrates,0,USGS
Sierra Leone,1960,ilmenite and leucoxene,0,USGS
Sierra Leone,1960,rutile,0,USGS
Sierra Leone,1960,titanium ores and concentrates,0,USGS
Sierra Leone,1961,ilmenite and leucoxene,0,USGS
Sierra Leone,1961,rutile,0,USGS
Sierra Leone,1961,titanium ores and concentrates,0,USGS
Sierra Leone,1962,ilmenite and leucoxene,0,USGS
Sierra Leone,1962,rutile,0,USGS
Sierra Leone,1962,titanium ores and concentrates,0,USGS
Sierra Leone,1963,ilmenite and leucoxene,0,USGS
Sierra Leone,1963,rutile,0,USGS
Sierra Leone,1963,titanium ores and concentrates,0,USGS
Sierra Leone,1964,ilmenite and leucoxene,0,USGS
Sierra Leone,1964,rutile,0,USGS
Sierra Leone,1964,titanium ores and concentrates,0,USGS
Sierra Leone,1965,ilmenite and leucoxene,0,USGS
Sierra Leone,1965,rutile,0,USGS
Sierra Leone,1965,titanium ores and concentrates,0,USGS
Sierra Leone,1966,ilmenite and leucoxene,0,USGS
Sierra Leone,1966,rutile,0,USGS
Sierra Leone,1966,titanium ores and concentrates,0,USGS
Sierra Leone,1967,ilmenite and leucoxene,7716,USGS
Sierra Leone,1967,rutile,10251,USGS
Sierra Leone,1967,titanium ores and concentrates,17967,USGS
Sierra Leone,1968,ilmenite and leucoxene,0,USGS
Sierra Leone,1968,rutile,6304,USGS
Sierra Leone,1968,titanium ores and concentrates,6304,USGS
Sierra Leone,1969,ilmenite and leucoxene,0,USGS
Sierra Leone,1969,rutile,31379,USGS
Sierra Leone,1969,titanium ores and concentrates,31379,USGS
Sierra Leone,1970,ilmenite and leucoxene,0,USGS
Sierra Leone,1970,rutile,48593,USGS
Sierra Leone,1970,titanium ores and concentrates,48593,USGS
Sierra Leone,1971,ilmenite and leucoxene,0,USGS
Sierra Leone,1971,rutile,13153,USGS
Sierra Leone,1971,titanium ores and concentrates,13153,USGS
Sierra Leone,1972,ilmenite and leucoxene,0,USGS
Sierra Leone,1972,rutile,0,USGS
Sierra Leone,1972,titanium ores and concentrates,0,USGS
Sierra Leone,1973,ilmenite and leucoxene,0,USGS
Sierra Leone,1973,rutile,0,USGS
Sierra Leone,1973,titanium ores and concentrates,0,USGS
Sierra Leone,1974,ilmenite and leucoxene,0,USGS
Sierra Leone,1974,rutile,0,USGS
Sierra Leone,1974,titanium ores and concentrates,0,USGS
Sierra Leone,1975,ilmenite and leucoxene,0,USGS
Sierra Leone,1975,rutile,0,USGS
Sierra Leone,1975,titanium ores and concentrates,0,USGS
Sierra Leone,1976,ilmenite and leucoxene,0,USGS
Sierra Leone,1976,rutile,0,USGS
Sierra Leone,1976,titanium ores and concentrates,0,USGS
Sierra Leone,1977,ilmenite and leucoxene,0,USGS
Sierra Leone,1977,rutile,0,USGS
Sierra Leone,1977,titanium ores and concentrates,0,USGS
Sierra Leone,1978,ilmenite and leucoxene,0,USGS
Sierra Leone,1978,rutile,20000,USGS
Sierra Leone,1978,titanium ores and concentrates,20000,USGS
Sierra Leone,1979,ilmenite and leucoxene,0,USGS
Sierra Leone,1979,rutile,8267,USGS
Sierra Leone,1979,titanium ores and concentrates,8267,USGS
Sierra Leone,1980,ilmenite and leucoxene,0,USGS
Sierra Leone,1980,rutile,52356,USGS
Sierra Leone,1980,titanium ores and concentrates,52356,USGS
Sierra Leone,1981,ilmenite and leucoxene,0,USGS
Sierra Leone,1981,rutile,55992,USGS
Sierra Leone,1981,titanium ores and concentrates,55992,USGS
Sierra Leone,1982,ilmenite and leucoxene,0,USGS
Sierra Leone,1982,rutile,52590,USGS
Sierra Leone,1982,titanium ores and concentrates,52590,USGS
Sierra Leone,1983,ilmenite and leucoxene,0,USGS
Sierra Leone,1983,rutile,79146,USGS
Sierra Leone,1983,titanium ores and concentrates,79146,USGS
Sierra Leone,1984,ilmenite and leucoxene,0,USGS
Sierra Leone,1984,rutile,100641,USGS
Sierra Leone,1984,titanium ores and concentrates,100641,USGS
Sierra Leone,1985,ilmenite and leucoxene,0,USGS
Sierra Leone,1985,rutile,80611,USGS
Sierra Leone,1985,titanium ores and concentrates,80611,USGS
Sierra Leone,1986,ilmenite and leucoxene,0,USGS
Sierra Leone,1986,rutile,97100,USGS
Sierra Leone,1986,titanium ores and concentrates,97100,USGS
Sierra Leone,1987,ilmenite and leucoxene,5600,USGS
Sierra Leone,1987,rutile,113300,USGS
Sierra Leone,1987,titanium ores and concentrates,118900,USGS
Sierra Leone,1988,ilmenite and leucoxene,42118,USGS
Sierra Leone,1988,rutile,126332,USGS
Sierra Leone,1988,titanium ores and concentrates,168450,USGS
Sierra Leone,1989,ilmenite and leucoxene,62310,USGS
Sierra Leone,1989,rutile,128198,USGS
Sierra Leone,1989,titanium ores and concentrates,190508,USGS
Sierra Leone,1990,ilmenite and leucoxene,54600,USGS
Sierra Leone,1990,rutile,144000,USGS
Sierra Leone,1990,titanium ores and concentrates,198600,USGS
Sierra Leone,1991,ilmenite and leucoxene,60371,USGS
Sierra Leone,1991,rutile,154800,USGS
Sierra Leone,1991,titanium ores and concentrates,215171,USGS
Sierra Leone,1992,ilmenite and leucoxene,60331,USGS
Sierra Leone,1992,rutile,148990,USGS
Sierra Leone,1992,titanium ores and concentrates,209321,USGS
Sierra Leone,1993,ilmenite and leucoxene,62900,USGS
Sierra Leone,1993,rutile,152000,USGS
Sierra Leone,1993,titanium ores and concentrates,214900,USGS
Sierra Leone,1994,ilmenite and leucoxene,47400,USGS
Sierra Leone,1994,rutile,137000,USGS
Sierra Leone,1994,titanium ores and concentrates,184400,USGS
Sierra Leone,1995,ilmenite and leucoxene,0,USGS
Sierra Leone,1995,rutile,0,USGS
Sierra Leone,1995,titanium ores and concentrates,0,USGS
Sierra Leone,1996,ilmenite and leucoxene,0,USGS
Sierra Leone,1996,rutile,0,USGS
Sierra Leone,1996,titanium ores and concentrates,0,USGS
Sierra Leone,1997,ilmenite and leucoxene,0,USGS
Sierra Leone,1997,rutile,0,USGS
Sierra Leone,1997,titanium ores and concentrates,0,USGS
Sierra Leone,1998,ilmenite and leucoxene,0,USGS
Sierra Leone,1998,rutile,0,USGS
Sierra Leone,1998,titanium ores and concentrates,0,USGS
Sierra Leone,1999,ilmenite and leucoxene,0,USGS
Sierra Leone,1999,rutile,0,USGS
Sierra Leone,1999,titanium ores and concentrates,0,USGS
Sierra Leone,2000,ilmenite and leucoxene,0,USGS
Sierra Leone,2000,rutile,0,USGS
Sierra Leone,2000,titanium ores and concentrates,0,USGS
Sierra Leone,2001,ilmenite and leucoxene,0,USGS
Sierra Leone,2001,rutile,0,USGS
Sierra Leone,2001,titanium ores and concentrates,0,USGS
Sierra Leone,2002,ilmenite and leucoxene,0,USGS
Sierra Leone,2002,rutile,0,USGS
Sierra Leone,2002,titanium ores and concentrates,0,USGS
Sierra Leone,2003,ilmenite and leucoxene,0,USGS
Sierra Leone,2003,rutile,0,USGS
Sierra Leone,2003,titanium ores and concentrates,0,USGS
Sierra Leone,2004,ilmenite and leucoxene,0,USGS
Sierra Leone,2004,rutile,0,USGS
Sierra Leone,2004,titanium ores and concentrates,0,USGS
Sierra Leone,2005,ilmenite and leucoxene,0,USGS
Sierra Leone,2005,rutile,0,USGS
Sierra Leone,2005,titanium ores and concentrates,0,USGS
Sierra Leone,2006,ilmenite and leucoxene,13819,USGS
Sierra Leone,2006,rutile,73802,USGS
Sierra Leone,2006,titanium ores and concentrates,87621,USGS
Sierra Leone,2007,ilmenite and leucoxene,15750,USGS
Sierra Leone,2007,rutile,82805,USGS
Sierra Leone,2007,titanium ores and concentrates,98555,USGS
Sierra Leone,2008,ilmenite and leucoxene,17528,USGS
Sierra Leone,2008,rutile,78908,USGS
Sierra Leone,2008,titanium ores and concentrates,96436,USGS
Sierra Leone,2009,ilmenite and leucoxene,15161,USGS
Sierra Leone,2009,rutile,63864,USGS
Sierra Leone,2009,titanium ores and concentrates,79025,USGS
Sierra Leone,2010,ilmenite and leucoxene,18206,USGS
Sierra Leone,2010,rutile,68198,USGS
Sierra Leone,2010,titanium ores and concentrates,86404,USGS
Sierra Leone,2011,ilmenite and leucoxene,15946,USGS
Sierra Leone,2011,rutile,67916,USGS
Sierra Leone,2011,titanium ores and concentrates,83862,USGS
Sierra Leone,2012,ilmenite and leucoxene,22600,USGS
Sierra Leone,2012,rutile,94500,USGS
Sierra Leone,2012,titanium ores and concentrates,117100,USGS
Sierra Leone,2013,ilmenite and leucoxene,32300,USGS
Sierra Leone,2013,rutile,120349,USGS
Sierra Leone,2013,titanium ores and concentrates,152649,USGS
Sierra Leone,2014,ilmenite and leucoxene,35838,USGS
Sierra Leone,2014,rutile,114163,USGS
Sierra Leone,2014,titanium ores and concentrates,150001,USGS
Sierra Leone,2015,ilmenite and leucoxene,37633,USGS
Sierra Leone,2015,rutile,126022,USGS
Sierra Leone,2015,titanium ores and concentrates,163655,USGS
Sierra Leone,2016,ilmenite and leucoxene,50000,USGS
Sierra Leone,2016,rutile,143000,USGS
Sierra Leone,2016,titanium ores and concentrates,193000,USGS
Sierra Leone,2017,ilmenite and leucoxene,58000,USGS
Sierra Leone,2017,rutile,168000,USGS
Sierra Leone,2017,titanium ores and concentrates,226000,USGS
Sierra Leone,2018,ilmenite and leucoxene,54500,USGS
Sierra Leone,2018,rutile,121500,USGS
Sierra Leone,2018,titanium ores and concentrates,176000,USGS
Sierra Leone,2019,ilmenite and leucoxene,59200,USGS
Sierra Leone,2019,rutile,137200,USGS
Sierra Leone,2019,titanium ores and concentrates,196400,USGS
Sierra Leone,2020,ilmenite and leucoxene,45800,USGS
Sierra Leone,2020,rutile,120200,USGS
Sierra Leone,2020,titanium ores and concentrates,166000,USGS
Sierra Leone,2021,ilmenite and leucoxene,52100,USGS
Sierra Leone,2021,rutile,127100,USGS
Sierra Leone,2021,titanium ores and concentrates,179200,USGS
Sierra Leone,2022,ilmenite and leucoxene,58600,USGS
Sierra Leone,2022,rutile,135800,USGS
Sierra Leone,2022,titanium ores and concentrates,194400,USGS
South Africa,1950,ilmenite and leucoxene,0,USGS
South Africa,1950,rutile,0,USGS
South Africa,1950,titanium ores and concentrates,0,USGS
South Africa,1950,titanium slag,0,USGS
South Africa,1951,ilmenite and leucoxene,0,USGS
South Africa,1951,rutile,0,USGS
South Africa,1951,titanium ores and concentrates,0,USGS
South Africa,1951,titanium slag,0,USGS
South Africa,1952,ilmenite and leucoxene,0,USGS
South Africa,1952,rutile,0,USGS
South Africa,1952,titanium ores and concentrates,0,USGS
South Africa,1952,titanium slag,0,USGS
South Africa,1953,ilmenite and leucoxene,10,USGS
South Africa,1953,rutile,0,USGS
South Africa,1953,titanium ores and concentrates,10,USGS
South Africa,1953,titanium slag,0,USGS
South Africa,1954,ilmenite and leucoxene,0,USGS
South Africa,1954,rutile,0,USGS
South Africa,1954,titanium ores and concentrates,0,USGS
South Africa,1954,titanium slag,0,USGS
South Africa,1955,ilmenite and leucoxene,1917,USGS
South Africa,1955,rutile,0,USGS
South Africa,1955,titanium ores and concentrates,1917,USGS
South Africa,1955,titanium slag,0,USGS
South Africa,1956,ilmenite and leucoxene,1855,USGS
South Africa,1956,rutile,0,USGS
South Africa,1956,titanium ores and concentrates,1855,USGS
South Africa,1956,titanium slag,0,USGS
South Africa,1957,ilmenite and leucoxene,3120,USGS
South Africa,1957,rutile,32,USGS
South Africa,1957,titanium ores and concentrates,3152,USGS
South Africa,1957,titanium slag,0,USGS
South Africa,1958,ilmenite and leucoxene,29611,USGS
South Africa,1958,rutile,552,USGS
South Africa,1958,titanium ores and concentrates,30163,USGS
South Africa,1958,titanium slag,0,USGS
South Africa,1959,ilmenite and leucoxene,87233,USGS
South Africa,1959,rutile,3381,USGS
South Africa,1959,titanium ores and concentrates,90614,USGS
South Africa,1959,titanium slag,0,USGS
South Africa,1960,ilmenite and leucoxene,90432,USGS
South Africa,1960,rutile,3695,USGS
South Africa,1960,titanium ores and concentrates,94127,USGS
South Africa,1961,ilmenite and leucoxene,99010,USGS
South Africa,1961,rutile,3483,USGS
South Africa,1961,titanium ores and concentrates,102493,USGS
South Africa,1962,ilmenite and leucoxene,87096,USGS
South Africa,1962,rutile,3575,USGS
South Africa,1962,titanium ores and concentrates,90671,USGS
South Africa,1963,ilmenite and leucoxene,31039,USGS
South Africa,1963,rutile,1385,USGS
South Africa,1963,titanium ores and concentrates,32424,USGS
South Africa,1964,ilmenite and leucoxene,0,USGS
South Africa,1964,rutile,0,USGS
South Africa,1964,titanium ores and concentrates,0,USGS
South Africa,1964,titanium slag,0,USGS
South Africa,1965,ilmenite and leucoxene,0,USGS
South Africa,1965,rutile,0,USGS
South Africa,1965,titanium ores and concentrates,0,USGS
South Africa,1965,titanium slag,0,USGS
South Africa,1966,ilmenite and leucoxene,0,USGS
South Africa,1966,rutile,0,USGS
South Africa,1966,titanium ores and concentrates,0,USGS
South Africa,1966,titanium slag,0,USGS
South Africa,1967,ilmenite and leucoxene,0,USGS
South Africa,1967,rutile,0,USGS
South Africa,1967,titanium ores and concentrates,0,USGS
South Africa,1967,titanium slag,0,USGS
South Africa,1968,ilmenite and leucoxene,0,USGS
South Africa,1968,rutile,0,USGS
South Africa,1968,titanium ores and concentrates,0,USGS
South Africa,1968,titanium slag,0,USGS
South Africa,1969,ilmenite and leucoxene,18194,USGS
South Africa,1969,rutile,543,USGS
South Africa,1969,titanium ores and concentrates,18737,USGS
South Africa,1969,titanium slag,0,USGS
South Africa,1970,ilmenite and leucoxene,0,USGS
South Africa,1970,rutile,0,USGS
South Africa,1970,titanium ores and concentrates,0,USGS
South Africa,1970,titanium slag,0,USGS
South Africa,1971,ilmenite and leucoxene,0,USGS
South Africa,1971,rutile,0,USGS
South Africa,1971,titanium ores and concentrates,0,USGS
South Africa,1971,titanium slag,0,USGS
South Africa,1972,ilmenite and leucoxene,0,USGS
South Africa,1972,rutile,0,USGS
South Africa,1972,titanium ores and concentrates,0,USGS
South Africa,1972,titanium slag,0,USGS
South Africa,1973,ilmenite and leucoxene,0,USGS
South Africa,1973,rutile,0,USGS
South Africa,1973,titanium ores and concentrates,0,USGS
South Africa,1973,titanium slag,0,USGS
South Africa,1974,ilmenite and leucoxene,0,USGS
South Africa,1974,rutile,0,USGS
South Africa,1974,titanium ores and concentrates,0,USGS
South Africa,1974,titanium slag,0,USGS
South Africa,1975,ilmenite and leucoxene,0,USGS
South Africa,1975,rutile,0,USGS
South Africa,1975,titanium ores and concentrates,0,USGS
South Africa,1975,titanium slag,0,USGS
South Africa,1976,ilmenite and leucoxene,0,USGS
South Africa,1976,rutile,0,USGS
South Africa,1976,titanium ores and concentrates,0,USGS
South Africa,1976,titanium slag,0,USGS
South Africa,1977,ilmenite and leucoxene,0,USGS
South Africa,1977,rutile,5000,USGS
South Africa,1977,titanium ores and concentrates,5000,USGS
South Africa,1977,titanium slag,0,USGS
South Africa,1978,rutile,20000,USGS
South Africa,1978,titanium slag,100000,USGS
South Africa,1979,rutile,46000,USGS
South Africa,1979,titanium slag,316000,USGS
South Africa,1980,rutile,53000,USGS
South Africa,1980,titanium slag,379000,USGS
South Africa,1981,rutile,55000,USGS
South Africa,1981,titanium slag,408000,USGS
South Africa,1982,rutile,52000,USGS
South Africa,1982,titanium slag,420000,USGS
South Africa,1983,rutile,62000,USGS
South Africa,1983,titanium slag,460000,USGS
South Africa,1984,rutile,62000,USGS
South Africa,1984,titanium slag,460000,USGS
South Africa,1985,rutile,55000,USGS
South Africa,1985,titanium slag,435000,USGS
South Africa,1986,rutile,55000,USGS
South Africa,1986,titanium slag,435000,USGS
South Africa,1987,rutile,55000,USGS
South Africa,1987,titanium slag,650000,USGS
South Africa,1988,rutile,55000,USGS
South Africa,1988,titanium slag,700000,USGS
South Africa,1989,rutile,60000,USGS
South Africa,1989,titanium slag,725000,USGS
South Africa,1990,rutile,64100,USGS
South Africa,1990,titanium slag,672000,USGS
South Africa,1991,rutile,77000,USGS
South Africa,1991,titanium slag,808000,USGS
South Africa,1992,rutile,84000,USGS
South Africa,1992,titanium slag,884000,USGS
South Africa,1993,rutile,85000,USGS
South Africa,1993,titanium slag,892000,USGS
South Africa,1994,rutile,78000,USGS
South Africa,1994,titanium slag,744000,USGS
South Africa,1995,rutile,90000,USGS
South Africa,1995,titanium slag,990000,USGS
South Africa,1996,rutile,115000,USGS
South Africa,1996,titanium slag,1000000,USGS
South Africa,1997,rutile,123000,USGS
South Africa,1997,titanium slag,1100000,USGS
South Africa,1998,rutile,130000,USGS
South Africa,1998,titanium slag,1100000,USGS
South Africa,1999,rutile,100000,USGS
South Africa,1999,titanium slag,1168000,USGS
South Africa,2000,rutile,122000,USGS
South Africa,2000,titanium slag,1090000,USGS
South Africa,2001,rutile,134000,USGS
South Africa,2001,titanium slag,1025000,USGS
South Africa,2002,rutile,138000,USGS
South Africa,2002,titanium slag,973000,USGS
South Africa,2003,rutile,108000,USGS
South Africa,2003,titanium slag,1010000,USGS
South Africa,2004,rutile,110000,USGS
South Africa,2004,titanium slag,1020000,USGS
South Africa,2005,rutile,115000,USGS
South Africa,2005,titanium slag,1020000,USGS
South Africa,2006,rutile,123000,USGS
South Africa,2006,titanium slag,1230000,USGS
South Africa,2007,rutile,114000,USGS
South Africa,2007,titanium slag,1270000,USGS
South Africa,2008,rutile,134000,USGS
South Africa,2008,titanium slag,1252000,USGS
South Africa,2009,rutile,136000,USGS
South Africa,2009,titanium slag,1084000,USGS
South Africa,2010,rutile,130000,USGS
South Africa,2010,titanium slag,1210000,USGS
South Africa,2011,rutile,149000,USGS
South Africa,2011,titanium slag,1367000,USGS
South Africa,2012,rutile,150000,USGS
South Africa,2012,titanium slag,1300000,USGS
South Africa,2013,rutile,70000,USGS
South Africa,2013,titanium slag,1170000,USGS
South Africa,2014,rutile,100000,USGS
South Africa,2014,titanium slag,1100000,USGS
South Africa,2015,rutile,95000,USGS
South Africa,2015,titanium slag,940000,USGS
South Africa,2016,rutile,120000,USGS
South Africa,2016,titanium slag,800000,USGS
South Africa,2017,rutile,110000,USGS
South Africa,2017,titanium slag,1000000,USGS
South Africa,2018,ilmenite and leucoxene,1900000,USGS
South Africa,2018,rutile,110000,USGS
South Africa,2018,titanium ores and concentrates,2010000,USGS
South Africa,2018,titanium slag,950000,USGS
South Africa,2019,ilmenite and leucoxene,1800000,USGS
South Africa,2019,rutile,105000,USGS
South Africa,2019,titanium ores and concentrates,1905000,USGS
South Africa,2019,titanium slag,903000,USGS
South Africa,2020,ilmenite and leucoxene,1700000,USGS
South Africa,2020,rutile,95000,USGS
South Africa,2020,titanium ores and concentrates,1795000,USGS
South Africa,2020,titanium slag,820000,USGS
South Africa,2021,ilmenite and leucoxene,1500000,USGS
South Africa,2021,rutile,85000,USGS
South Africa,2021,titanium ores and concentrates,1585000,USGS
South Africa,2021,titanium slag,720000,USGS
South Africa,2022,ilmenite and leucoxene,1800000,USGS
South Africa,2022,rutile,100000,USGS
South Africa,2022,titanium ores and concentrates,1900000,USGS
South Africa,2022,titanium slag,900000,USGS
Soviet Union,1974,ilmenite and leucoxene,338000,USGS
Soviet Union,1974,rutile,30000,USGS
Soviet Union,1974,titanium ores and concentrates,368000,USGS
Soviet Union,1975,ilmenite and leucoxene,360000,USGS
Soviet Union,1975,rutile,30000,USGS
Soviet Union,1975,titanium ores and concentrates,390000,USGS
Soviet Union,1976,ilmenite and leucoxene,420000,USGS
Soviet Union,1976,rutile,10000,USGS
Soviet Union,1976,titanium ores and concentrates,430000,USGS
Soviet Union,1977,ilmenite and leucoxene,440000,USGS
Soviet Union,1977,rutile,10000,USGS
Soviet Union,1977,titanium ores and concentrates,450000,USGS
Soviet Union,1978,ilmenite and leucoxene,450000,USGS
Soviet Union,1978,rutile,10000,USGS
Soviet Union,1978,titanium ores and concentrates,460000,USGS
Soviet Union,1979,ilmenite and leucoxene,450000,USGS
Soviet Union,1979,rutile,11000,USGS
Soviet Union,1979,titanium ores and concentrates,461000,USGS
Soviet Union,1980,ilmenite and leucoxene,460000,USGS
Soviet Union,1980,rutile,11000,USGS
Soviet Union,1980,titanium ores and concentrates,471000,USGS
Soviet Union,1981,ilmenite and leucoxene,470000,USGS
Soviet Union,1981,rutile,11000,USGS
Soviet Union,1981,titanium ores and concentrates,481000,USGS
Soviet Union,1982,ilmenite and leucoxene,475000,USGS
Soviet Union,1982,rutile,11000,USGS
Soviet Union,1982,titanium ores and concentrates,486000,USGS
Soviet Union,1983,ilmenite and leucoxene,480000,USGS
Soviet Union,1983,rutile,11000,USGS
Soviet Union,1983,titanium ores and concentrates,491000,USGS
Soviet Union,1984,ilmenite and leucoxene,485000,USGS
Soviet Union,1984,rutile,11000,USGS
Soviet Union,1984,titanium ores and concentrates,496000,USGS
Soviet Union,1985,ilmenite and leucoxene,445000,USGS
Soviet Union,1985,rutile,10000,USGS
Soviet Union,1985,titanium ores and concentrates,455000,USGS
Soviet Union,1986,ilmenite and leucoxene,450000,USGS
Soviet Union,1986,rutile,10000,USGS
Soviet Union,1986,titanium ores and concentrates,460000,USGS
Soviet Union,1987,ilmenite and leucoxene,455000,USGS
Soviet Union,1987,rutile,10000,USGS
Soviet Union,1987,titanium ores and concentrates,465000,USGS
Soviet Union,1988,ilmenite and leucoxene,460000,USGS
Soviet Union,1988,rutile,10000,USGS
Soviet Union,1988,titanium ores and concentrates,470000,USGS
Soviet Union,1989,ilmenite and leucoxene,460000,USGS
Soviet Union,1989,rutile,10000,USGS
Soviet Union,1989,titanium ores and concentrates,470000,USGS
Soviet Union,1990,ilmenite and leucoxene,430000,USGS
Soviet Union,1990,rutile,9500,USGS
Soviet Union,1990,titanium ores and concentrates,439500,USGS
Soviet Union,1991,ilmenite and leucoxene,350000,USGS
Soviet Union,1991,rutile,9000,USGS
Soviet Union,1991,titanium ores and concentrates,359000,USGS
Soviet Union,1992,ilmenite and leucoxene,0,USGS
Soviet Union,1992,rutile,0,USGS
Soviet Union,1992,titanium ores and concentrates,0,USGS
Soviet Union,1993,ilmenite and leucoxene,0,USGS
Soviet Union,1993,rutile,0,USGS
Soviet Union,1993,titanium ores and concentrates,0,USGS
Soviet Union,1994,ilmenite and leucoxene,0,USGS
Soviet Union,1994,rutile,0,USGS
Soviet Union,1994,titanium ores and concentrates,0,USGS
Soviet Union,1995,ilmenite and leucoxene,0,USGS
Soviet Union,1995,rutile,0,USGS
Soviet Union,1995,titanium ores and concentrates,0,USGS
Soviet Union,1996,ilmenite and leucoxene,0,USGS
Soviet Union,1996,rutile,0,USGS
Soviet Union,1996,titanium ores and concentrates,0,USGS
Soviet Union,1997,ilmenite and leucoxene,0,USGS
Soviet Union,1997,rutile,0,USGS
Soviet Union,1997,titanium ores and concentrates,0,USGS
Soviet Union,1998,ilmenite and leucoxene,0,USGS
Soviet Union,1998,rutile,0,USGS
Soviet Union,1998,titanium ores and concentrates,0,USGS
Soviet Union,1999,ilmenite and leucoxene,0,USGS
Soviet Union,1999,rutile,0,USGS
Soviet Union,1999,titanium ores and concentrates,0,USGS
Soviet Union,2000,ilmenite and leucoxene,0,USGS
Soviet Union,2000,rutile,0,USGS
Soviet Union,2000,titanium ores and concentrates,0,USGS
Soviet Union,2001,ilmenite and leucoxene,0,USGS
Soviet Union,2001,rutile,0,USGS
Soviet Union,2001,titanium ores and concentrates,0,USGS
Soviet Union,2002,ilmenite and leucoxene,0,USGS
Soviet Union,2002,rutile,0,USGS
Soviet Union,2002,titanium ores and concentrates,0,USGS
Soviet Union,2003,ilmenite and leucoxene,0,USGS
Soviet Union,2003,rutile,0,USGS
Soviet Union,2003,titanium ores and concentrates,0,USGS
Soviet Union,2004,ilmenite and leucoxene,0,USGS
Soviet Union,2004,rutile,0,USGS
Soviet Union,2004,titanium ores and concentrates,0,USGS
Soviet Union,2005,ilmenite and leucoxene,0,USGS
Soviet Union,2005,rutile,0,USGS
Soviet Union,2005,titanium ores and concentrates,0,USGS
Soviet Union,2006,ilmenite and leucoxene,0,USGS
Soviet Union,2006,rutile,0,USGS
Soviet Union,2006,titanium ores and concentrates,0,USGS
Soviet Union,2007,ilmenite and leucoxene,0,USGS
Soviet Union,2007,rutile,0,USGS
Soviet Union,2007,titanium ores and concentrates,0,USGS
Soviet Union,2008,ilmenite and leucoxene,0,USGS
Soviet Union,2008,rutile,0,USGS
Soviet Union,2008,titanium ores and concentrates,0,USGS
Soviet Union,2009,ilmenite and leucoxene,0,USGS
Soviet Union,2009,rutile,0,USGS
Soviet Union,2009,titanium ores and concentrates,0,USGS
Soviet Union,2010,ilmenite and leucoxene,0,USGS
Soviet Union,2010,rutile,0,USGS
Soviet Union,2010,titanium ores and concentrates,0,USGS
Soviet Union,2011,ilmenite and leucoxene,0,USGS
Soviet Union,2011,rutile,0,USGS
Soviet Union,2011,titanium ores and concentrates,0,USGS
Soviet Union,2012,ilmenite and leucoxene,0,USGS
Soviet Union,2012,rutile,0,USGS
Soviet Union,2012,titanium ores and concentrates,0,USGS
Soviet Union,2013,ilmenite and leucoxene,0,USGS
Soviet Union,2013,rutile,0,USGS
Soviet Union,2013,titanium ores and concentrates,0,USGS
Soviet Union,2014,ilmenite and leucoxene,0,USGS
Soviet Union,2014,rutile,0,USGS
Soviet Union,2014,titanium ores and concentrates,0,USGS
Soviet Union,2015,ilmenite and leucoxene,0,USGS
Soviet Union,2015,rutile,0,USGS
Soviet Union,2015,titanium ores and concentrates,0,USGS
Soviet Union,2016,ilmenite and leucoxene,0,USGS
Soviet Union,2016,rutile,0,USGS
Soviet Union,2016,titanium ores and concentrates,0,USGS
Soviet Union,2017,ilmenite and leucoxene,0,USGS
Soviet Union,2017,rutile,0,USGS
Soviet Union,2017,titanium ores and concentrates,0,USGS
Soviet Union,2018,ilmenite and leucoxene,0,USGS
Soviet Union,2018,rutile,0,USGS
Soviet Union,2018,titanium ores and concentrates,0,USGS
Soviet Union,2019,ilmenite and leucoxene,0,USGS
Soviet Union,2019,rutile,0,USGS
Soviet Union,2019,titanium ores and concentrates,0,USGS
Soviet Union,2020,ilmenite and leucoxene,0,USGS
Soviet Union,2020,rutile,0,USGS
Soviet Union,2020,titanium ores and concentrates,0,USGS
Soviet Union,2021,ilmenite and leucoxene,0,USGS
Soviet Union,2021,rutile,0,USGS
Soviet Union,2021,titanium ores and concentrates,0,USGS
Soviet Union,2022,ilmenite and leucoxene,0,USGS
Soviet Union,2022,rutile,0,USGS
Soviet Union,2022,titanium ores and concentrates,0,USGS
Spain,1950,ilmenite,702,USGS
Spain,1950,ilmenite and leucoxene,702,USGS
Spain,1950,titanium ores and concentrates,702,USGS
Spain,1951,ilmenite,772,USGS
Spain,1951,ilmenite and leucoxene,772,USGS
Spain,1951,titanium ores and concentrates,772,USGS
Spain,1952,ilmenite,1410,USGS
Spain,1952,ilmenite and leucoxene,1410,USGS
Spain,1952,titanium ores and concentrates,1410,USGS
Spain,1953,ilmenite,1582,USGS
Spain,1953,ilmenite and leucoxene,1582,USGS
Spain,1953,titanium ores and concentrates,1582,USGS
Spain,1954,ilmenite,1397,USGS
Spain,1954,ilmenite and leucoxene,1397,USGS
Spain,1954,titanium ores and concentrates,1397,USGS
Spain,1955,ilmenite,7388,USGS
Spain,1955,ilmenite and leucoxene,7388,USGS
Spain,1955,titanium ores and concentrates,7388,USGS
Spain,1956,ilmenite,5962,USGS
Spain,1956,ilmenite and leucoxene,5962,USGS
Spain,1956,titanium ores and concentrates,5962,USGS
Spain,1957,ilmenite,9796,USGS
Spain,1957,ilmenite and leucoxene,9796,USGS
Spain,1957,titanium ores and concentrates,9796,USGS
Spain,1958,ilmenite,18161,USGS
Spain,1958,ilmenite and leucoxene,18161,USGS
Spain,1958,titanium ores and concentrates,18161,USGS
Spain,1959,ilmenite,8113,USGS
Spain,1959,ilmenite and leucoxene,8113,USGS
Spain,1959,titanium ores and concentrates,8113,USGS
Spain,1960,ilmenite,12267,USGS
Spain,1960,ilmenite and leucoxene,12267,USGS
Spain,1960,titanium ores and concentrates,12267,USGS
Spain,1961,ilmenite,33184,USGS
Spain,1961,ilmenite and leucoxene,33184,USGS
Spain,1961,titanium ores and concentrates,33184,USGS
Spain,1962,ilmenite,45935,USGS
Spain,1962,ilmenite and leucoxene,45935,USGS
Spain,1962,titanium ores and concentrates,45935,USGS
Spain,1963,ilmenite,0,USGS
Spain,1963,ilmenite and leucoxene,55745,USGS
Spain,1963,titanium ores and concentrates,55745,USGS
Spain,1964,ilmenite,48418,USGS
Spain,1964,ilmenite and leucoxene,48418,USGS
Spain,1964,titanium ores and concentrates,48418,USGS
Spain,1965,ilmenite,22167,USGS
Spain,1965,ilmenite and leucoxene,22167,USGS
Spain,1965,titanium ores and concentrates,22167,USGS
Spain,1966,ilmenite,46548,USGS
Spain,1966,ilmenite and leucoxene,46548,USGS
Spain,1966,titanium ores and concentrates,46548,USGS
Spain,1967,ilmenite,40865,USGS
Spain,1967,ilmenite and leucoxene,40865,USGS
Spain,1967,titanium ores and concentrates,40865,USGS
Spain,1968,ilmenite,43583,USGS
Spain,1968,ilmenite and leucoxene,43583,USGS
Spain,1968,titanium ores and concentrates,43583,USGS
Spain,1969,ilmenite,32223,USGS
Spain,1969,ilmenite and leucoxene,32223,USGS
Spain,1969,titanium ores and concentrates,32223,USGS
Spain,1970,ilmenite,29901,USGS
Spain,1970,ilmenite and leucoxene,29901,USGS
Spain,1970,titanium ores and concentrates,29901,USGS
Spain,1971,ilmenite,26033,USGS
Spain,1971,ilmenite and leucoxene,26033,USGS
Spain,1971,titanium ores and concentrates,26033,USGS
Spain,1972,ilmenite,24783,USGS
Spain,1972,ilmenite and leucoxene,24783,USGS
Spain,1972,titanium ores and concentrates,24783,USGS
Spain,1973,ilmenite,4108,USGS
Spain,1973,ilmenite and leucoxene,4108,USGS
Spain,1973,titanium ores and concentrates,4108,USGS
Spain,1974,ilmenite,0,USGS
Spain,1974,ilmenite and leucoxene,0,USGS
Spain,1974,titanium ores and concentrates,0,USGS
Spain,1975,ilmenite,0,USGS
Spain,1975,ilmenite and leucoxene,0,USGS
Spain,1975,titanium ores and concentrates,0,USGS
Spain,1976,ilmenite,0,USGS
Spain,1976,ilmenite and leucoxene,0,USGS
Spain,1976,titanium ores and concentrates,0,USGS
Spain,1977,ilmenite,0,USGS
Spain,1977,ilmenite and leucoxene,0,USGS
Spain,1977,titanium ores and concentrates,0,USGS
Spain,1978,ilmenite,0,USGS
Spain,1978,ilmenite and leucoxene,0,USGS
Spain,1978,titanium ores and concentrates,0,USGS
Spain,1979,ilmenite,0,USGS
Spain,1979,ilmenite and leucoxene,0,USGS
Spain,1979,titanium ores and concentrates,0,USGS
Spain,1980,ilmenite,0,USGS
Spain,1980,ilmenite and leucoxene,0,USGS
Spain,1980,titanium ores and concentrates,0,USGS
Spain,1981,ilmenite,0,USGS
Spain,1981,ilmenite and leucoxene,0,USGS
Spain,1981,titanium ores and concentrates,0,USGS
Spain,1982,ilmenite,0,USGS
Spain,1982,ilmenite and leucoxene,0,USGS
Spain,1982,titanium ores and concentrates,0,USGS
Spain,1983,ilmenite,0,USGS
Spain,1983,ilmenite and leucoxene,0,USGS
Spain,1983,titanium ores and concentrates,0,USGS
Spain,1984,ilmenite,0,USGS
Spain,1984,ilmenite and leucoxene,0,USGS
Spain,1984,titanium ores and concentrates,0,USGS
Spain,1985,ilmenite,0,USGS
Spain,1985,ilmenite and leucoxene,0,USGS
Spain,1985,titanium ores and concentrates,0,USGS
Spain,1986,ilmenite,0,USGS
Spain,1986,ilmenite and leucoxene,0,USGS
Spain,1986,titanium ores and concentrates,0,USGS
Spain,1987,ilmenite,0,USGS
Spain,1987,ilmenite and leucoxene,0,USGS
Spain,1987,titanium ores and concentrates,0,USGS
Spain,1988,ilmenite,0,USGS
Spain,1988,ilmenite and leucoxene,0,USGS
Spain,1988,titanium ores and concentrates,0,USGS
Spain,1989,ilmenite,0,USGS
Spain,1989,ilmenite and leucoxene,0,USGS
Spain,1989,titanium ores and concentrates,0,USGS
Spain,1990,ilmenite,0,USGS
Spain,1990,ilmenite and leucoxene,0,USGS
Spain,1990,titanium ores and concentrates,0,USGS
Spain,1991,ilmenite,0,USGS
Spain,1991,ilmenite and leucoxene,0,USGS
Spain,1991,titanium ores and concentrates,0,USGS
Spain,1992,ilmenite,0,USGS
Spain,1992,ilmenite and leucoxene,0,USGS
Spain,1992,titanium ores and concentrates,0,USGS
Spain,1993,ilmenite,0,USGS
Spain,1993,ilmenite and leucoxene,0,USGS
Spain,1993,titanium ores and concentrates,0,USGS
Spain,1994,ilmenite,0,USGS
Spain,1994,ilmenite and leucoxene,0,USGS
Spain,1994,titanium ores and concentrates,0,USGS
Spain,1995,ilmenite,0,USGS
Spain,1995,ilmenite and leucoxene,0,USGS
Spain,1995,titanium ores and concentrates,0,USGS
Spain,1996,ilmenite,0,USGS
Spain,1996,ilmenite and leucoxene,0,USGS
Spain,1996,titanium ores and concentrates,0,USGS
Spain,1997,ilmenite,0,USGS
Spain,1997,ilmenite and leucoxene,0,USGS
Spain,1997,titanium ores and concentrates,0,USGS
Spain,1998,ilmenite,0,USGS
Spain,1998,ilmenite and leucoxene,0,USGS
Spain,1998,titanium ores and concentrates,0,USGS
Spain,1999,ilmenite,0,USGS
Spain,1999,ilmenite and leucoxene,0,USGS
Spain,1999,titanium ores and concentrates,0,USGS
Spain,2000,ilmenite,0,USGS
Spain,2000,ilmenite and leucoxene,0,USGS
Spain,2000,titanium ores and concentrates,0,USGS
Spain,2001,ilmenite,0,USGS
Spain,2001,ilmenite and leucoxene,0,USGS
Spain,2001,titanium ores and concentrates,0,USGS
Spain,2002,ilmenite,0,USGS
Spain,2002,ilmenite and leucoxene,0,USGS
Spain,2002,titanium ores and concentrates,0,USGS
Spain,2003,ilmenite,0,USGS
Spain,2003,ilmenite and leucoxene,0,USGS
Spain,2003,titanium ores and concentrates,0,USGS
Spain,2004,ilmenite,0,USGS
Spain,2004,ilmenite and leucoxene,0,USGS
Spain,2004,titanium ores and concentrates,0,USGS
Spain,2005,ilmenite,0,USGS
Spain,2005,ilmenite and leucoxene,0,USGS
Spain,2005,titanium ores and concentrates,0,USGS
Spain,2006,ilmenite,0,USGS
Spain,2006,ilmenite and leucoxene,0,USGS
Spain,2006,titanium ores and concentrates,0,USGS
Spain,2007,ilmenite,0,USGS
Spain,2007,ilmenite and leucoxene,0,USGS
Spain,2007,titanium ores and concentrates,0,USGS
Spain,2008,ilmenite,0,USGS
Spain,2008,ilmenite and leucoxene,0,USGS
Spain,2008,titanium ores and concentrates,0,USGS
Spain,2009,ilmenite,0,USGS
Spain,2009,ilmenite and leucoxene,0,USGS
Spain,2009,titanium ores and concentrates,0,USGS
Spain,2010,ilmenite,0,USGS
Spain,2010,ilmenite and leucoxene,0,USGS
Spain,2010,titanium ores and concentrates,0,USGS
Spain,2011,ilmenite,0,USGS
Spain,2011,ilmenite and leucoxene,0,USGS
Spain,2011,titanium ores and concentrates,0,USGS
Spain,2012,ilmenite,0,USGS
Spain,2012,ilmenite and leucoxene,0,USGS
Spain,2012,titanium ores and concentrates,0,USGS
Spain,2013,ilmenite,0,USGS
Spain,2013,ilmenite and leucoxene,0,USGS
Spain,2013,titanium ores and concentrates,0,USGS
Spain,2014,ilmenite,0,USGS
Spain,2014,ilmenite and leucoxene,0,USGS
Spain,2014,titanium ores and concentrates,0,USGS
Spain,2015,ilmenite,0,USGS
Spain,2015,ilmenite and leucoxene,0,USGS
Spain,2015,titanium ores and concentrates,0,USGS
Spain,2016,ilmenite,0,USGS
Spain,2016,ilmenite and leucoxene,0,USGS
Spain,2016,titanium ores and concentrates,0,USGS
Spain,2017,ilmenite,0,USGS
Spain,2017,ilmenite and leucoxene,0,USGS
Spain,2017,titanium ores and concentrates,0,USGS
Spain,2018,ilmenite,0,USGS
Spain,2018,ilmenite and leucoxene,0,USGS
Spain,2018,titanium ores and concentrates,0,USGS
Spain,2019,ilmenite,0,USGS
Spain,2019,ilmenite and leucoxene,0,USGS
Spain,2019,titanium ores and concentrates,0,USGS
Spain,2020,ilmenite,0,USGS
Spain,2020,ilmenite and leucoxene,0,USGS
Spain,2020,titanium ores and concentrates,0,USGS
Spain,2021,ilmenite,0,USGS
Spain,2021,ilmenite and leucoxene,0,USGS
Spain,2021,titanium ores and concentrates,0,USGS
Spain,2022,ilmenite,0,USGS
Spain,2022,ilmenite and leucoxene,0,USGS
Spain,2022,titanium ores and concentrates,0,USGS
Sri Lanka,1950,ilmenite and leucoxene,0,USGS
Sri Lanka,1950,rutile,0,USGS
Sri Lanka,1950,titanium ores and concentrates,0,USGS
Sri Lanka,1951,ilmenite and leucoxene,0,USGS
Sri Lanka,1951,rutile,0,USGS
Sri Lanka,1951,titanium ores and concentrates,0,USGS
Sri Lanka,1952,ilmenite and leucoxene,0,USGS
Sri Lanka,1952,rutile,0,USGS
Sri Lanka,1952,titanium ores and concentrates,0,USGS
Sri Lanka,1953,ilmenite and leucoxene,0,USGS
Sri Lanka,1953,rutile,0,USGS
Sri Lanka,1953,titanium ores and concentrates,0,USGS
Sri Lanka,1954,ilmenite and leucoxene,0,USGS
Sri Lanka,1954,rutile,0,USGS
Sri Lanka,1954,titanium ores and concentrates,0,USGS
Sri Lanka,1955,ilmenite and leucoxene,0,USGS
Sri Lanka,1955,rutile,0,USGS
Sri Lanka,1955,titanium ores and concentrates,0,USGS
Sri Lanka,1956,ilmenite and leucoxene,0,USGS
Sri Lanka,1956,rutile,0,USGS
Sri Lanka,1956,titanium ores and concentrates,0,USGS
Sri Lanka,1957,ilmenite and leucoxene,0,USGS
Sri Lanka,1957,rutile,0,USGS
Sri Lanka,1957,titanium ores and concentrates,0,USGS
Sri Lanka,1958,ilmenite and leucoxene,0,USGS
Sri Lanka,1958,rutile,0,USGS
Sri Lanka,1958,titanium ores and concentrates,0,USGS
Sri Lanka,1959,ilmenite and leucoxene,0,USGS
Sri Lanka,1959,rutile,0,USGS
Sri Lanka,1959,titanium ores and concentrates,0,USGS
Sri Lanka,1960,ilmenite and leucoxene,7000,USGS
Sri Lanka,1960,rutile,0,USGS
Sri Lanka,1960,titanium ores and concentrates,7000,USGS
Sri Lanka,1961,ilmenite and leucoxene,11199,USGS
Sri Lanka,1961,rutile,0,USGS
Sri Lanka,1961,titanium ores and concentrates,11199,USGS
Sri Lanka,1962,ilmenite and leucoxene,4652,USGS
Sri Lanka,1962,rutile,0,USGS
Sri Lanka,1962,titanium ores and concentrates,4652,USGS
Sri Lanka,1963,ilmenite and leucoxene,21041,USGS
Sri Lanka,1963,rutile,0,USGS
Sri Lanka,1963,titanium ores and concentrates,21041,USGS
Sri Lanka,1964,ilmenite and leucoxene,50880,USGS
Sri Lanka,1964,rutile,0,USGS
Sri Lanka,1964,titanium ores and concentrates,50880,USGS
Sri Lanka,1965,ilmenite and leucoxene,54222,USGS
Sri Lanka,1965,rutile,0,USGS
Sri Lanka,1965,titanium ores and concentrates,54222,USGS
Sri Lanka,1966,ilmenite and leucoxene,45415,USGS
Sri Lanka,1966,rutile,0,USGS
Sri Lanka,1966,titanium ores and concentrates,45415,USGS
Sri Lanka,1967,ilmenite and leucoxene,58573,USGS
Sri Lanka,1967,rutile,0,USGS
Sri Lanka,1967,titanium ores and concentrates,58573,USGS
Sri Lanka,1968,ilmenite and leucoxene,82238,USGS
Sri Lanka,1968,rutile,1270,USGS
Sri Lanka,1968,titanium ores and concentrates,83508,USGS
Sri Lanka,1969,ilmenite and leucoxene,91332,USGS
Sri Lanka,1969,rutile,3036,USGS
Sri Lanka,1969,titanium ores and concentrates,94368,USGS
Sri Lanka,1970,ilmenite and leucoxene,93209,USGS
Sri Lanka,1970,rutile,3100,USGS
Sri Lanka,1970,titanium ores and concentrates,96309,USGS
Sri Lanka,1971,ilmenite and leucoxene,102396,USGS
Sri Lanka,1971,rutile,3100,USGS
Sri Lanka,1971,titanium ores and concentrates,105496,USGS
Sri Lanka,1972,ilmenite and leucoxene,90944,USGS
Sri Lanka,1972,rutile,2371,USGS
Sri Lanka,1972,titanium ores and concentrates,93315,USGS
Sri Lanka,1973,ilmenite and leucoxene,103046,USGS
Sri Lanka,1973,rutile,2482,USGS
Sri Lanka,1973,titanium ores and concentrates,105528,USGS
Sri Lanka,1974,ilmenite and leucoxene,93856,USGS
Sri Lanka,1974,rutile,3450,USGS
Sri Lanka,1974,titanium ores and concentrates,97306,USGS
Sri Lanka,1975,ilmenite and leucoxene,70559,USGS
Sri Lanka,1975,rutile,3427,USGS
Sri Lanka,1975,titanium ores and concentrates,73986,USGS
Sri Lanka,1976,ilmenite and leucoxene,61524,USGS
Sri Lanka,1976,rutile,1145,USGS
Sri Lanka,1976,titanium ores and concentrates,62669,USGS
Sri Lanka,1977,ilmenite and leucoxene,37580,USGS
Sri Lanka,1977,rutile,1078,USGS
Sri Lanka,1977,titanium ores and concentrates,38658,USGS
Sri Lanka,1978,ilmenite and leucoxene,36421,USGS
Sri Lanka,1978,rutile,12673,USGS
Sri Lanka,1978,titanium ores and concentrates,49094,USGS
Sri Lanka,1979,ilmenite and leucoxene,61035,USGS
Sri Lanka,1979,rutile,16176,USGS
Sri Lanka,1979,titanium ores and concentrates,77261,USGS
Sri Lanka,1980,ilmenite and leucoxene,37430,USGS
Sri Lanka,1980,rutile,14097,USGS
Sri Lanka,1980,titanium ores and concentrates,51527,USGS
Sri Lanka,1981,ilmenite and leucoxene,88197,USGS
Sri Lanka,1981,rutile,14662,USGS
Sri Lanka,1981,titanium ores and concentrates,102859,USGS
Sri Lanka,1982,ilmenite and leucoxene,75258,USGS
Sri Lanka,1982,rutile,7950,USGS
Sri Lanka,1982,titanium ores and concentrates,83208,USGS
Sri Lanka,1983,ilmenite and leucoxene,90145,USGS
Sri Lanka,1983,rutile,8921,USGS
Sri Lanka,1983,titanium ores and concentrates,99066,USGS
Sri Lanka,1984,ilmenite and leucoxene,112489,USGS
Sri Lanka,1984,rutile,7129,USGS
Sri Lanka,1984,titanium ores and concentrates,119618,USGS
Sri Lanka,1985,ilmenite and leucoxene,114854,USGS
Sri Lanka,1985,rutile,8558,USGS
Sri Lanka,1985,titanium ores and concentrates,123412,USGS
Sri Lanka,1986,ilmenite and leucoxene,129907,USGS
Sri Lanka,1986,rutile,8443,USGS
Sri Lanka,1986,titanium ores and concentrates,138350,USGS
Sri Lanka,1987,ilmenite and leucoxene,128300,USGS
Sri Lanka,1987,rutile,7200,USGS
Sri Lanka,1987,titanium ores and concentrates,135500,USGS
Sri Lanka,1988,ilmenite and leucoxene,74305,USGS
Sri Lanka,1988,rutile,5255,USGS
Sri Lanka,1988,titanium ores and concentrates,79560,USGS
Sri Lanka,1989,ilmenite and leucoxene,101354,USGS
Sri Lanka,1989,rutile,5589,USGS
Sri Lanka,1989,titanium ores and concentrates,106943,USGS
Sri Lanka,1990,ilmenite and leucoxene,66400,USGS
Sri Lanka,1990,rutile,3460,USGS
Sri Lanka,1990,titanium ores and concentrates,69860,USGS
Sri Lanka,1991,ilmenite and leucoxene,60861,USGS
Sri Lanka,1991,rutile,3085,USGS
Sri Lanka,1991,titanium ores and concentrates,63946,USGS
Sri Lanka,1992,ilmenite and leucoxene,33283,USGS
Sri Lanka,1992,rutile,2741,USGS
Sri Lanka,1992,titanium ores and concentrates,36024,USGS
Sri Lanka,1993,ilmenite and leucoxene,76930,USGS
Sri Lanka,1993,rutile,2643,USGS
Sri Lanka,1993,titanium ores and concentrates,79573,USGS
Sri Lanka,1994,ilmenite and leucoxene,60445,USGS
Sri Lanka,1994,rutile,2410,USGS
Sri Lanka,1994,titanium ores and concentrates,62855,USGS
Sri Lanka,1995,ilmenite and leucoxene,49655,USGS
Sri Lanka,1995,rutile,2697,USGS
Sri Lanka,1995,titanium ores and concentrates,52352,USGS
Sri Lanka,1996,ilmenite and leucoxene,62810,USGS
Sri Lanka,1996,rutile,3532,USGS
Sri Lanka,1996,titanium ores and concentrates,66342,USGS
Sri Lanka,1997,ilmenite and leucoxene,17970,USGS
Sri Lanka,1997,rutile,2970,USGS
Sri Lanka,1997,titanium ores and concentrates,20940,USGS
Sri Lanka,1998,ilmenite and leucoxene,34118,USGS
Sri Lanka,1998,rutile,1930,USGS
Sri Lanka,1998,titanium ores and concentrates,36048,USGS
Sri Lanka,1999,ilmenite and leucoxene,0,USGS
Sri Lanka,1999,rutile,0,USGS
Sri Lanka,1999,titanium ores and concentrates,0,USGS
Sri Lanka,2000,ilmenite and leucoxene,0,USGS
Sri Lanka,2000,rutile,0,USGS
Sri Lanka,2000,titanium ores and concentrates,0,USGS
Sri Lanka,2001,ilmenite and leucoxene,0,USGS
Sri Lanka,2001,rutile,0,USGS
Sri Lanka,2001,titanium ores and concentrates,0,USGS
Sri Lanka,2002,ilmenite and leucoxene,0,USGS
Sri Lanka,2002,rutile,0,USGS
Sri Lanka,2002,titanium ores and concentrates,0,USGS
Sri Lanka,2003,ilmenite and leucoxene,0,USGS
Sri Lanka,2003,rutile,0,USGS
Sri Lanka,2003,titanium ores and concentrates,0,USGS
Sri Lanka,2004,ilmenite and leucoxene,0,USGS
Sri Lanka,2004,rutile,0,USGS
Sri Lanka,2004,titanium ores and concentrates,0,USGS
Sri Lanka,2005,ilmenite and leucoxene,50000,USGS
Sri Lanka,2005,rutile,3000,USGS
Sri Lanka,2005,titanium ores and concentrates,53000,USGS
Sri Lanka,2006,ilmenite and leucoxene,57033,USGS
Sri Lanka,2006,rutile,2280,USGS
Sri Lanka,2006,titanium ores and concentrates,59313,USGS
Sri Lanka,2007,ilmenite and leucoxene,70728,USGS
Sri Lanka,2007,rutile,4607,USGS
Sri Lanka,2007,titanium ores and concentrates,75335,USGS
Sri Lanka,2008,ilmenite and leucoxene,22159,USGS
Sri Lanka,2008,rutile,11335,USGS
Sri Lanka,2008,titanium ores and concentrates,33494,USGS
Sri Lanka,2009,ilmenite and leucoxene,122424,USGS
Sri Lanka,2009,rutile,2276,USGS
Sri Lanka,2009,titanium ores and concentrates,124700,USGS
Sri Lanka,2010,ilmenite and leucoxene,52263,USGS
Sri Lanka,2010,rutile,2568,USGS
Sri Lanka,2010,titanium ores and concentrates,54831,USGS
Sri Lanka,2011,ilmenite and leucoxene,68085,USGS
Sri Lanka,2011,rutile,1970,USGS
Sri Lanka,2011,titanium ores and concentrates,70055,USGS
Sri Lanka,2012,ilmenite and leucoxene,40100,USGS
Sri Lanka,2012,rutile,1970,USGS
Sri Lanka,2012,titanium ores and concentrates,42070,USGS
Sri Lanka,2013,ilmenite and leucoxene,44129,USGS
Sri Lanka,2013,rutile,1590,USGS
Sri Lanka,2013,titanium ores and concentrates,45719,USGS
Sri Lanka,2014,ilmenite and leucoxene,32972,USGS
Sri Lanka,2014,rutile,2111,USGS
Sri Lanka,2014,titanium ores and concentrates,35083,USGS
Sri Lanka,2015,ilmenite and leucoxene,39439,USGS
Sri Lanka,2015,rutile,1808,USGS
Sri Lanka,2015,titanium ores and concentrates,41247,USGS
Sri Lanka,2016,ilmenite and leucoxene,26159,USGS
Sri Lanka,2016,rutile,2237,USGS
Sri Lanka,2016,titanium ores and concentrates,28396,USGS
Sri Lanka,2017,ilmenite and leucoxene,51940,USGS
Sri Lanka,2017,rutile,2174,USGS
Sri Lanka,2017,titanium ores and concentrates,54114,USGS
Sri Lanka,2018,ilmenite and leucoxene,60847,USGS
Sri Lanka,2018,rutile,2319,USGS
Sri Lanka,2018,titanium ores and concentrates,63166,USGS
Sri Lanka,2019,ilmenite and leucoxene,43789,USGS
Sri Lanka,2019,rutile,1959,USGS
Sri Lanka,2019,titanium ores and concentrates,45748,USGS
Sri Lanka,2020,ilmenite and leucoxene,18016,USGS
Sri Lanka,2020,rutile,1311,USGS
Sri Lanka,2020,titanium ores and concentrates,19327,USGS
Sri Lanka,2021,ilmenite and leucoxene,49068,USGS
Sri Lanka,2021,rutile,1881,USGS
Sri Lanka,2021,titanium ores and concentrates,50949,USGS
Sri Lanka,2022,ilmenite and leucoxene,34492,USGS
Sri Lanka,2022,rutile,741,USGS
Sri Lanka,2022,titanium ores and concentrates,35233,USGS
Thailand,1950,ilmenite and leucoxene,0,USGS
Thailand,1950,titanium ores and concentrates,0,USGS
Thailand,1951,ilmenite and leucoxene,0,USGS
Thailand,1951,titanium ores and concentrates,0,USGS
Thailand,1952,ilmenite and leucoxene,0,USGS
Thailand,1952,titanium ores and concentrates,0,USGS
Thailand,1953,ilmenite and leucoxene,0,USGS
Thailand,1953,titanium ores and concentrates,0,USGS
Thailand,1954,ilmenite and leucoxene,0,USGS
Thailand,1954,titanium ores and concentrates,0,USGS
Thailand,1955,ilmenite and leucoxene,0,USGS
Thailand,1955,titanium ores and concentrates,0,USGS
Thailand,1956,ilmenite and leucoxene,386,USGS
Thailand,1956,titanium ores and concentrates,386,USGS
Thailand,1957,ilmenite and leucoxene,2039,USGS
Thailand,1957,titanium ores and concentrates,2039,USGS
Thailand,1958,ilmenite and leucoxene,922,USGS
Thailand,1958,titanium ores and concentrates,922,USGS
Thailand,1959,ilmenite and leucoxene,550,USGS
Thailand,1959,titanium ores and concentrates,550,USGS
Thailand,1960,ilmenite and leucoxene,0,USGS
Thailand,1960,titanium ores and concentrates,0,USGS
Thailand,1961,ilmenite and leucoxene,0,USGS
Thailand,1961,titanium ores and concentrates,0,USGS
Thailand,1962,ilmenite and leucoxene,0,USGS
Thailand,1962,titanium ores and concentrates,0,USGS
Thailand,1963,ilmenite and leucoxene,0,USGS
Thailand,1963,titanium ores and concentrates,0,USGS
Thailand,1964,ilmenite and leucoxene,0,USGS
Thailand,1964,titanium ores and concentrates,0,USGS
Thailand,1965,ilmenite and leucoxene,0,USGS
Thailand,1965,titanium ores and concentrates,0,USGS
Thailand,1966,ilmenite and leucoxene,0,USGS
Thailand,1966,titanium ores and concentrates,0,USGS
Thailand,1967,ilmenite and leucoxene,0,USGS
Thailand,1967,titanium ores and concentrates,0,USGS
Thailand,1968,ilmenite and leucoxene,0,USGS
Thailand,1968,titanium ores and concentrates,0,USGS
Thailand,1969,ilmenite and leucoxene,0,USGS
Thailand,1969,titanium ores and concentrates,0,USGS
Thailand,1970,ilmenite and leucoxene,0,USGS
Thailand,1970,titanium ores and concentrates,0,USGS
Thailand,1971,ilmenite and leucoxene,0,USGS
Thailand,1971,titanium ores and concentrates,0,USGS
Thailand,1972,ilmenite and leucoxene,0,USGS
Thailand,1972,titanium ores and concentrates,0,USGS
Thailand,1973,ilmenite and leucoxene,0,USGS
Thailand,1973,titanium ores and concentrates,0,USGS
Thailand,1974,ilmenite and leucoxene,0,USGS
Thailand,1974,titanium ores and concentrates,0,USGS
Thailand,1975,ilmenite and leucoxene,0,USGS
Thailand,1975,titanium ores and concentrates,0,USGS
Thailand,1976,ilmenite and leucoxene,0,USGS
Thailand,1976,titanium ores and concentrates,0,USGS
Thailand,1977,ilmenite and leucoxene,0,USGS
Thailand,1977,titanium ores and concentrates,0,USGS
Thailand,1978,ilmenite and leucoxene,0,USGS
Thailand,1978,titanium ores and concentrates,0,USGS
Thailand,1979,ilmenite and leucoxene,0,USGS
Thailand,1979,titanium ores and concentrates,0,USGS
Thailand,1980,ilmenite and leucoxene,0,USGS
Thailand,1980,titanium ores and concentrates,0,USGS
Thailand,1981,ilmenite and leucoxene,41,USGS
Thailand,1981,titanium ores and concentrates,41,USGS
Thailand,1982,ilmenite and leucoxene,0,USGS
Thailand,1982,titanium ores and concentrates,0,USGS
Thailand,1983,ilmenite and leucoxene,226,USGS
Thailand,1983,titanium ores and concentrates,226,USGS
Thailand,1984,ilmenite and leucoxene,163,USGS
Thailand,1984,titanium ores and concentrates,163,USGS
Thailand,1985,ilmenite and leucoxene,1078,USGS
Thailand,1985,titanium ores and concentrates,1078,USGS
Thailand,1986,ilmenite and leucoxene,14295,USGS
Thailand,1986,titanium ores and concentrates,14295,USGS
Thailand,1987,ilmenite and leucoxene,27078,USGS
Thailand,1987,titanium ores and concentrates,27078,USGS
Thailand,1988,ilmenite and leucoxene,18254,USGS
Thailand,1988,titanium ores and concentrates,18382,USGS
Thailand,1989,ilmenite and leucoxene,16985,USGS
Thailand,1989,titanium ores and concentrates,16985,USGS
Thailand,1990,ilmenite and leucoxene,10700,USGS
Thailand,1990,titanium ores and concentrates,10700,USGS
Thailand,1991,ilmenite and leucoxene,17075,USGS
Thailand,1991,titanium ores and concentrates,17075,USGS
Thailand,1992,ilmenite and leucoxene,2967,USGS
Thailand,1992,titanium ores and concentrates,2967,USGS
Thailand,1993,ilmenite and leucoxene,20821,USGS
Thailand,1993,titanium ores and concentrates,20821,USGS
Thailand,1994,ilmenite and leucoxene,1677,USGS
Thailand,1994,titanium ores and concentrates,1677,USGS
Thailand,1995,ilmenite and leucoxene,33,USGS
Thailand,1995,titanium ores and concentrates,33,USGS
Thailand,1996,ilmenite and leucoxene,0,USGS
Thailand,1996,titanium ores and concentrates,0,USGS
Thailand,1997,ilmenite and leucoxene,0,USGS
Thailand,1997,titanium ores and concentrates,0,USGS
Thailand,1998,ilmenite and leucoxene,0,USGS
Thailand,1998,titanium ores and concentrates,0,USGS
Thailand,1999,ilmenite and leucoxene,0,USGS
Thailand,1999,titanium ores and concentrates,0,USGS
Thailand,2000,ilmenite and leucoxene,0,USGS
Thailand,2000,titanium ores and concentrates,0,USGS
Thailand,2001,ilmenite and leucoxene,0,USGS
Thailand,2001,titanium ores and concentrates,0,USGS
Thailand,2002,ilmenite and leucoxene,0,USGS
Thailand,2002,titanium ores and concentrates,0,USGS
Thailand,2003,ilmenite and leucoxene,0,USGS
Thailand,2003,titanium ores and concentrates,0,USGS
Thailand,2004,ilmenite and leucoxene,0,USGS
Thailand,2004,titanium ores and concentrates,0,USGS
Thailand,2005,ilmenite and leucoxene,0,USGS
Thailand,2005,titanium ores and concentrates,0,USGS
Thailand,2006,ilmenite and leucoxene,0,USGS
Thailand,2006,titanium ores and concentrates,0,USGS
Thailand,2007,ilmenite and leucoxene,0,USGS
Thailand,2007,titanium ores and concentrates,0,USGS
Thailand,2008,ilmenite and leucoxene,0,USGS
Thailand,2008,titanium ores and concentrates,0,USGS
Thailand,2009,ilmenite and leucoxene,0,USGS
Thailand,2009,titanium ores and concentrates,0,USGS
Thailand,2010,ilmenite and leucoxene,0,USGS
Thailand,2010,titanium ores and concentrates,0,USGS
Thailand,2011,ilmenite and leucoxene,0,USGS
Thailand,2011,titanium ores and concentrates,0,USGS
Thailand,2012,ilmenite and leucoxene,0,USGS
Thailand,2012,titanium ores and concentrates,0,USGS
Thailand,2013,ilmenite and leucoxene,0,USGS
Thailand,2013,titanium ores and concentrates,0,USGS
Thailand,2014,ilmenite and leucoxene,0,USGS
Thailand,2014,titanium ores and concentrates,0,USGS
Thailand,2015,ilmenite and leucoxene,0,USGS
Thailand,2015,titanium ores and concentrates,0,USGS
Thailand,2016,ilmenite and leucoxene,0,USGS
Thailand,2016,titanium ores and concentrates,0,USGS
Thailand,2017,ilmenite and leucoxene,0,USGS
Thailand,2017,titanium ores and concentrates,0,USGS
Thailand,2018,ilmenite and leucoxene,0,USGS
Thailand,2018,titanium ores and concentrates,0,USGS
Thailand,2019,ilmenite and leucoxene,0,USGS
Thailand,2019,titanium ores and concentrates,0,USGS
Thailand,2020,ilmenite and leucoxene,0,USGS
Thailand,2020,titanium ores and concentrates,0,USGS
Thailand,2021,ilmenite and leucoxene,0,USGS
Thailand,2021,titanium ores and concentrates,0,USGS
Thailand,2022,ilmenite and leucoxene,0,USGS
Thailand,2022,titanium ores and concentrates,0,USGS
Turkey,1950,rutile,0,USGS
Turkey,1950,titanium ores and concentrates,0,USGS
Turkey,1951,rutile,0,USGS
Turkey,1951,titanium ores and concentrates,0,USGS
Turkey,1952,rutile,0,USGS
Turkey,1952,titanium ores and concentrates,0,USGS
Turkey,1953,rutile,0,USGS
Turkey,1953,titanium ores and concentrates,0,USGS
Turkey,1954,rutile,0,USGS
Turkey,1954,titanium ores and concentrates,0,USGS
Turkey,1955,rutile,0,USGS
Turkey,1955,titanium ores and concentrates,0,USGS
Turkey,1956,rutile,0,USGS
Turkey,1956,titanium ores and concentrates,0,USGS
Turkey,1957,rutile,0,USGS
Turkey,1957,titanium ores and concentrates,0,USGS
Turkey,1958,rutile,0,USGS
Turkey,1958,titanium ores and concentrates,0,USGS
Turkey,1959,rutile,0,USGS
Turkey,1959,titanium ores and concentrates,0,USGS
Turkey,1960,rutile,0,USGS
Turkey,1960,titanium ores and concentrates,0,USGS
Turkey,1961,rutile,0,USGS
Turkey,1961,titanium ores and concentrates,0,USGS
Turkey,1962,rutile,0,USGS
Turkey,1962,titanium ores and concentrates,0,USGS
Turkey,1963,rutile,0,USGS
Turkey,1963,titanium ores and concentrates,0,USGS
Turkey,1964,rutile,0,USGS
Turkey,1964,titanium ores and concentrates,0,USGS
Turkey,1965,rutile,0,USGS
Turkey,1965,titanium ores and concentrates,0,USGS
Turkey,1966,rutile,0,USGS
Turkey,1966,titanium ores and concentrates,0,USGS
Turkey,1967,rutile,0,USGS
Turkey,1967,titanium ores and concentrates,0,USGS
Turkey,1968,rutile,0,USGS
Turkey,1968,titanium ores and concentrates,0,USGS
Turkey,1969,rutile,0,USGS
Turkey,1969,titanium ores and concentrates,0,USGS
Turkey,1970,rutile,0,USGS
Turkey,1970,titanium ores and concentrates,0,USGS
Turkey,1971,rutile,0,USGS
Turkey,1971,titanium ores and concentrates,0,USGS
Turkey,1972,rutile,0,USGS
Turkey,1972,titanium ores and concentrates,0,USGS
Turkey,1973,rutile,0,USGS
Turkey,1973,titanium ores and concentrates,0,USGS
Turkey,1974,rutile,0,USGS
Turkey,1974,titanium ores and concentrates,0,USGS
Turkey,1975,rutile,0,USGS
Turkey,1975,titanium ores and concentrates,0,USGS
Turkey,1976,rutile,0,USGS
Turkey,1976,titanium ores and concentrates,0,USGS
Turkey,1977,rutile,0,USGS
Turkey,1977,titanium ores and concentrates,0,USGS
Turkey,1978,rutile,0,USGS
Turkey,1978,titanium ores and concentrates,0,USGS
Turkey,1979,rutile,0,USGS
Turkey,1979,titanium ores and concentrates,0,USGS
Turkey,1980,rutile,0,USGS
Turkey,1980,titanium ores and concentrates,0,USGS
Turkey,1981,rutile,0,USGS
Turkey,1981,titanium ores and concentrates,0,USGS
Turkey,1982,rutile,0,USGS
Turkey,1982,titanium ores and concentrates,0,USGS
Turkey,1983,rutile,0,USGS
Turkey,1983,titanium ores and concentrates,0,USGS
Turkey,1984,rutile,0,USGS
Turkey,1984,titanium ores and concentrates,0,USGS
Turkey,1985,rutile,0,USGS
Turkey,1985,titanium ores and concentrates,0,USGS
Turkey,1986,rutile,0,USGS
Turkey,1986,titanium ores and concentrates,0,USGS
Turkey,1987,rutile,0,USGS
Turkey,1987,titanium ores and concentrates,0,USGS
Turkey,1988,rutile,0,USGS
Turkey,1988,titanium ores and concentrates,0,USGS
Turkey,1989,rutile,0,USGS
Turkey,1989,titanium ores and concentrates,0,USGS
Turkey,1990,rutile,0,USGS
Turkey,1990,titanium ores and concentrates,0,USGS
Turkey,1991,rutile,0,USGS
Turkey,1991,titanium ores and concentrates,0,USGS
Turkey,1992,rutile,0,USGS
Turkey,1992,titanium ores and concentrates,0,USGS
Turkey,1993,rutile,0,USGS
Turkey,1993,titanium ores and concentrates,0,USGS
Turkey,1994,rutile,0,USGS
Turkey,1994,titanium ores and concentrates,0,USGS
Turkey,1995,rutile,0,USGS
Turkey,1995,titanium ores and concentrates,0,USGS
Turkey,1996,rutile,0,USGS
Turkey,1996,titanium ores and concentrates,0,USGS
Turkey,1997,rutile,0,USGS
Turkey,1997,titanium ores and concentrates,0,USGS
Turkey,1998,rutile,0,USGS
Turkey,1998,titanium ores and concentrates,0,USGS
Turkey,1999,rutile,0,USGS
Turkey,1999,titanium ores and concentrates,0,USGS
Turkey,2000,rutile,0,USGS
Turkey,2000,titanium ores and concentrates,0,USGS
Turkey,2001,rutile,0,USGS
Turkey,2001,titanium ores and concentrates,0,USGS
Turkey,2002,rutile,0,USGS
Turkey,2002,titanium ores and concentrates,0,USGS
Turkey,2003,rutile,0,USGS
Turkey,2003,titanium ores and concentrates,0,USGS
Turkey,2004,rutile,0,USGS
Turkey,2004,titanium ores and concentrates,0,USGS
Turkey,2005,rutile,0,USGS
Turkey,2005,titanium ores and concentrates,0,USGS
Turkey,2006,rutile,0,USGS
Turkey,2006,titanium ores and concentrates,0,USGS
Turkey,2007,rutile,0,USGS
Turkey,2007,titanium ores and concentrates,0,USGS
Turkey,2008,rutile,0,USGS
Turkey,2008,titanium ores and concentrates,0,USGS
Turkey,2009,rutile,0,USGS
Turkey,2009,titanium ores and concentrates,0,USGS
Turkey,2010,rutile,0,USGS
Turkey,2010,titanium ores and concentrates,0,USGS
Turkey,2011,rutile,0,USGS
Turkey,2011,titanium ores and concentrates,0,USGS
Turkey,2012,rutile,5000,USGS
Turkey,2012,titanium ores and concentrates,5000,USGS
Turkey,2013,rutile,5000,USGS
Turkey,2013,titanium ores and concentrates,5000,USGS
Turkey,2014,rutile,5000,USGS
Turkey,2014,titanium ores and concentrates,5000,USGS
Turkey,2015,rutile,5000,USGS
Turkey,2015,titanium ores and concentrates,5000,USGS
Turkey,2016,rutile,5000,USGS
Turkey,2016,titanium ores and concentrates,5000,USGS
Turkey,2017,rutile,6706,USGS
Turkey,2017,titanium ores and concentrates,6706,USGS
Turkey,2018,rutile,6498,USGS
Turkey,2018,titanium ores and concentrates,6498,USGS
Turkey,2019,rutile,6450,USGS
Turkey,2019,titanium ores and concentrates,6450,USGS
Turkey,2020,rutile,6795,USGS
Turkey,2020,titanium ores and concentrates,6795,USGS
Turkey,2021,rutile,7451,USGS
Turkey,2021,titanium ores and concentrates,7451,USGS
Turkey,2022,rutile,1100,USGS
Turkey,2022,titanium ores and concentrates,1100,USGS
Ukraine,1950,ilmenite and leucoxene,0,USGS
Ukraine,1950,rutile,0,USGS
Ukraine,1950,titanium ores and concentrates,0,USGS
Ukraine,1951,ilmenite and leucoxene,0,USGS
Ukraine,1951,rutile,0,USGS
Ukraine,1951,titanium ores and concentrates,0,USGS
Ukraine,1952,ilmenite and leucoxene,0,USGS
Ukraine,1952,rutile,0,USGS
Ukraine,1952,titanium ores and concentrates,0,USGS
Ukraine,1953,ilmenite and leucoxene,0,USGS
Ukraine,1953,rutile,0,USGS
Ukraine,1953,titanium ores and concentrates,0,USGS
Ukraine,1954,ilmenite and leucoxene,0,USGS
Ukraine,1954,rutile,0,USGS
Ukraine,1954,titanium ores and concentrates,0,USGS
Ukraine,1955,ilmenite and leucoxene,0,USGS
Ukraine,1955,rutile,0,USGS
Ukraine,1955,titanium ores and concentrates,0,USGS
Ukraine,1956,ilmenite and leucoxene,0,USGS
Ukraine,1956,rutile,0,USGS
Ukraine,1956,titanium ores and concentrates,0,USGS
Ukraine,1957,ilmenite and leucoxene,0,USGS
Ukraine,1957,rutile,0,USGS
Ukraine,1957,titanium ores and concentrates,0,USGS
Ukraine,1958,ilmenite and leucoxene,0,USGS
Ukraine,1958,rutile,0,USGS
Ukraine,1958,titanium ores and concentrates,0,USGS
Ukraine,1959,ilmenite and leucoxene,0,USGS
Ukraine,1959,rutile,0,USGS
Ukraine,1959,titanium ores and concentrates,0,USGS
Ukraine,1960,ilmenite and leucoxene,0,USGS
Ukraine,1960,rutile,0,USGS
Ukraine,1960,titanium ores and concentrates,0,USGS
Ukraine,1961,ilmenite and leucoxene,0,USGS
Ukraine,1961,rutile,0,USGS
Ukraine,1961,titanium ores and concentrates,0,USGS
Ukraine,1962,ilmenite and leucoxene,0,USGS
Ukraine,1962,rutile,0,USGS
Ukraine,1962,titanium ores and concentrates,0,USGS
Ukraine,1963,ilmenite and leucoxene,0,USGS
Ukraine,1963,rutile,0,USGS
Ukraine,1963,titanium ores and concentrates,0,USGS
Ukraine,1964,ilmenite and leucoxene,0,USGS
Ukraine,1964,rutile,0,USGS
Ukraine,1964,titanium ores and concentrates,0,USGS
Ukraine,1965,ilmenite and leucoxene,0,USGS
Ukraine,1965,rutile,0,USGS
Ukraine,1965,titanium ores and concentrates,0,USGS
Ukraine,1966,ilmenite and leucoxene,0,USGS
Ukraine,1966,rutile,0,USGS
Ukraine,1966,titanium ores and concentrates,0,USGS
Ukraine,1967,ilmenite and leucoxene,0,USGS
Ukraine,1967,rutile,0,USGS
Ukraine,1967,titanium ores and concentrates,0,USGS
Ukraine,1968,ilmenite and leucoxene,0,USGS
Ukraine,1968,rutile,0,USGS
Ukraine,1968,titanium ores and concentrates,0,USGS
Ukraine,1969,ilmenite and leucoxene,0,USGS
Ukraine,1969,rutile,0,USGS
Ukraine,1969,titanium ores and concentrates,0,USGS
Ukraine,1970,ilmenite and leucoxene,0,USGS
Ukraine,1970,rutile,0,USGS
Ukraine,1970,titanium ores and concentrates,0,USGS
Ukraine,1971,ilmenite and leucoxene,0,USGS
Ukraine,1971,rutile,0,USGS
Ukraine,1971,titanium ores and concentrates,0,USGS
Ukraine,1972,ilmenite and leucoxene,0,USGS
Ukraine,1972,rutile,0,USGS
Ukraine,1972,titanium ores and concentrates,0,USGS
Ukraine,1973,ilmenite and leucoxene,0,USGS
Ukraine,1973,rutile,0,USGS
Ukraine,1973,titanium ores and concentrates,0,USGS
Ukraine,1974,ilmenite and leucoxene,0,USGS
Ukraine,1974,rutile,0,USGS
Ukraine,1974,titanium ores and concentrates,0,USGS
Ukraine,1975,ilmenite and leucoxene,0,USGS
Ukraine,1975,rutile,0,USGS
Ukraine,1975,titanium ores and concentrates,0,USGS
Ukraine,1976,ilmenite and leucoxene,0,USGS
Ukraine,1976,rutile,0,USGS
Ukraine,1976,titanium ores and concentrates,0,USGS
Ukraine,1977,ilmenite and leucoxene,0,USGS
Ukraine,1977,rutile,0,USGS
Ukraine,1977,titanium ores and concentrates,0,USGS
Ukraine,1978,ilmenite and leucoxene,0,USGS
Ukraine,1978,rutile,0,USGS
Ukraine,1978,titanium ores and concentrates,0,USGS
Ukraine,1979,ilmenite and leucoxene,0,USGS
Ukraine,1979,rutile,0,USGS
Ukraine,1979,titanium ores and concentrates,0,USGS
Ukraine,1980,ilmenite and leucoxene,0,USGS
Ukraine,1980,rutile,0,USGS
Ukraine,1980,titanium ores and concentrates,0,USGS
Ukraine,1981,ilmenite and leucoxene,0,USGS
Ukraine,1981,rutile,0,USGS
Ukraine,1981,titanium ores and concentrates,0,USGS
Ukraine,1982,ilmenite and leucoxene,0,USGS
Ukraine,1982,rutile,0,USGS
Ukraine,1982,titanium ores and concentrates,0,USGS
Ukraine,1983,ilmenite and leucoxene,0,USGS
Ukraine,1983,rutile,0,USGS
Ukraine,1983,titanium ores and concentrates,0,USGS
Ukraine,1984,ilmenite and leucoxene,0,USGS
Ukraine,1984,rutile,0,USGS
Ukraine,1984,titanium ores and concentrates,0,USGS
Ukraine,1985,ilmenite and leucoxene,0,USGS
Ukraine,1985,rutile,0,USGS
Ukraine,1985,titanium ores and concentrates,0,USGS
Ukraine,1986,ilmenite and leucoxene,0,USGS
Ukraine,1986,rutile,0,USGS
Ukraine,1986,titanium ores and concentrates,0,USGS
Ukraine,1987,ilmenite and leucoxene,0,USGS
Ukraine,1987,rutile,0,USGS
Ukraine,1987,titanium ores and concentrates,0,USGS
Ukraine,1988,ilmenite and leucoxene,0,USGS
Ukraine,1988,rutile,0,USGS
Ukraine,1988,titanium ores and concentrates,0,USGS
Ukraine,1989,ilmenite and leucoxene,0,USGS
Ukraine,1989,rutile,0,USGS
Ukraine,1989,titanium ores and concentrates,0,USGS
Ukraine,1990,ilmenite and leucoxene,430000,USGS
Ukraine,1990,rutile,9500,USGS
Ukraine,1990,titanium ores and concentrates,439500,USGS
Ukraine,1991,ilmenite and leucoxene,350000,USGS
Ukraine,1991,rutile,9000,USGS
Ukraine,1991,titanium ores and concentrates,359000,USGS
Ukraine,1992,ilmenite and leucoxene,430000,USGS
Ukraine,1992,rutile,60000,USGS
Ukraine,1992,titanium ores and concentrates,490000,USGS
Ukraine,1993,ilmenite and leucoxene,450000,USGS
Ukraine,1993,rutile,60000,USGS
Ukraine,1993,titanium ores and concentrates,510000,USGS
Ukraine,1994,ilmenite and leucoxene,530000,USGS
Ukraine,1994,rutile,80000,USGS
Ukraine,1994,titanium ores and concentrates,610000,USGS
Ukraine,1995,ilmenite and leucoxene,359000,USGS
Ukraine,1995,rutile,112000,USGS
Ukraine,1995,titanium ores and concentrates,471000,USGS
Ukraine,1996,ilmenite and leucoxene,500000,USGS
Ukraine,1996,rutile,50000,USGS
Ukraine,1996,titanium ores and concentrates,550000,USGS
Ukraine,1997,ilmenite and leucoxene,500000,USGS
Ukraine,1997,rutile,50000,USGS
Ukraine,1997,titanium ores and concentrates,550000,USGS
Ukraine,1998,ilmenite and leucoxene,507435,USGS
Ukraine,1998,rutile,50000,USGS
Ukraine,1998,titanium ores and concentrates,557435,USGS
Ukraine,1999,ilmenite and leucoxene,536542,USGS
Ukraine,1999,rutile,49000,USGS
Ukraine,1999,titanium ores and concentrates,585542,USGS
Ukraine,2000,ilmenite and leucoxene,436000,USGS
Ukraine,2000,rutile,58600,USGS
Ukraine,2000,titanium ores and concentrates,494600,USGS
Ukraine,2001,ilmenite and leucoxene,484500,USGS
Ukraine,2001,rutile,60000,USGS
Ukraine,2001,titanium ores and concentrates,544500,USGS
Ukraine,2002,ilmenite and leucoxene,512400,USGS
Ukraine,2002,rutile,70000,USGS
Ukraine,2002,titanium ores and concentrates,582400,USGS
Ukraine,2003,ilmenite and leucoxene,420500,USGS
Ukraine,2003,rutile,60000,USGS
Ukraine,2003,titanium ores and concentrates,480500,USGS
Ukraine,2004,ilmenite and leucoxene,370000,USGS
Ukraine,2004,rutile,60000,USGS
Ukraine,2004,titanium ores and concentrates,430000,USGS
Ukraine,2005,ilmenite and leucoxene,375000,USGS
Ukraine,2005,rutile,60000,USGS
Ukraine,2005,titanium ores and concentrates,435000,USGS
Ukraine,2006,ilmenite and leucoxene,470000,USGS
Ukraine,2006,rutile,60000,USGS
Ukraine,2006,titanium ores and concentrates,530000,USGS
Ukraine,2007,ilmenite and leucoxene,500000,USGS
Ukraine,2007,rutile,60000,USGS
Ukraine,2007,titanium ores and concentrates,560000,USGS
Ukraine,2008,ilmenite and leucoxene,520000,USGS
Ukraine,2008,rutile,60000,USGS
Ukraine,2008,titanium ores and concentrates,580000,USGS
Ukraine,2009,ilmenite and leucoxene,500000,USGS
Ukraine,2009,rutile,60000,USGS
Ukraine,2009,titanium ores and concentrates,560000,USGS
Ukraine,2010,ilmenite and leucoxene,500000,USGS
Ukraine,2010,rutile,60000,USGS
Ukraine,2010,titanium ores and concentrates,560000,USGS
Ukraine,2011,ilmenite and leucoxene,260700,USGS
Ukraine,2011,rutile,60000,USGS
Ukraine,2011,titanium ores and concentrates,320700,USGS
Ukraine,2012,ilmenite and leucoxene,247000,USGS
Ukraine,2012,rutile,58000,USGS
Ukraine,2012,titanium ores and concentrates,305000,USGS
Ukraine,2013,ilmenite and leucoxene,670000,USGS
Ukraine,2013,rutile,162000,USGS
Ukraine,2013,titanium ores and concentrates,832000,USGS
Ukraine,2014,ilmenite and leucoxene,450000,USGS
Ukraine,2014,rutile,110000,USGS
Ukraine,2014,titanium ores and concentrates,560000,USGS
Ukraine,2015,ilmenite and leucoxene,350000,USGS
Ukraine,2015,rutile,90000,USGS
Ukraine,2015,titanium ores and concentrates,440000,USGS
Ukraine,2016,ilmenite and leucoxene,350000,USGS
Ukraine,2016,rutile,100000,USGS
Ukraine,2016,titanium ores and concentrates,450000,USGS
Ukraine,2017,ilmenite and leucoxene,392000,USGS
Ukraine,2017,rutile,100000,USGS
Ukraine,2017,titanium ores and concentrates,492000,USGS
Ukraine,2018,ilmenite and leucoxene,745417,USGS
Ukraine,2018,rutile,106858,USGS
Ukraine,2018,titanium ores and concentrates,852275,USGS
Ukraine,2019,ilmenite and leucoxene,818543,USGS
Ukraine,2019,rutile,100000,USGS
Ukraine,2019,titanium ores and concentrates,918543,USGS
Ukraine,2020,ilmenite and leucoxene,773093,USGS
Ukraine,2020,rutile,100000,USGS
Ukraine,2020,titanium ores and concentrates,873093,USGS
Ukraine,2021,ilmenite and leucoxene,702249,USGS
Ukraine,2021,rutile,100000,USGS
Ukraine,2021,titanium ores and concentrates,802249,USGS
Ukraine,2022,ilmenite and leucoxene,410000,USGS
Ukraine,2022,rutile,100000,USGS
Ukraine,2022,titanium ores and concentrates,510000,USGS
United States,1950,ilmenite and leucoxene,468320,USGS
United States,1950,rutile,7535,USGS
United States,1950,titanium ores and concentrates,475855,USGS
United States,1951,ilmenite and leucoxene,535835,USGS
United States,1951,rutile,7189,USGS
United States,1951,titanium ores and concentrates,543024,USGS
United States,1952,ilmenite and leucoxene,528588,USGS
United States,1952,rutile,7535,USGS
United States,1952,titanium ores and concentrates,536123,USGS
United States,1953,ilmenite and leucoxene,513696,USGS
United States,1953,rutile,6825,USGS
United States,1953,titanium ores and concentrates,520521,USGS
United States,1954,ilmenite and leucoxene,547711,USGS
United States,1954,rutile,7411,USGS
United States,1954,titanium ores and concentrates,555122,USGS
United States,1955,ilmenite and leucoxene,583044,USGS
United States,1955,rutile,8513,USGS
United States,1955,titanium ores and concentrates,591557,USGS
United States,1956,ilmenite and leucoxene,684956,USGS
United States,1956,rutile,11997,USGS
United States,1956,titanium ores and concentrates,696953,USGS
United States,1957,ilmenite and leucoxene,757180,USGS
United States,1957,rutile,10702,USGS
United States,1957,titanium ores and concentrates,767882,USGS
United States,1958,ilmenite and leucoxene,563338,USGS
United States,1958,rutile,7406,USGS
United States,1958,titanium ores and concentrates,570744,USGS
United States,1959,ilmenite and leucoxene,644352,USGS
United States,1959,rutile,9466,USGS
United States,1959,titanium ores and concentrates,653818,USGS
United States,1960,ilmenite and leucoxene,786372,USGS
United States,1960,rutile,8808,USGS
United States,1960,titanium ores and concentrates,795180,USGS
United States,1961,ilmenite and leucoxene,782412,USGS
United States,1961,rutile,9045,USGS
United States,1961,titanium ores and concentrates,791457,USGS
United States,1962,ilmenite and leucoxene,807725,USGS
United States,1962,rutile,9981,USGS
United States,1962,titanium ores and concentrates,817706,USGS
United States,1963,ilmenite and leucoxene,888400,USGS
United States,1963,rutile,11915,USGS
United States,1963,titanium ores and concentrates,900315,USGS
United States,1964,ilmenite and leucoxene,1001132,USGS
United States,1964,rutile,8062,USGS
United States,1964,titanium ores and concentrates,1009194,USGS
United States,1965,titanium ores and concentrates,969459,USGS
United States,1966,titanium ores and concentrates,965378,USGS
United States,1967,titanium ores and concentrates,935091,USGS
United States,1968,titanium ores and concentrates,978509,USGS
United States,1969,titanium ores and concentrates,931247,USGS
United States,1970,titanium ores and concentrates,867955,USGS
United States,1971,titanium ores and concentrates,683075,USGS
United States,1972,titanium ores and concentrates,681694,USGS
United States,1973,titanium ores and concentrates,776013,USGS
United States,1974,titanium ores and concentrates,751017,USGS
United States,1975,titanium ores and concentrates,717281,USGS
United States,1976,titanium ores and concentrates,652404,USGS
United States,1977,titanium ores and concentrates,638503,USGS
United States,1978,titanium ores and concentrates,589751,USGS
United States,1979,titanium ores and concentrates,639292,USGS
United States,1980,titanium ores and concentrates,556646,USGS
United States,1981,titanium ores and concentrates,542357,USGS
United States,1982,titanium ores and concentrates,263391,USGS
United States,2000,titanium ores and concentrates,400000,USGS
United States,2001,titanium ores and concentrates,500000,USGS
United States,2002,titanium ores and concentrates,400000,USGS
United States,2003,titanium ores and concentrates,500000,USGS
United States,2004,titanium ores and concentrates,500000,USGS
United States,2005,titanium ores and concentrates,500000,USGS
United States,2006,titanium ores and concentrates,500000,USGS
United States,2007,titanium ores and concentrates,400000,USGS
United States,2008,titanium ores and concentrates,400000,USGS
United States,2009,titanium ores and concentrates,300000,USGS
United States,2010,titanium ores and concentrates,400000,USGS
United States,2011,titanium ores and concentrates,400000,USGS
United States,2012,titanium ores and concentrates,300000,USGS
United States,2013,titanium ores and concentrates,300000,USGS
United States,2014,titanium ores and concentrates,200000,USGS
United States,2015,titanium ores and concentrates,300000,USGS
United States,2016,titanium ores and concentrates,100000,USGS
United States,2017,titanium ores and concentrates,100000,USGS
United States,2018,titanium ores and concentrates,100000,USGS
United States,2019,titanium ores and concentrates,100000,USGS
United States,2020,titanium ores and concentrates,100000,USGS
United States,2021,titanium ores and concentrates,200000,USGS
United States,2022,titanium ores and concentrates,300000,USGS
Vietnam,1950,ilmenite and leucoxene,0,USGS
Vietnam,1950,titanium ores and concentrates,0,USGS
Vietnam,1951,ilmenite and leucoxene,0,USGS
Vietnam,1951,titanium ores and concentrates,0,USGS
Vietnam,1952,ilmenite and leucoxene,0,USGS
Vietnam,1952,titanium ores and concentrates,0,USGS
Vietnam,1953,ilmenite and leucoxene,0,USGS
Vietnam,1953,titanium ores and concentrates,0,USGS
Vietnam,1954,ilmenite and leucoxene,0,USGS
Vietnam,1954,titanium ores and concentrates,0,USGS
Vietnam,1955,ilmenite and leucoxene,0,USGS
Vietnam,1955,titanium ores and concentrates,0,USGS
Vietnam,1956,ilmenite and leucoxene,0,USGS
Vietnam,1956,titanium ores and concentrates,0,USGS
Vietnam,1957,ilmenite and leucoxene,0,USGS
Vietnam,1957,titanium ores and concentrates,0,USGS
Vietnam,1958,ilmenite and leucoxene,0,USGS
Vietnam,1958,titanium ores and concentrates,0,USGS
Vietnam,1959,ilmenite and leucoxene,0,USGS
Vietnam,1959,titanium ores and concentrates,0,USGS
Vietnam,1960,ilmenite and leucoxene,0,USGS
Vietnam,1960,titanium ores and concentrates,0,USGS
Vietnam,1961,ilmenite and leucoxene,0,USGS
Vietnam,1961,titanium ores and concentrates,0,USGS
Vietnam,1962,ilmenite and leucoxene,0,USGS
Vietnam,1962,titanium ores and concentrates,0,USGS
Vietnam,1963,ilmenite and leucoxene,0,USGS
Vietnam,1963,titanium ores and concentrates,0,USGS
Vietnam,1964,ilmenite and leucoxene,0,USGS
Vietnam,1964,titanium ores and concentrates,0,USGS
Vietnam,1965,ilmenite and leucoxene,0,USGS
Vietnam,1965,titanium ores and concentrates,0,USGS
Vietnam,1966,ilmenite and leucoxene,0,USGS
Vietnam,1966,titanium ores and concentrates,0,USGS
Vietnam,1967,ilmenite and leucoxene,0,USGS
Vietnam,1967,titanium ores and concentrates,0,USGS
Vietnam,1968,ilmenite and leucoxene,0,USGS
Vietnam,1968,titanium ores and concentrates,0,USGS
Vietnam,1969,ilmenite and leucoxene,0,USGS
Vietnam,1969,titanium ores and concentrates,0,USGS
Vietnam,1970,ilmenite and leucoxene,0,USGS
Vietnam,1970,titanium ores and concentrates,0,USGS
Vietnam,1971,ilmenite and leucoxene,0,USGS
Vietnam,1971,titanium ores and concentrates,0,USGS
Vietnam,1972,ilmenite and leucoxene,0,USGS
Vietnam,1972,titanium ores and concentrates,0,USGS
Vietnam,1973,ilmenite and leucoxene,0,USGS
Vietnam,1973,titanium ores and concentrates,0,USGS
Vietnam,1974,ilmenite and leucoxene,0,USGS
Vietnam,1974,titanium ores and concentrates,0,USGS
Vietnam,1975,ilmenite and leucoxene,0,USGS
Vietnam,1975,titanium ores and concentrates,0,USGS
Vietnam,1976,ilmenite and leucoxene,0,USGS
Vietnam,1976,titanium ores and concentrates,0,USGS
Vietnam,1977,ilmenite and leucoxene,0,USGS
Vietnam,1977,titanium ores and concentrates,0,USGS
Vietnam,1978,ilmenite and leucoxene,0,USGS
Vietnam,1978,titanium ores and concentrates,0,USGS
Vietnam,1979,ilmenite and leucoxene,0,USGS
Vietnam,1979,titanium ores and concentrates,0,USGS
Vietnam,1980,ilmenite and leucoxene,0,USGS
Vietnam,1980,titanium ores and concentrates,0,USGS
Vietnam,1981,ilmenite and leucoxene,0,USGS
Vietnam,1981,titanium ores and concentrates,0,USGS
Vietnam,1982,ilmenite and leucoxene,0,USGS
Vietnam,1982,titanium ores and concentrates,0,USGS
Vietnam,1983,ilmenite and leucoxene,0,USGS
Vietnam,1983,titanium ores and concentrates,0,USGS
Vietnam,1984,ilmenite and leucoxene,0,USGS
Vietnam,1984,titanium ores and concentrates,0,USGS
Vietnam,1985,ilmenite and leucoxene,0,USGS
Vietnam,1985,titanium ores and concentrates,0,USGS
Vietnam,1986,ilmenite and leucoxene,0,USGS
Vietnam,1986,titanium ores and concentrates,0,USGS
Vietnam,1987,ilmenite and leucoxene,0,USGS
Vietnam,1987,titanium ores and concentrates,0,USGS
Vietnam,1988,ilmenite and leucoxene,0,USGS
Vietnam,1988,titanium ores and concentrates,0,USGS
Vietnam,1989,ilmenite and leucoxene,0,USGS
Vietnam,1989,titanium ores and concentrates,0,USGS
Vietnam,1990,ilmenite and leucoxene,0,USGS
Vietnam,1990,titanium ores and concentrates,0,USGS
Vietnam,1991,ilmenite and leucoxene,0,USGS
Vietnam,1991,titanium ores and concentrates,0,USGS
Vietnam,1992,ilmenite and leucoxene,0,USGS
Vietnam,1992,titanium ores and concentrates,0,USGS
Vietnam,1993,ilmenite and leucoxene,0,USGS
Vietnam,1993,titanium ores and concentrates,0,USGS
Vietnam,1994,ilmenite and leucoxene,32000,USGS
Vietnam,1994,titanium ores and concentrates,32000,USGS
Vietnam,1995,ilmenite and leucoxene,50000,USGS
Vietnam,1995,titanium ores and concentrates,50000,USGS
Vietnam,1996,ilmenite and leucoxene,50000,USGS
Vietnam,1996,titanium ores and concentrates,50000,USGS
Vietnam,1997,ilmenite and leucoxene,50000,USGS
Vietnam,1997,titanium ores and concentrates,50000,USGS
Vietnam,1998,ilmenite and leucoxene,80000,USGS
Vietnam,1998,titanium ores and concentrates,80000,USGS
Vietnam,1999,ilmenite and leucoxene,91000,USGS
Vietnam,1999,titanium ores and concentrates,91000,USGS
Vietnam,2000,ilmenite and leucoxene,174000,USGS
Vietnam,2000,titanium ores and concentrates,174000,USGS
Vietnam,2001,ilmenite and leucoxene,180000,USGS
Vietnam,2001,titanium ores and concentrates,180000,USGS
Vietnam,2002,ilmenite and leucoxene,170000,USGS
Vietnam,2002,titanium ores and concentrates,170000,USGS
Vietnam,2003,ilmenite and leucoxene,314000,USGS
Vietnam,2003,titanium ores and concentrates,314000,USGS
Vietnam,2004,ilmenite and leucoxene,550000,USGS
Vietnam,2004,titanium ores and concentrates,550000,USGS
Vietnam,2005,ilmenite and leucoxene,523000,USGS
Vietnam,2005,titanium ores and concentrates,523000,USGS
Vietnam,2006,ilmenite and leucoxene,604700,USGS
Vietnam,2006,titanium ores and concentrates,604700,USGS
Vietnam,2007,ilmenite and leucoxene,653500,USGS
Vietnam,2007,titanium ores and concentrates,653500,USGS
Vietnam,2008,ilmenite and leucoxene,709500,USGS
Vietnam,2008,titanium ores and concentrates,709500,USGS
Vietnam,2009,ilmenite and leucoxene,698700,USGS
Vietnam,2009,titanium ores and concentrates,698700,USGS
Vietnam,2010,ilmenite and leucoxene,912000,USGS
Vietnam,2010,titanium ores and concentrates,912000,USGS
Vietnam,2011,ilmenite and leucoxene,840600,USGS
Vietnam,2011,titanium ores and concentrates,840600,USGS
Vietnam,2012,ilmenite and leucoxene,978000,USGS
Vietnam,2012,titanium ores and concentrates,978000,USGS
Vietnam,2013,ilmenite and leucoxene,1025800,USGS
Vietnam,2013,titanium ores and concentrates,1025800,USGS
Vietnam,2014,ilmenite and leucoxene,558000,USGS
Vietnam,2014,titanium ores and concentrates,558000,USGS
Vietnam,2015,ilmenite and leucoxene,238000,USGS
Vietnam,2015,titanium ores and concentrates,238000,USGS
Vietnam,2016,ilmenite and leucoxene,210800,USGS
Vietnam,2016,titanium ores and concentrates,210800,USGS
Vietnam,2017,ilmenite and leucoxene,225300,USGS
Vietnam,2017,titanium ores and concentrates,225300,USGS
Vietnam,2018,ilmenite and leucoxene,235100,USGS
Vietnam,2018,titanium ores and concentrates,235100,USGS
Vietnam,2019,ilmenite and leucoxene,216700,USGS
Vietnam,2019,titanium ores and concentrates,216700,USGS
Vietnam,2020,ilmenite and leucoxene,268800,USGS
Vietnam,2020,titanium ores and concentrates,268800,USGS
Vietnam,2021,ilmenite and leucoxene,300000,USGS
Vietnam,2021,titanium ores and concentrates,300000,USGS
Vietnam,2022,ilmenite and leucoxene,331500,USGS
Vietnam,2022,titanium ores and concentrates,331500,USGS
