Country,Year,Sub_commodity,Export/Import,Quantity in metric tons,Trade Value in 1000 USD
Algeria,1992,titanium ores and concentrates,Export,0,0
Algeria,1993,titanium ores and concentrates,Export,0,0
Algeria,1994,titanium ores and concentrates,Export,0,0
Algeria,1995,titanium ores and concentrates,Export,0,0
Algeria,1996,titanium ores and concentrates,Export,0,0
Algeria,1997,titanium ores and concentrates,Export,0,0
Algeria,1998,titanium ores and concentrates,Export,0,0
Algeria,1999,titanium ores and concentrates,Export,0,0
Algeria,2000,titanium ores and concentrates,Export,0,0
Algeria,2001,titanium ores and concentrates,Export,0,0
Algeria,2002,titanium ores and concentrates,Export,0,0
Algeria,2003,titanium ores and concentrates,Export,0,0
Algeria,2004,titanium ores and concentrates,Export,0,0
Algeria,2005,titanium ores and concentrates,Export,0,0
Algeria,2006,titanium ores and concentrates,Export,0,0
Algeria,2007,titanium ores and concentrates,Export,0,0
Algeria,2008,titanium ores and concentrates,Export,0,0
Algeria,2009,titanium ores and concentrates,Export,0,0
Algeria,2010,titanium ores and concentrates,Export,0,0
Algeria,2011,titanium ores and concentrates,Export,0,0
Algeria,2012,titanium ores and concentrates,Export,0,0
Algeria,2013,titanium ores and concentrates,Export,0,0
Algeria,2014,titanium ores and concentrates,Export,0,0
Algeria,2015,titanium ores and concentrates,Export,0,0
Algeria,2016,titanium ores and concentrates,Export,0,0
Algeria,2017,titanium ores and concentrates,Export,0,0
Algeria,2018,titanium ores and concentrates,Export,0,0
Algeria,2019,titanium ores and concentrates,Export,0,0
Algeria,2020,titanium ores and concentrates,Export,0,0
Algeria,2021,titanium ores and concentrates,Export,0,0
Algeria,2022,titanium ores and concentrates,Export,0,0
Algeria,2023,titanium ores and concentrates,Export,0,0
Algeria,1992,titanium ores and concentrates,Import,0,0
Algeria,1993,titanium ores and concentrates,Import,0,0
Algeria,1994,titanium ores and concentrates,Import,0,0
Algeria,1995,titanium ores and concentrates,Import,0,0
Algeria,1996,titanium ores and concentrates,Import,370,239
Algeria,1997,titanium ores and concentrates,Import,0,0
Algeria,1998,titanium ores and concentrates,Import,0,0
Algeria,1999,titanium ores and concentrates,Import,0,0
Algeria,2000,titanium ores and concentrates,Import,0,0
Algeria,2001,titanium ores and concentrates,Import,0,0
Algeria,2002,titanium ores and concentrates,Import,671,301
Algeria,2003,titanium ores and concentrates,Import,1208,417
Algeria,2004,titanium ores and concentrates,Import,686,254
Algeria,2005,titanium ores and concentrates,Import,460,234
Algeria,2006,titanium ores and concentrates,Import,362,173
Algeria,2007,titanium ores and concentrates,Import,112,30
Algeria,2008,titanium ores and concentrates,Import,138,143
Algeria,2009,titanium ores and concentrates,Import,7,7
Algeria,2010,titanium ores and concentrates,Import,44,81
Algeria,2011,titanium ores and concentrates,Import,27,82
Algeria,2012,titanium ores and concentrates,Import,0,0
Algeria,2013,titanium ores and concentrates,Import,46,117
Algeria,2014,titanium ores and concentrates,Import,0,0
Algeria,2015,titanium ores and concentrates,Import,476,319
Algeria,2016,titanium ores and concentrates,Import,0,0
Algeria,2017,titanium ores and concentrates,Import,666,352
Algeria,2018,titanium ores and concentrates,Import,0,0
Algeria,2019,titanium ores and concentrates,Import,0,0
Algeria,2020,titanium ores and concentrates,Import,0,0
Algeria,2021,titanium ores and concentrates,Import,0,0
Algeria,2022,titanium ores and concentrates,Import,0,0
Algeria,2023,titanium ores and concentrates,Import,0,0
Argentina,1992,titanium ores and concentrates,Export,0,0
Argentina,1993,titanium ores and concentrates,Export,0,0
Argentina,1994,titanium ores and concentrates,Export,0,0
Argentina,1995,titanium ores and concentrates,Export,2,3
Argentina,1996,titanium ores and concentrates,Export,0,0
Argentina,1997,titanium ores and concentrates,Export,0,0
Argentina,1998,titanium ores and concentrates,Export,0,0
Argentina,1999,titanium ores and concentrates,Export,0,0
Argentina,2000,titanium ores and concentrates,Export,0,0
Argentina,2001,titanium ores and concentrates,Export,0,0
Argentina,2002,titanium ores and concentrates,Export,0,0
Argentina,2003,titanium ores and concentrates,Export,0,0
Argentina,2004,titanium ores and concentrates,Export,0,0
Argentina,2005,titanium ores and concentrates,Export,0,0
Argentina,2006,titanium ores and concentrates,Export,0,3
Argentina,2007,titanium ores and concentrates,Export,0,0
Argentina,2008,titanium ores and concentrates,Export,0,0
Argentina,2009,titanium ores and concentrates,Export,0,0
Argentina,2010,titanium ores and concentrates,Export,0,0
Argentina,2011,titanium ores and concentrates,Export,0,0
Argentina,2012,titanium ores and concentrates,Export,0,0
Argentina,2013,titanium ores and concentrates,Export,1,1
Argentina,2014,titanium ores and concentrates,Export,100,112
Argentina,2015,titanium ores and concentrates,Export,0,0
Argentina,2016,titanium ores and concentrates,Export,0,0
Argentina,2017,titanium ores and concentrates,Export,10,12
Argentina,2018,titanium ores and concentrates,Export,0,0
Argentina,2019,titanium ores and concentrates,Export,0,0
Argentina,2020,titanium ores and concentrates,Export,0,0
Argentina,2021,titanium ores and concentrates,Export,0,0
Argentina,2022,titanium ores and concentrates,Export,0,0
Argentina,2023,titanium ores and concentrates,Export,0,0
Argentina,1992,titanium ores and concentrates,Import,0,0
Argentina,1993,titanium ores and concentrates,Import,1772,703
Argentina,1994,titanium ores and concentrates,Import,2204,895
Argentina,1995,titanium ores and concentrates,Import,1478,768
Argentina,1996,titanium ores and concentrates,Import,2061,1643
Argentina,1997,titanium ores and concentrates,Import,1948,1315
Argentina,1998,titanium ores and concentrates,Import,2321,1443
Argentina,1999,titanium ores and concentrates,Import,N/A,1299
Argentina,2000,titanium ores and concentrates,Import,1543,665
Argentina,2001,titanium ores and concentrates,Import,1323,548
Argentina,2002,titanium ores and concentrates,Import,1106,457
Argentina,2003,titanium ores and concentrates,Import,1574,618
Argentina,2004,titanium ores and concentrates,Import,1818,825
Argentina,2005,titanium ores and concentrates,Import,1690,857
Argentina,2006,titanium ores and concentrates,Import,2172,1173
Argentina,2007,titanium ores and concentrates,Import,1960,1190
Argentina,2008,titanium ores and concentrates,Import,1747,1249
Argentina,2009,titanium ores and concentrates,Import,1629,1292
Argentina,2010,titanium ores and concentrates,Import,2105,1520
Argentina,2011,titanium ores and concentrates,Import,2151,2702
Argentina,2012,titanium ores and concentrates,Import,1846,5444
Argentina,2013,titanium ores and concentrates,Import,2190,3365
Argentina,2014,titanium ores and concentrates,Import,10571,3399
Argentina,2015,titanium ores and concentrates,Import,1694,1626
Argentina,2016,titanium ores and concentrates,Import,1788,1431
Argentina,2017,titanium ores and concentrates,Import,1959,1346
Argentina,2018,titanium ores and concentrates,Import,1570,1371
Argentina,2019,titanium ores and concentrates,Import,1323,1542
Argentina,2020,titanium ores and concentrates,Import,1371,1886
Argentina,2021,titanium ores and concentrates,Import,1750,2669
Argentina,2022,titanium ores and concentrates,Import,1757,4348
Argentina,2023,titanium ores and concentrates,Import,632,1660
Armenia,1992,titanium ores and concentrates,Export,0,0
Armenia,1993,titanium ores and concentrates,Export,0,0
Armenia,1994,titanium ores and concentrates,Export,0,0
Armenia,1995,titanium ores and concentrates,Export,0,0
Armenia,1996,titanium ores and concentrates,Export,0,0
Armenia,1997,titanium ores and concentrates,Export,0,0
Armenia,1998,titanium ores and concentrates,Export,0,0
Armenia,1999,titanium ores and concentrates,Export,0,0
Armenia,2000,titanium ores and concentrates,Export,0,0
Armenia,2001,titanium ores and concentrates,Export,0,0
Armenia,2002,titanium ores and concentrates,Export,0,0
Armenia,2003,titanium ores and concentrates,Export,0,0
Armenia,2004,titanium ores and concentrates,Export,0,0
Armenia,2005,titanium ores and concentrates,Export,0,0
Armenia,2006,titanium ores and concentrates,Export,0,0
Armenia,2007,titanium ores and concentrates,Export,0,0
Armenia,2008,titanium ores and concentrates,Export,0,0
Armenia,2009,titanium ores and concentrates,Export,0,0
Armenia,2010,titanium ores and concentrates,Export,1954,1460
Armenia,2011,titanium ores and concentrates,Export,2503,1689
Armenia,2012,titanium ores and concentrates,Export,0,0
Armenia,2013,titanium ores and concentrates,Export,0,0
Armenia,2014,titanium ores and concentrates,Export,0,0
Armenia,2015,titanium ores and concentrates,Export,0,0
Armenia,2016,titanium ores and concentrates,Export,0,0
Armenia,2017,titanium ores and concentrates,Export,0,0
Armenia,2018,titanium ores and concentrates,Export,0,0
Armenia,2019,titanium ores and concentrates,Export,0,0
Armenia,2020,titanium ores and concentrates,Export,0,0
Armenia,2021,titanium ores and concentrates,Export,0,0
Armenia,2022,titanium ores and concentrates,Export,0,0
Armenia,2023,titanium ores and concentrates,Export,0,0
Armenia,1992,titanium ores and concentrates,Import,0,0
Armenia,1993,titanium ores and concentrates,Import,0,0
Armenia,1994,titanium ores and concentrates,Import,0,0
Armenia,1995,titanium ores and concentrates,Import,0,0
Armenia,1996,titanium ores and concentrates,Import,0,0
Armenia,1997,titanium ores and concentrates,Import,0,0
Armenia,1998,titanium ores and concentrates,Import,0,0
Armenia,1999,titanium ores and concentrates,Import,0,0
Armenia,2000,titanium ores and concentrates,Import,0,0
Armenia,2001,titanium ores and concentrates,Import,0,0
Armenia,2002,titanium ores and concentrates,Import,0,0
Armenia,2003,titanium ores and concentrates,Import,0,0
Armenia,2004,titanium ores and concentrates,Import,0,0
Armenia,2005,titanium ores and concentrates,Import,378,78
Armenia,2006,titanium ores and concentrates,Import,6916,3698
Armenia,2007,titanium ores and concentrates,Import,2572,886
Armenia,2008,titanium ores and concentrates,Import,0,0
Armenia,2009,titanium ores and concentrates,Import,0,0
Armenia,2010,titanium ores and concentrates,Import,0,0
Armenia,2011,titanium ores and concentrates,Import,0,0
Armenia,2012,titanium ores and concentrates,Import,0,0
Armenia,2013,titanium ores and concentrates,Import,0,0
Armenia,2014,titanium ores and concentrates,Import,0,0
Armenia,2015,titanium ores and concentrates,Import,0,0
Armenia,2016,titanium ores and concentrates,Import,0,0
Armenia,2017,titanium ores and concentrates,Import,0,0
Armenia,2018,titanium ores and concentrates,Import,0,0
Armenia,2019,titanium ores and concentrates,Import,0,0
Armenia,2020,titanium ores and concentrates,Import,0,0
Armenia,2021,titanium ores and concentrates,Import,0,0
Armenia,2022,titanium ores and concentrates,Import,0,0
Armenia,2023,titanium ores and concentrates,Import,0,0
Australia,1992,titanium ores and concentrates,Export,1158020,142453
Australia,1993,titanium ores and concentrates,Export,1156430,124632
Australia,1994,titanium ores and concentrates,Export,1312540,154368
Australia,1995,titanium ores and concentrates,Export,1315480,176965
Australia,1996,titanium ores and concentrates,Export,1260650,196187
Australia,1997,titanium ores and concentrates,Export,1591930,225154
Australia,1998,titanium ores and concentrates,Export,1525280,206793
Australia,1999,titanium ores and concentrates,Export,1187030,146722
Australia,2000,titanium ores and concentrates,Export,1214390,110870
Australia,2001,titanium ores and concentrates,Export,897876,83465
Australia,2002,titanium ores and concentrates,Export,1046130,99110
Australia,2003,titanium ores and concentrates,Export,1009630,101682
Australia,2004,titanium ores and concentrates,Export,887076,92497
Australia,2005,titanium ores and concentrates,Export,840587,96640
Australia,2006,titanium ores and concentrates,Export,1021250,117861
Australia,2007,titanium ores and concentrates,Export,822486,122258
Australia,2008,titanium ores and concentrates,Export,92770,60333
Australia,2009,titanium ores and concentrates,Export,60963,49126
Australia,2010,titanium ores and concentrates,Export,54551,44409
Australia,2011,titanium ores and concentrates,Export,75624,87163
Australia,2012,titanium ores and concentrates,Export,58725,135788
Australia,2013,titanium ores and concentrates,Export,106865,87965
Australia,2014,titanium ores and concentrates,Export,94435,67946
Australia,2015,titanium ores and concentrates,Export,142032,83021
Australia,2016,titanium ores and concentrates,Export,135190,64419
Australia,2017,titanium ores and concentrates,Export,179257,87060
Australia,2018,titanium ores and concentrates,Export,143080,76437
Australia,2019,titanium ores and concentrates,Export,129235,87715
Australia,2020,titanium ores and concentrates,Export,151874,79137
Australia,2021,titanium ores and concentrates,Export,95984,58998
Australia,2022,titanium ores and concentrates,Export,98004,62625
Australia,2023,titanium ores and concentrates,Export,86878,43987
Australia,1992,titanium ores and concentrates,Import,22,37
Australia,1993,titanium ores and concentrates,Import,1174,1153
Australia,1994,titanium ores and concentrates,Import,22645,7131
Australia,1995,titanium ores and concentrates,Import,1213,1007
Australia,1996,titanium ores and concentrates,Import,419,537
Australia,1997,titanium ores and concentrates,Import,299,286
Australia,1998,titanium ores and concentrates,Import,15620,1322
Australia,1999,titanium ores and concentrates,Import,22,25
Australia,2000,titanium ores and concentrates,Import,86,100
Australia,2001,titanium ores and concentrates,Import,38,46
Australia,2002,titanium ores and concentrates,Import,25035,2610
Australia,2003,titanium ores and concentrates,Import,40403,8560
Australia,2004,titanium ores and concentrates,Import,17315,2286
Australia,2005,titanium ores and concentrates,Import,21409,3459
Australia,2006,titanium ores and concentrates,Import,26322,4999
Australia,2007,titanium ores and concentrates,Import,9447,2726
Australia,2008,titanium ores and concentrates,Import,596,788
Australia,2009,titanium ores and concentrates,Import,20577,3108
Australia,2010,titanium ores and concentrates,Import,25210,4050
Australia,2011,titanium ores and concentrates,Import,74018,14062
Australia,2012,titanium ores and concentrates,Import,32990,11710
Australia,2013,titanium ores and concentrates,Import,52874,23248
Australia,2014,titanium ores and concentrates,Import,308,662
Australia,2015,titanium ores and concentrates,Import,108949,11558
Australia,2016,titanium ores and concentrates,Import,348,606
Australia,2017,titanium ores and concentrates,Import,53072,17753
Australia,2018,titanium ores and concentrates,Import,123713,31928
Australia,2019,titanium ores and concentrates,Import,46416,11784
Australia,2020,titanium ores and concentrates,Import,82,76
Australia,2021,titanium ores and concentrates,Import,45,63
Australia,2022,titanium ores and concentrates,Import,N/A,97
Australia,2023,titanium ores and concentrates,Import,87,88
Austria,1992,titanium ores and concentrates,Export,0,0
Austria,1993,titanium ores and concentrates,Export,0,0
Austria,1994,titanium ores and concentrates,Export,174,58
Austria,1995,titanium ores and concentrates,Export,24,21
Austria,1996,titanium ores and concentrates,Export,5,1
Austria,1997,titanium ores and concentrates,Export,0,0
Austria,1998,titanium ores and concentrates,Export,0,0
Austria,1999,titanium ores and concentrates,Export,0,0
Austria,2000,titanium ores and concentrates,Export,0,0
Austria,2001,titanium ores and concentrates,Export,0,1
Austria,2002,titanium ores and concentrates,Export,0,0
Austria,2003,titanium ores and concentrates,Export,0,0
Austria,2004,titanium ores and concentrates,Export,0,0
Austria,2005,titanium ores and concentrates,Export,0,0
Austria,2006,titanium ores and concentrates,Export,0,0
Austria,2007,titanium ores and concentrates,Export,3,4
Austria,2008,titanium ores and concentrates,Export,1,2
Austria,2009,titanium ores and concentrates,Export,0,0
Austria,2010,titanium ores and concentrates,Export,4,4
Austria,2011,titanium ores and concentrates,Export,3,6
Austria,2012,titanium ores and concentrates,Export,7,24
Austria,2013,titanium ores and concentrates,Export,13,31
Austria,2014,titanium ores and concentrates,Export,4,8
Austria,2015,titanium ores and concentrates,Export,0,0
Austria,2016,titanium ores and concentrates,Export,3,4
Austria,2017,titanium ores and concentrates,Export,0,0
Austria,2018,titanium ores and concentrates,Export,1,2
Austria,2019,titanium ores and concentrates,Export,0,0
Austria,2020,titanium ores and concentrates,Export,1,6
Austria,2021,titanium ores and concentrates,Export,4,16
Austria,2022,titanium ores and concentrates,Export,8,37
Austria,2023,titanium ores and concentrates,Export,4,25
Austria,1992,titanium ores and concentrates,Import,0,0
Austria,1993,titanium ores and concentrates,Import,0,0
Austria,1994,titanium ores and concentrates,Import,847,413
Austria,1995,titanium ores and concentrates,Import,260,198
Austria,1996,titanium ores and concentrates,Import,328,346
Austria,1997,titanium ores and concentrates,Import,486,350
Austria,1998,titanium ores and concentrates,Import,631,406
Austria,1999,titanium ores and concentrates,Import,104,63
Austria,2000,titanium ores and concentrates,Import,631,275
Austria,2001,titanium ores and concentrates,Import,518,259
Austria,2002,titanium ores and concentrates,Import,522,297
Austria,2003,titanium ores and concentrates,Import,673,410
Austria,2004,titanium ores and concentrates,Import,494,321
Austria,2005,titanium ores and concentrates,Import,349,265
Austria,2006,titanium ores and concentrates,Import,575,449
Austria,2007,titanium ores and concentrates,Import,451,380
Austria,2008,titanium ores and concentrates,Import,498,599
Austria,2009,titanium ores and concentrates,Import,362,396
Austria,2010,titanium ores and concentrates,Import,477,424
Austria,2011,titanium ores and concentrates,Import,580,557
Austria,2012,titanium ores and concentrates,Import,284,539
Austria,2013,titanium ores and concentrates,Import,432,958
Austria,2014,titanium ores and concentrates,Import,388,517
Austria,2015,titanium ores and concentrates,Import,475,538
Austria,2016,titanium ores and concentrates,Import,364,364
Austria,2017,titanium ores and concentrates,Import,828,855
Austria,2018,titanium ores and concentrates,Import,884,1190
Austria,2019,titanium ores and concentrates,Import,1033,1403
Austria,2020,titanium ores and concentrates,Import,707,1012
Austria,2021,titanium ores and concentrates,Import,934,1496
Austria,2022,titanium ores and concentrates,Import,589,1121
Austria,2023,titanium ores and concentrates,Import,126,514
Azerbaijan,1992,titanium ores and concentrates,Export,0,0
Azerbaijan,1993,titanium ores and concentrates,Export,0,0
Azerbaijan,1994,titanium ores and concentrates,Export,0,0
Azerbaijan,1995,titanium ores and concentrates,Export,0,0
Azerbaijan,1996,titanium ores and concentrates,Export,0,0
Azerbaijan,1997,titanium ores and concentrates,Export,0,0
Azerbaijan,1998,titanium ores and concentrates,Export,0,0
Azerbaijan,1999,titanium ores and concentrates,Export,0,0
Azerbaijan,2000,titanium ores and concentrates,Export,0,0
Azerbaijan,2001,titanium ores and concentrates,Export,0,0
Azerbaijan,2002,titanium ores and concentrates,Export,0,0
Azerbaijan,2003,titanium ores and concentrates,Export,0,0
Azerbaijan,2004,titanium ores and concentrates,Export,0,0
Azerbaijan,2005,titanium ores and concentrates,Export,0,0
Azerbaijan,2006,titanium ores and concentrates,Export,0,0
Azerbaijan,2007,titanium ores and concentrates,Export,0,0
Azerbaijan,2008,titanium ores and concentrates,Export,0,0
Azerbaijan,2009,titanium ores and concentrates,Export,0,0
Azerbaijan,2010,titanium ores and concentrates,Export,0,0
Azerbaijan,2011,titanium ores and concentrates,Export,0,0
Azerbaijan,2012,titanium ores and concentrates,Export,0,0
Azerbaijan,2013,titanium ores and concentrates,Export,0,0
Azerbaijan,2014,titanium ores and concentrates,Export,0,0
Azerbaijan,2015,titanium ores and concentrates,Export,0,0
Azerbaijan,2016,titanium ores and concentrates,Export,0,0
Azerbaijan,2017,titanium ores and concentrates,Export,0,0
Azerbaijan,2018,titanium ores and concentrates,Export,0,0
Azerbaijan,2019,titanium ores and concentrates,Export,0,0
Azerbaijan,2020,titanium ores and concentrates,Export,0,0
Azerbaijan,2021,titanium ores and concentrates,Export,0,0
Azerbaijan,2022,titanium ores and concentrates,Export,0,0
Azerbaijan,2023,titanium ores and concentrates,Export,0,0
Azerbaijan,1992,titanium ores and concentrates,Import,0,0
Azerbaijan,1993,titanium ores and concentrates,Import,0,0
Azerbaijan,1994,titanium ores and concentrates,Import,0,0
Azerbaijan,1995,titanium ores and concentrates,Import,0,0
Azerbaijan,1996,titanium ores and concentrates,Import,0,0
Azerbaijan,1997,titanium ores and concentrates,Import,0,0
Azerbaijan,1998,titanium ores and concentrates,Import,0,0
Azerbaijan,1999,titanium ores and concentrates,Import,71,1
Azerbaijan,2000,titanium ores and concentrates,Import,0,0
Azerbaijan,2001,titanium ores and concentrates,Import,0,0
Azerbaijan,2002,titanium ores and concentrates,Import,0,0
Azerbaijan,2003,titanium ores and concentrates,Import,0,0
Azerbaijan,2004,titanium ores and concentrates,Import,0,0
Azerbaijan,2005,titanium ores and concentrates,Import,0,0
Azerbaijan,2006,titanium ores and concentrates,Import,134,48
Azerbaijan,2007,titanium ores and concentrates,Import,116,92
Azerbaijan,2008,titanium ores and concentrates,Import,257,144
Azerbaijan,2009,titanium ores and concentrates,Import,0,0
Azerbaijan,2010,titanium ores and concentrates,Import,0,0
Azerbaijan,2011,titanium ores and concentrates,Import,0,0
Azerbaijan,2012,titanium ores and concentrates,Import,65,302
Azerbaijan,2013,titanium ores and concentrates,Import,0,0
Azerbaijan,2014,titanium ores and concentrates,Import,0,0
Azerbaijan,2015,titanium ores and concentrates,Import,0,0
Azerbaijan,2016,titanium ores and concentrates,Import,1,5
Azerbaijan,2017,titanium ores and concentrates,Import,0,0
Azerbaijan,2018,titanium ores and concentrates,Import,3,5
Azerbaijan,2019,titanium ores and concentrates,Import,0,0
Azerbaijan,2020,titanium ores and concentrates,Import,0,0
Azerbaijan,2021,titanium ores and concentrates,Import,48,96
Azerbaijan,2022,titanium ores and concentrates,Import,20,46
Azerbaijan,2023,titanium ores and concentrates,Import,0,0
Bahrain,1992,titanium ores and concentrates,Export,0,0
Bahrain,1993,titanium ores and concentrates,Export,0,0
Bahrain,1994,titanium ores and concentrates,Export,0,0
Bahrain,1995,titanium ores and concentrates,Export,0,0
Bahrain,1996,titanium ores and concentrates,Export,0,0
Bahrain,1997,titanium ores and concentrates,Export,0,0
Bahrain,1998,titanium ores and concentrates,Export,0,0
Bahrain,1999,titanium ores and concentrates,Export,0,0
Bahrain,2000,titanium ores and concentrates,Export,0,0
Bahrain,2001,titanium ores and concentrates,Export,0,0
Bahrain,2002,titanium ores and concentrates,Export,0,0
Bahrain,2003,titanium ores and concentrates,Export,0,0
Bahrain,2004,titanium ores and concentrates,Export,0,0
Bahrain,2005,titanium ores and concentrates,Export,0,0
Bahrain,2006,titanium ores and concentrates,Export,0,0
Bahrain,2007,titanium ores and concentrates,Export,0,0
Bahrain,2008,titanium ores and concentrates,Export,0,0
Bahrain,2009,titanium ores and concentrates,Export,0,0
Bahrain,2010,titanium ores and concentrates,Export,0,0
Bahrain,2011,titanium ores and concentrates,Export,0,0
Bahrain,2012,titanium ores and concentrates,Export,0,0
Bahrain,2013,titanium ores and concentrates,Export,0,0
Bahrain,2014,titanium ores and concentrates,Export,0,0
Bahrain,2015,titanium ores and concentrates,Export,0,0
Bahrain,2016,titanium ores and concentrates,Export,0,0
Bahrain,2017,titanium ores and concentrates,Export,0,0
Bahrain,2018,titanium ores and concentrates,Export,0,0
Bahrain,2019,titanium ores and concentrates,Export,0,0
Bahrain,2020,titanium ores and concentrates,Export,0,0
Bahrain,2021,titanium ores and concentrates,Export,0,0
Bahrain,2022,titanium ores and concentrates,Export,0,0
Bahrain,2023,titanium ores and concentrates,Export,0,0
Bahrain,1992,titanium ores and concentrates,Import,0,0
Bahrain,1993,titanium ores and concentrates,Import,0,0
Bahrain,1994,titanium ores and concentrates,Import,0,0
Bahrain,1995,titanium ores and concentrates,Import,0,0
Bahrain,1996,titanium ores and concentrates,Import,0,0
Bahrain,1997,titanium ores and concentrates,Import,0,0
Bahrain,1998,titanium ores and concentrates,Import,0,0
Bahrain,1999,titanium ores and concentrates,Import,0,0
Bahrain,2000,titanium ores and concentrates,Import,73,216
Bahrain,2001,titanium ores and concentrates,Import,141,447
Bahrain,2002,titanium ores and concentrates,Import,181,484
Bahrain,2003,titanium ores and concentrates,Import,402,1237
Bahrain,2004,titanium ores and concentrates,Import,421,1242
Bahrain,2005,titanium ores and concentrates,Import,201,805
Bahrain,2006,titanium ores and concentrates,Import,405,1448
Bahrain,2007,titanium ores and concentrates,Import,167,835
Bahrain,2008,titanium ores and concentrates,Import,0,0
Bahrain,2009,titanium ores and concentrates,Import,0,0
Bahrain,2010,titanium ores and concentrates,Import,0,0
Bahrain,2011,titanium ores and concentrates,Import,30,235
Bahrain,2012,titanium ores and concentrates,Import,90,916
Bahrain,2013,titanium ores and concentrates,Import,30,219
Bahrain,2014,titanium ores and concentrates,Import,52,368
Bahrain,2015,titanium ores and concentrates,Import,303,1678
Bahrain,2016,titanium ores and concentrates,Import,N/A,736
Bahrain,2017,titanium ores and concentrates,Import,361,1807
Bahrain,2018,titanium ores and concentrates,Import,264,1376
Bahrain,2019,titanium ores and concentrates,Import,400,2539
Bahrain,2020,titanium ores and concentrates,Import,190,963
Bahrain,2021,titanium ores and concentrates,Import,528,2765
Bahrain,2022,titanium ores and concentrates,Import,486,3048
Bahrain,2023,titanium ores and concentrates,Import,2462,3742
Bangladesh,1992,titanium ores and concentrates,Export,0,0
Bangladesh,1993,titanium ores and concentrates,Export,0,0
Bangladesh,1994,titanium ores and concentrates,Export,0,0
Bangladesh,1995,titanium ores and concentrates,Export,0,0
Bangladesh,1996,titanium ores and concentrates,Export,0,0
Bangladesh,1997,titanium ores and concentrates,Export,0,0
Bangladesh,1998,titanium ores and concentrates,Export,0,0
Bangladesh,1999,titanium ores and concentrates,Export,0,0
Bangladesh,2000,titanium ores and concentrates,Export,0,0
Bangladesh,2001,titanium ores and concentrates,Export,0,0
Bangladesh,2002,titanium ores and concentrates,Export,0,0
Bangladesh,2003,titanium ores and concentrates,Export,0,0
Bangladesh,2004,titanium ores and concentrates,Export,0,0
Bangladesh,2005,titanium ores and concentrates,Export,0,0
Bangladesh,2006,titanium ores and concentrates,Export,0,0
Bangladesh,2007,titanium ores and concentrates,Export,0,0
Bangladesh,2008,titanium ores and concentrates,Export,0,0
Bangladesh,2009,titanium ores and concentrates,Export,0,0
Bangladesh,2010,titanium ores and concentrates,Export,0,0
Bangladesh,2011,titanium ores and concentrates,Export,0,0
Bangladesh,2012,titanium ores and concentrates,Export,0,0
Bangladesh,2013,titanium ores and concentrates,Export,0,0
Bangladesh,2014,titanium ores and concentrates,Export,0,0
Bangladesh,2015,titanium ores and concentrates,Export,0,0
Bangladesh,2016,titanium ores and concentrates,Export,0,0
Bangladesh,2017,titanium ores and concentrates,Export,0,0
Bangladesh,2018,titanium ores and concentrates,Export,0,0
Bangladesh,2019,titanium ores and concentrates,Export,0,0
Bangladesh,2020,titanium ores and concentrates,Export,0,0
Bangladesh,2021,titanium ores and concentrates,Export,0,0
Bangladesh,2022,titanium ores and concentrates,Export,0,0
Bangladesh,2023,titanium ores and concentrates,Export,0,0
Bangladesh,1992,titanium ores and concentrates,Import,120,83
Bangladesh,1993,titanium ores and concentrates,Import,161,90
Bangladesh,1994,titanium ores and concentrates,Import,0,0
Bangladesh,1995,titanium ores and concentrates,Import,253,140
Bangladesh,1996,titanium ores and concentrates,Import,359,350
Bangladesh,1997,titanium ores and concentrates,Import,70790,668
Bangladesh,1998,titanium ores and concentrates,Import,1266,498
Bangladesh,1999,titanium ores and concentrates,Import,0,0
Bangladesh,2000,titanium ores and concentrates,Import,1831,663
Bangladesh,2001,titanium ores and concentrates,Import,1289,447
Bangladesh,2002,titanium ores and concentrates,Import,1046,471
Bangladesh,2003,titanium ores and concentrates,Import,1527,583
Bangladesh,2004,titanium ores and concentrates,Import,1264,442
Bangladesh,2005,titanium ores and concentrates,Import,609,622
Bangladesh,2006,titanium ores and concentrates,Import,1427,1071
Bangladesh,2007,titanium ores and concentrates,Import,830,583
Bangladesh,2008,titanium ores and concentrates,Import,829,756
Bangladesh,2009,titanium ores and concentrates,Import,1336,1244
Bangladesh,2010,titanium ores and concentrates,Import,1730,1546
Bangladesh,2011,titanium ores and concentrates,Import,2908,3853
Bangladesh,2012,titanium ores and concentrates,Import,1795,4193
Bangladesh,2013,titanium ores and concentrates,Import,1819,4539
Bangladesh,2014,titanium ores and concentrates,Import,0,0
Bangladesh,2015,titanium ores and concentrates,Import,2370,3748
Bangladesh,2016,titanium ores and concentrates,Import,0,0
Bangladesh,2017,titanium ores and concentrates,Import,0,0
Bangladesh,2018,titanium ores and concentrates,Import,0,0
Bangladesh,2019,titanium ores and concentrates,Import,0,0
Bangladesh,2020,titanium ores and concentrates,Import,0,0
Bangladesh,2021,titanium ores and concentrates,Import,0,0
Bangladesh,2022,titanium ores and concentrates,Import,0,0
Bangladesh,2023,titanium ores and concentrates,Import,0,0
Belarus,1992,titanium ores and concentrates,Export,0,0
Belarus,1993,titanium ores and concentrates,Export,0,0
Belarus,1994,titanium ores and concentrates,Export,0,0
Belarus,1995,titanium ores and concentrates,Export,0,0
Belarus,1996,titanium ores and concentrates,Export,0,0
Belarus,1997,titanium ores and concentrates,Export,0,0
Belarus,1998,titanium ores and concentrates,Export,0.24,151
Belarus,1999,titanium ores and concentrates,Export,192.695,158.8
Belarus,2000,titanium ores and concentrates,Export,12,9.8
Belarus,2001,titanium ores and concentrates,Export,0.068,10
Belarus,2002,titanium ores and concentrates,Export,0,0
Belarus,2003,titanium ores and concentrates,Export,60,15
Belarus,2004,titanium ores and concentrates,Export,0,0
Belarus,2005,titanium ores and concentrates,Export,0,0
Belarus,2006,titanium ores and concentrates,Export,0,0
Belarus,2007,titanium ores and concentrates,Export,0,0
Belarus,2008,titanium ores and concentrates,Export,0,0
Belarus,2009,titanium ores and concentrates,Export,0,0
Belarus,2010,titanium ores and concentrates,Export,45,48.8
Belarus,2011,titanium ores and concentrates,Export,111,151.1
Belarus,2012,titanium ores and concentrates,Export,0,0
Belarus,2013,titanium ores and concentrates,Export,0,0
Belarus,2014,titanium ores and concentrates,Export,0,0
Belarus,2015,titanium ores and concentrates,Export,0,0
Belarus,2016,titanium ores and concentrates,Export,0,0
Belarus,2017,titanium ores and concentrates,Export,0,0
Belarus,2018,titanium ores and concentrates,Export,0,0
Belarus,2019,titanium ores and concentrates,Export,0,0
Belarus,2020,titanium ores and concentrates,Export,20,27
Belarus,2021,titanium ores and concentrates,Export,0,0
Belarus,2022,titanium ores and concentrates,Export,0,0
Belarus,2023,titanium ores and concentrates,Export,0,0
Belarus,1992,titanium ores and concentrates,Import,0,0
Belarus,1993,titanium ores and concentrates,Import,0,0
Belarus,1994,titanium ores and concentrates,Import,0,0
Belarus,1995,titanium ores and concentrates,Import,0,0
Belarus,1996,titanium ores and concentrates,Import,0,0
Belarus,1997,titanium ores and concentrates,Import,0,0
Belarus,1998,titanium ores and concentrates,Import,1193.25,450.3
Belarus,1999,titanium ores and concentrates,Import,1160.75,376.4
Belarus,2000,titanium ores and concentrates,Import,784,130.8
Belarus,2001,titanium ores and concentrates,Import,441,73.7
Belarus,2002,titanium ores and concentrates,Import,329,56.1
Belarus,2003,titanium ores and concentrates,Import,507,117.5
Belarus,2004,titanium ores and concentrates,Import,188.4,55.5
Belarus,2005,titanium ores and concentrates,Import,252,142.3
Belarus,2006,titanium ores and concentrates,Import,219,114.2
Belarus,2007,titanium ores and concentrates,Import,223,148.7
Belarus,2008,titanium ores and concentrates,Import,174,105.1
Belarus,2009,titanium ores and concentrates,Import,179,95.4
Belarus,2010,titanium ores and concentrates,Import,343.514,231.2
Belarus,2011,titanium ores and concentrates,Import,212.99,232.6
Belarus,2012,titanium ores and concentrates,Import,134.464,337.5
Belarus,2013,titanium ores and concentrates,Import,1008.91,1290.4
Belarus,2014,titanium ores and concentrates,Import,1015,1285
Belarus,2015,titanium ores and concentrates,Import,1119,862
Belarus,2016,titanium ores and concentrates,Import,1736.78,1456.7
Belarus,2017,titanium ores and concentrates,Import,2038,1762.1
Belarus,2018,titanium ores and concentrates,Import,2138,2223
Belarus,2019,titanium ores and concentrates,Import,2346.5,2732.4
Belarus,2020,titanium ores and concentrates,Import,2420.81,2962.1
Belarus,2021,titanium ores and concentrates,Import,1940.98,2559
Belarus,2022,titanium ores and concentrates,Import,0,0
Belarus,2023,titanium ores and concentrates,Import,0,0
Belgium,1992,titanium ores and concentrates,Export,0,0
Belgium,1993,titanium ores and concentrates,Export,0,0
Belgium,1994,titanium ores and concentrates,Export,0,0
Belgium,1995,titanium ores and concentrates,Export,0.001,0.01
Belgium,1996,titanium ores and concentrates,Export,21.901,45.27
Belgium,1997,titanium ores and concentrates,Export,1049.13,495.92
Belgium,1998,titanium ores and concentrates,Export,1727.48,796
Belgium,1999,titanium ores and concentrates,Export,1574.36,687.82
Belgium,2000,titanium ores and concentrates,Export,52769.2,18684.36
Belgium,2001,titanium ores and concentrates,Export,2699.46,1171.13
Belgium,2002,titanium ores and concentrates,Export,113948,39927.25
Belgium,2003,titanium ores and concentrates,Export,122026,45931.63
Belgium,2004,titanium ores and concentrates,Export,136844,50224.56
Belgium,2005,titanium ores and concentrates,Export,130306,48135.89
Belgium,2006,titanium ores and concentrates,Export,95085.6,35505.79
Belgium,2007,titanium ores and concentrates,Export,127943,47615.82
Belgium,2008,titanium ores and concentrates,Export,98327.5,38431.63
Belgium,2009,titanium ores and concentrates,Export,58263.7,23677.39
Belgium,2010,titanium ores and concentrates,Export,15100.5,9063.27
Belgium,2011,titanium ores and concentrates,Export,29291.5,16702.3
Belgium,2012,titanium ores and concentrates,Export,22055.6,34457.13
Belgium,2013,titanium ores and concentrates,Export,11273.9,16083.33
Belgium,2014,titanium ores and concentrates,Export,5289.88,4495.41
Belgium,2015,titanium ores and concentrates,Export,8526.78,6194.03
Belgium,2016,titanium ores and concentrates,Export,11318.3,8481.33
Belgium,2017,titanium ores and concentrates,Export,11839.5,8124.93
Belgium,2018,titanium ores and concentrates,Export,50684.2,41440.07
Belgium,2019,titanium ores and concentrates,Export,28461.5,25085.42
Belgium,2020,titanium ores and concentrates,Export,41808.4,40821.62
Belgium,2021,titanium ores and concentrates,Export,58609.5,59033.81
Belgium,2022,titanium ores and concentrates,Export,92849.3,110733.87
Belgium,2023,titanium ores and concentrates,Export,42175.3,41049.38
Belgium,1992,titanium ores and concentrates,Import,0,0
Belgium,1993,titanium ores and concentrates,Import,0,0
Belgium,1994,titanium ores and concentrates,Import,0,0
Belgium,1995,titanium ores and concentrates,Import,89481.9,27715.12
Belgium,1996,titanium ores and concentrates,Import,60715.7,20482.51
Belgium,1997,titanium ores and concentrates,Import,51092.5,23282.83
Belgium,1998,titanium ores and concentrates,Import,83118.6,39273.89
Belgium,1999,titanium ores and concentrates,Import,83702.9,39034.95
Belgium,2000,titanium ores and concentrates,Import,134160,47993.6
Belgium,2001,titanium ores and concentrates,Import,56861.8,23447.45
Belgium,2002,titanium ores and concentrates,Import,142867,54243.42
Belgium,2003,titanium ores and concentrates,Import,177056,67596.52
Belgium,2004,titanium ores and concentrates,Import,165280,63688.61
Belgium,2005,titanium ores and concentrates,Import,165699,66151.29
Belgium,2006,titanium ores and concentrates,Import,157463,67775.62
Belgium,2007,titanium ores and concentrates,Import,221152,96604.24
Belgium,2008,titanium ores and concentrates,Import,204525,100919.66
Belgium,2009,titanium ores and concentrates,Import,110160,51430.86
Belgium,2010,titanium ores and concentrates,Import,99307.2,58368.4
Belgium,2011,titanium ores and concentrates,Import,126251,93520.2
Belgium,2012,titanium ores and concentrates,Import,111773,223738.26
Belgium,2013,titanium ores and concentrates,Import,86727,97305.2
Belgium,2014,titanium ores and concentrates,Import,113866,98822.76
Belgium,2015,titanium ores and concentrates,Import,125983,103043.75
Belgium,2016,titanium ores and concentrates,Import,94564.7,71139.42
Belgium,2017,titanium ores and concentrates,Import,153872,119093.98
Belgium,2018,titanium ores and concentrates,Import,106572,95028.92
Belgium,2019,titanium ores and concentrates,Import,154735,158080.52
Belgium,2020,titanium ores and concentrates,Import,148283,164660.18
Belgium,2021,titanium ores and concentrates,Import,147715,160938.35
Belgium,2022,titanium ores and concentrates,Import,226758,273216.94
Belgium,2023,titanium ores and concentrates,Import,85196.6,97992.57
Bosnia and Herzegovina,1992,titanium ores and concentrates,Export,0,0
Bosnia and Herzegovina,1993,titanium ores and concentrates,Export,0,0
Bosnia and Herzegovina,1994,titanium ores and concentrates,Export,0,0
Bosnia and Herzegovina,1995,titanium ores and concentrates,Export,0,0
Bosnia and Herzegovina,1996,titanium ores and concentrates,Export,0,0
Bosnia and Herzegovina,1997,titanium ores and concentrates,Export,0,0
Bosnia and Herzegovina,1998,titanium ores and concentrates,Export,0,0
Bosnia and Herzegovina,1999,titanium ores and concentrates,Export,0,0
Bosnia and Herzegovina,2000,titanium ores and concentrates,Export,0,0
Bosnia and Herzegovina,2001,titanium ores and concentrates,Export,0,0
Bosnia and Herzegovina,2002,titanium ores and concentrates,Export,0,0
Bosnia and Herzegovina,2003,titanium ores and concentrates,Export,0,0
Bosnia and Herzegovina,2004,titanium ores and concentrates,Export,0,0
Bosnia and Herzegovina,2005,titanium ores and concentrates,Export,0,0
Bosnia and Herzegovina,2006,titanium ores and concentrates,Export,0,0
Bosnia and Herzegovina,2007,titanium ores and concentrates,Export,0,0
Bosnia and Herzegovina,2008,titanium ores and concentrates,Export,0,0
Bosnia and Herzegovina,2009,titanium ores and concentrates,Export,0,0
Bosnia and Herzegovina,2010,titanium ores and concentrates,Export,0,0
Bosnia and Herzegovina,2011,titanium ores and concentrates,Export,0,0
Bosnia and Herzegovina,2012,titanium ores and concentrates,Export,0,0
Bosnia and Herzegovina,2013,titanium ores and concentrates,Export,0,0
Bosnia and Herzegovina,2014,titanium ores and concentrates,Export,0,0
Bosnia and Herzegovina,2015,titanium ores and concentrates,Export,0,0
Bosnia and Herzegovina,2016,titanium ores and concentrates,Export,0,0
Bosnia and Herzegovina,2017,titanium ores and concentrates,Export,0,0
Bosnia and Herzegovina,2018,titanium ores and concentrates,Export,0,0
Bosnia and Herzegovina,2019,titanium ores and concentrates,Export,0,0
Bosnia and Herzegovina,2020,titanium ores and concentrates,Export,0,0
Bosnia and Herzegovina,2021,titanium ores and concentrates,Export,0,0
Bosnia and Herzegovina,2022,titanium ores and concentrates,Export,0,0
Bosnia and Herzegovina,2023,titanium ores and concentrates,Export,15,8
Bosnia and Herzegovina,1992,titanium ores and concentrates,Import,0,0
Bosnia and Herzegovina,1993,titanium ores and concentrates,Import,0,0
Bosnia and Herzegovina,1994,titanium ores and concentrates,Import,0,0
Bosnia and Herzegovina,1995,titanium ores and concentrates,Import,0,0
Bosnia and Herzegovina,1996,titanium ores and concentrates,Import,0,0
Bosnia and Herzegovina,1997,titanium ores and concentrates,Import,0,0
Bosnia and Herzegovina,1998,titanium ores and concentrates,Import,0,0
Bosnia and Herzegovina,1999,titanium ores and concentrates,Import,0,0
Bosnia and Herzegovina,2000,titanium ores and concentrates,Import,0,0
Bosnia and Herzegovina,2001,titanium ores and concentrates,Import,0,0
Bosnia and Herzegovina,2002,titanium ores and concentrates,Import,0,0
Bosnia and Herzegovina,2003,titanium ores and concentrates,Import,0,0
Bosnia and Herzegovina,2004,titanium ores and concentrates,Import,0,0
Bosnia and Herzegovina,2005,titanium ores and concentrates,Import,42,30
Bosnia and Herzegovina,2006,titanium ores and concentrates,Import,0,0
Bosnia and Herzegovina,2007,titanium ores and concentrates,Import,39,32
Bosnia and Herzegovina,2008,titanium ores and concentrates,Import,14,13
Bosnia and Herzegovina,2009,titanium ores and concentrates,Import,20,20
Bosnia and Herzegovina,2010,titanium ores and concentrates,Import,45,45
Bosnia and Herzegovina,2011,titanium ores and concentrates,Import,14,26
Bosnia and Herzegovina,2012,titanium ores and concentrates,Import,5,15
Bosnia and Herzegovina,2013,titanium ores and concentrates,Import,41,80
Bosnia and Herzegovina,2014,titanium ores and concentrates,Import,24,32
Bosnia and Herzegovina,2015,titanium ores and concentrates,Import,0,0
Bosnia and Herzegovina,2016,titanium ores and concentrates,Import,21,18
Bosnia and Herzegovina,2017,titanium ores and concentrates,Import,0,0
Bosnia and Herzegovina,2018,titanium ores and concentrates,Import,0,0
Bosnia and Herzegovina,2019,titanium ores and concentrates,Import,0,0
Bosnia and Herzegovina,2020,titanium ores and concentrates,Import,0,0
Bosnia and Herzegovina,2021,titanium ores and concentrates,Import,0,0
Bosnia and Herzegovina,2022,titanium ores and concentrates,Import,0,0
Bosnia and Herzegovina,2023,titanium ores and concentrates,Import,0,0
Brazil,1992,titanium ores and concentrates,Export,633,139
Brazil,1993,titanium ores and concentrates,Export,656,142
Brazil,1994,titanium ores and concentrates,Export,1071,233
Brazil,1995,titanium ores and concentrates,Export,25,18
Brazil,1996,titanium ores and concentrates,Export,252,50
Brazil,1997,titanium ores and concentrates,Export,252,50
Brazil,1998,titanium ores and concentrates,Export,0,49
Brazil,1999,titanium ores and concentrates,Export,252,49
Brazil,2000,titanium ores and concentrates,Export,0,0
Brazil,2001,titanium ores and concentrates,Export,0,0
Brazil,2002,titanium ores and concentrates,Export,100,56
Brazil,2003,titanium ores and concentrates,Export,0,0
Brazil,2004,titanium ores and concentrates,Export,0,0
Brazil,2005,titanium ores and concentrates,Export,19801,1304
Brazil,2006,titanium ores and concentrates,Export,21894,1757
Brazil,2007,titanium ores and concentrates,Export,9108,770
Brazil,2008,titanium ores and concentrates,Export,19281,1998
Brazil,2009,titanium ores and concentrates,Export,17357,1752
Brazil,2010,titanium ores and concentrates,Export,35117,3652
Brazil,2011,titanium ores and concentrates,Export,82675,12393
Brazil,2012,titanium ores and concentrates,Export,60966,10228
Brazil,2013,titanium ores and concentrates,Export,49691,10829
Brazil,2014,titanium ores and concentrates,Export,66028,14187
Brazil,2015,titanium ores and concentrates,Export,16591,2384
Brazil,2016,titanium ores and concentrates,Export,25975,3290
Brazil,2017,titanium ores and concentrates,Export,68264,8311
Brazil,2018,titanium ores and concentrates,Export,111539,15979
Brazil,2019,titanium ores and concentrates,Export,40917,5944
Brazil,2020,titanium ores and concentrates,Export,57334,10841
Brazil,2021,titanium ores and concentrates,Export,55783,9610
Brazil,2022,titanium ores and concentrates,Export,46993,6450
Brazil,2023,titanium ores and concentrates,Export,74555,14385
Brazil,1992,titanium ores and concentrates,Import,1571,799
Brazil,1993,titanium ores and concentrates,Import,1833,783
Brazil,1994,titanium ores and concentrates,Import,845,386
Brazil,1995,titanium ores and concentrates,Import,1170,785
Brazil,1996,titanium ores and concentrates,Import,865,857
Brazil,1997,titanium ores and concentrates,Import,1195,1057
Brazil,1998,titanium ores and concentrates,Import,1062,691
Brazil,1999,titanium ores and concentrates,Import,220,107
Brazil,2000,titanium ores and concentrates,Import,1489,710
Brazil,2001,titanium ores and concentrates,Import,17175,2562
Brazil,2002,titanium ores and concentrates,Import,2886,1250
Brazil,2003,titanium ores and concentrates,Import,2211,950
Brazil,2004,titanium ores and concentrates,Import,2067,1018
Brazil,2005,titanium ores and concentrates,Import,N/A,1278
Brazil,2006,titanium ores and concentrates,Import,2561,1429
Brazil,2007,titanium ores and concentrates,Import,3621,2169
Brazil,2008,titanium ores and concentrates,Import,24509,10770
Brazil,2009,titanium ores and concentrates,Import,46416,19226
Brazil,2010,titanium ores and concentrates,Import,N/A,21189
Brazil,2011,titanium ores and concentrates,Import,55600,27054
Brazil,2012,titanium ores and concentrates,Import,67389,88267
Brazil,2013,titanium ores and concentrates,Import,23929,29418
Brazil,2014,titanium ores and concentrates,Import,19867,13588
Brazil,2015,titanium ores and concentrates,Import,33488,19512
Brazil,2016,titanium ores and concentrates,Import,27582,12544
Brazil,2017,titanium ores and concentrates,Import,31261,15578
Brazil,2018,titanium ores and concentrates,Import,41500,24808
Brazil,2019,titanium ores and concentrates,Import,26689,18862
Brazil,2020,titanium ores and concentrates,Import,27236,19186
Brazil,2021,titanium ores and concentrates,Import,29762,22447
Brazil,2022,titanium ores and concentrates,Import,47418,38915
Brazil,2023,titanium ores and concentrates,Import,19868,17030
Bulgaria,1992,titanium ores and concentrates,Export,0,0
Bulgaria,1993,titanium ores and concentrates,Export,0,0
Bulgaria,1994,titanium ores and concentrates,Export,0,0
Bulgaria,1995,titanium ores and concentrates,Export,0,0
Bulgaria,1996,titanium ores and concentrates,Export,0,0
Bulgaria,1997,titanium ores and concentrates,Export,0,0
Bulgaria,1998,titanium ores and concentrates,Export,0,0
Bulgaria,1999,titanium ores and concentrates,Export,0,0
Bulgaria,2000,titanium ores and concentrates,Export,0,0
Bulgaria,2001,titanium ores and concentrates,Export,0,0
Bulgaria,2002,titanium ores and concentrates,Export,0,0
Bulgaria,2003,titanium ores and concentrates,Export,0,0
Bulgaria,2004,titanium ores and concentrates,Export,0,0
Bulgaria,2005,titanium ores and concentrates,Export,0,0
Bulgaria,2006,titanium ores and concentrates,Export,0,0
Bulgaria,2007,titanium ores and concentrates,Export,0,0
Bulgaria,2008,titanium ores and concentrates,Export,0,0
Bulgaria,2009,titanium ores and concentrates,Export,0,0
Bulgaria,2010,titanium ores and concentrates,Export,0,0
Bulgaria,2011,titanium ores and concentrates,Export,0,0
Bulgaria,2012,titanium ores and concentrates,Export,0,0
Bulgaria,2013,titanium ores and concentrates,Export,0,0
Bulgaria,2014,titanium ores and concentrates,Export,0,0
Bulgaria,2015,titanium ores and concentrates,Export,0,0
Bulgaria,2016,titanium ores and concentrates,Export,0,0
Bulgaria,2017,titanium ores and concentrates,Export,0,0
Bulgaria,2018,titanium ores and concentrates,Export,0,0
Bulgaria,2019,titanium ores and concentrates,Export,0,0
Bulgaria,2020,titanium ores and concentrates,Export,0,0
Bulgaria,2021,titanium ores and concentrates,Export,0,0
Bulgaria,2022,titanium ores and concentrates,Export,0,0
Bulgaria,2023,titanium ores and concentrates,Export,0,0
Bulgaria,1992,titanium ores and concentrates,Import,0,0
Bulgaria,1993,titanium ores and concentrates,Import,0,0
Bulgaria,1994,titanium ores and concentrates,Import,0,0
Bulgaria,1995,titanium ores and concentrates,Import,0,0
Bulgaria,1996,titanium ores and concentrates,Import,479,451
Bulgaria,1997,titanium ores and concentrates,Import,710,526
Bulgaria,1998,titanium ores and concentrates,Import,942,601
Bulgaria,1999,titanium ores and concentrates,Import,671,403
Bulgaria,2000,titanium ores and concentrates,Import,690,391
Bulgaria,2001,titanium ores and concentrates,Import,53,298
Bulgaria,2002,titanium ores and concentrates,Import,653,383
Bulgaria,2003,titanium ores and concentrates,Import,2979,672
Bulgaria,2004,titanium ores and concentrates,Import,407,242
Bulgaria,2005,titanium ores and concentrates,Import,1287,988
Bulgaria,2006,titanium ores and concentrates,Import,300,237
Bulgaria,2007,titanium ores and concentrates,Import,712,558
Bulgaria,2008,titanium ores and concentrates,Import,42,69
Bulgaria,2009,titanium ores and concentrates,Import,105,75
Bulgaria,2010,titanium ores and concentrates,Import,506,365
Bulgaria,2011,titanium ores and concentrates,Import,486,571
Bulgaria,2012,titanium ores and concentrates,Import,735,1203
Bulgaria,2013,titanium ores and concentrates,Import,0,1
Bulgaria,2014,titanium ores and concentrates,Import,26,30
Bulgaria,2015,titanium ores and concentrates,Import,39,42
Bulgaria,2016,titanium ores and concentrates,Import,2,1
Bulgaria,2017,titanium ores and concentrates,Import,0,0
Bulgaria,2018,titanium ores and concentrates,Import,24,25
Bulgaria,2019,titanium ores and concentrates,Import,0,0
Bulgaria,2020,titanium ores and concentrates,Import,22,31
Bulgaria,2021,titanium ores and concentrates,Import,0,0
Bulgaria,2022,titanium ores and concentrates,Import,0,0
Bulgaria,2023,titanium ores and concentrates,Import,0,0
Canada,1992,titanium ores and concentrates,Export,32414,1671
Canada,1993,titanium ores and concentrates,Export,66276,2900
Canada,1994,titanium ores and concentrates,Export,44318,2595
Canada,1995,titanium ores and concentrates,Export,90096,5952
Canada,1996,titanium ores and concentrates,Export,117035,9559
Canada,1997,titanium ores and concentrates,Export,49218,11130
Canada,1998,titanium ores and concentrates,Export,31483,6971
Canada,1999,titanium ores and concentrates,Export,34527,22319
Canada,2000,titanium ores and concentrates,Export,89304,5654
Canada,2001,titanium ores and concentrates,Export,55918,6662
Canada,2002,titanium ores and concentrates,Export,36915,3456
Canada,2003,titanium ores and concentrates,Export,31513,7038
Canada,2004,titanium ores and concentrates,Export,79146,6985
Canada,2005,titanium ores and concentrates,Export,66433,6130
Canada,2006,titanium ores and concentrates,Export,91175,20970
Canada,2007,titanium ores and concentrates,Export,34981,18126
Canada,2008,titanium ores and concentrates,Export,152088,63101
Canada,2009,titanium ores and concentrates,Export,10108,615
Canada,2010,titanium ores and concentrates,Export,91081,10866
Canada,2011,titanium ores and concentrates,Export,311,64
Canada,2012,titanium ores and concentrates,Export,286,53
Canada,2013,titanium ores and concentrates,Export,25837,17167
Canada,2014,titanium ores and concentrates,Export,138,63
Canada,2015,titanium ores and concentrates,Export,64793,33663
Canada,2016,titanium ores and concentrates,Export,23755,7571
Canada,2017,titanium ores and concentrates,Export,11939,7888
Canada,2018,titanium ores and concentrates,Export,10153,1486
Canada,2019,titanium ores and concentrates,Export,10992,1760
Canada,2020,titanium ores and concentrates,Export,37891,10175
Canada,2021,titanium ores and concentrates,Export,62416,53523
Canada,2022,titanium ores and concentrates,Export,17459,31374
Canada,2023,titanium ores and concentrates,Export,7533,7900
Canada,1992,titanium ores and concentrates,Import,6988,3258
Canada,1993,titanium ores and concentrates,Import,13782,6382
Canada,1994,titanium ores and concentrates,Import,34963,7883
Canada,1995,titanium ores and concentrates,Import,33596,8352
Canada,1996,titanium ores and concentrates,Import,7382,4427
Canada,1997,titanium ores and concentrates,Import,8458,4513
Canada,1998,titanium ores and concentrates,Import,4748,3608
Canada,1999,titanium ores and concentrates,Import,4923,3457
Canada,2000,titanium ores and concentrates,Import,6542,4257
Canada,2001,titanium ores and concentrates,Import,8861,4900
Canada,2002,titanium ores and concentrates,Import,15925,7423
Canada,2003,titanium ores and concentrates,Import,8093,4587
Canada,2004,titanium ores and concentrates,Import,2056,1533
Canada,2005,titanium ores and concentrates,Import,7453,6590
Canada,2006,titanium ores and concentrates,Import,27300,6497
Canada,2007,titanium ores and concentrates,Import,16221,6294
Canada,2008,titanium ores and concentrates,Import,1092,1061
Canada,2009,titanium ores and concentrates,Import,104319,20123
Canada,2010,titanium ores and concentrates,Import,195826,40860
Canada,2011,titanium ores and concentrates,Import,248047,54245
Canada,2012,titanium ores and concentrates,Import,319947,73699
Canada,2013,titanium ores and concentrates,Import,365087,75562
Canada,2014,titanium ores and concentrates,Import,167545,49352
Canada,2015,titanium ores and concentrates,Import,135702,30912
Canada,2016,titanium ores and concentrates,Import,152878,30866
Canada,2017,titanium ores and concentrates,Import,701624,51056
Canada,2018,titanium ores and concentrates,Import,218276,46059
Canada,2019,titanium ores and concentrates,Import,173422,34758
Canada,2020,titanium ores and concentrates,Import,404489,65935
Canada,2021,titanium ores and concentrates,Import,381484,105127
Canada,2022,titanium ores and concentrates,Import,267555,75427
Canada,2023,titanium ores and concentrates,Import,412929,123110
Chile,1992,titanium ores and concentrates,Export,0,0
Chile,1993,titanium ores and concentrates,Export,0,0
Chile,1994,titanium ores and concentrates,Export,0,0
Chile,1995,titanium ores and concentrates,Export,0,0
Chile,1996,titanium ores and concentrates,Export,0,0
Chile,1997,titanium ores and concentrates,Export,0,0
Chile,1998,titanium ores and concentrates,Export,0,0
Chile,1999,titanium ores and concentrates,Export,0,0
Chile,2000,titanium ores and concentrates,Export,0,0
Chile,2001,titanium ores and concentrates,Export,2,0
Chile,2002,titanium ores and concentrates,Export,0,0
Chile,2003,titanium ores and concentrates,Export,0,0
Chile,2004,titanium ores and concentrates,Export,0,0
Chile,2005,titanium ores and concentrates,Export,0,0
Chile,2006,titanium ores and concentrates,Export,0,0
Chile,2007,titanium ores and concentrates,Export,0,0
Chile,2008,titanium ores and concentrates,Export,0,0
Chile,2009,titanium ores and concentrates,Export,0,0
Chile,2010,titanium ores and concentrates,Export,108,89
Chile,2011,titanium ores and concentrates,Export,62,149
Chile,2012,titanium ores and concentrates,Export,48,148
Chile,2013,titanium ores and concentrates,Export,60,125
Chile,2014,titanium ores and concentrates,Export,24,30
Chile,2015,titanium ores and concentrates,Export,0,0
Chile,2016,titanium ores and concentrates,Export,121,120
Chile,2017,titanium ores and concentrates,Export,48,37
Chile,2018,titanium ores and concentrates,Export,0,0
Chile,2019,titanium ores and concentrates,Export,186,515
Chile,2020,titanium ores and concentrates,Export,0,0
Chile,2021,titanium ores and concentrates,Export,0,0
Chile,2022,titanium ores and concentrates,Export,0,0
Chile,2023,titanium ores and concentrates,Export,0,0
Chile,1992,titanium ores and concentrates,Import,220,128
Chile,1993,titanium ores and concentrates,Import,288,150
Chile,1994,titanium ores and concentrates,Import,265,139
Chile,1995,titanium ores and concentrates,Import,500,375
Chile,1996,titanium ores and concentrates,Import,264,331
Chile,1997,titanium ores and concentrates,Import,912,818
Chile,1998,titanium ores and concentrates,Import,539,367
Chile,1999,titanium ores and concentrates,Import,310,223
Chile,2000,titanium ores and concentrates,Import,478,276
Chile,2001,titanium ores and concentrates,Import,N/A,114
Chile,2002,titanium ores and concentrates,Import,525,243
Chile,2003,titanium ores and concentrates,Import,777,467
Chile,2004,titanium ores and concentrates,Import,N/A,502
Chile,2005,titanium ores and concentrates,Import,N/A,660
Chile,2006,titanium ores and concentrates,Import,535,454
Chile,2007,titanium ores and concentrates,Import,694,589
Chile,2008,titanium ores and concentrates,Import,595,613
Chile,2009,titanium ores and concentrates,Import,561,747
Chile,2010,titanium ores and concentrates,Import,N/A,976
Chile,2011,titanium ores and concentrates,Import,630,952
Chile,2012,titanium ores and concentrates,Import,552,1433
Chile,2013,titanium ores and concentrates,Import,297,507
Chile,2014,titanium ores and concentrates,Import,171,315
Chile,2015,titanium ores and concentrates,Import,218,256
Chile,2016,titanium ores and concentrates,Import,118,117
Chile,2017,titanium ores and concentrates,Import,122,104
Chile,2018,titanium ores and concentrates,Import,4,5
Chile,2019,titanium ores and concentrates,Import,0,1
Chile,2020,titanium ores and concentrates,Import,67,116
Chile,2021,titanium ores and concentrates,Import,209,309
Chile,2022,titanium ores and concentrates,Import,182,569
Chile,2023,titanium ores and concentrates,Import,135,340
China,1992,titanium ores and concentrates,Export,13475,809
China,1993,titanium ores and concentrates,Export,16707,1153
China,1994,titanium ores and concentrates,Export,5496,530
China,1995,titanium ores and concentrates,Export,5819,932
China,1996,titanium ores and concentrates,Export,24912,2372
China,1997,titanium ores and concentrates,Export,18673,2153
China,1998,titanium ores and concentrates,Export,1828,990
China,1999,titanium ores and concentrates,Export,12144,1256
China,2000,titanium ores and concentrates,Export,31028,2641
China,2001,titanium ores and concentrates,Export,16193,1368
China,2002,titanium ores and concentrates,Export,19959,1118
China,2003,titanium ores and concentrates,Export,72321,3109
China,2004,titanium ores and concentrates,Export,26648,2624
China,2005,titanium ores and concentrates,Export,26404,3469
China,2006,titanium ores and concentrates,Export,5821,3046
China,2007,titanium ores and concentrates,Export,14789,2801
China,2008,titanium ores and concentrates,Export,1831,921
China,2009,titanium ores and concentrates,Export,591,251
China,2010,titanium ores and concentrates,Export,1302,812
China,2011,titanium ores and concentrates,Export,10640,12616
China,2012,titanium ores and concentrates,Export,14546,36119
China,2013,titanium ores and concentrates,Export,16230,22319
China,2014,titanium ores and concentrates,Export,17234,16396
China,2015,titanium ores and concentrates,Export,33386,16408
China,2016,titanium ores and concentrates,Export,13795,9840
China,2017,titanium ores and concentrates,Export,22133,15954
China,2018,titanium ores and concentrates,Export,29168,29668
China,2019,titanium ores and concentrates,Export,25311,28255
China,2020,titanium ores and concentrates,Export,25846,25711
China,2021,titanium ores and concentrates,Export,34557,41609
China,2022,titanium ores and concentrates,Export,22163,41515
China,2023,titanium ores and concentrates,Export,24427,31513
China,1992,titanium ores and concentrates,Import,5839,1515
China,1993,titanium ores and concentrates,Import,2496,798
China,1994,titanium ores and concentrates,Import,962,1030
China,1995,titanium ores and concentrates,Import,21501,2605
China,1996,titanium ores and concentrates,Import,56622,5578
China,1997,titanium ores and concentrates,Import,29850,2738
China,1998,titanium ores and concentrates,Import,20520,1748
China,1999,titanium ores and concentrates,Import,15540,1413
China,2000,titanium ores and concentrates,Import,39647,3542
China,2001,titanium ores and concentrates,Import,59210,5068
China,2002,titanium ores and concentrates,Import,47191,4160
China,2003,titanium ores and concentrates,Import,251112,16338
China,2004,titanium ores and concentrates,Import,593275,41740
China,2005,titanium ores and concentrates,Import,500982,45200
China,2006,titanium ores and concentrates,Import,708256,62672
China,2007,titanium ores and concentrates,Import,1224300,143932
China,2008,titanium ores and concentrates,Import,1067050,180703
China,2009,titanium ores and concentrates,Import,1479310,162459
China,2010,titanium ores and concentrates,Import,2038870,256866
China,2011,titanium ores and concentrates,Import,2271020,549455
China,2012,titanium ores and concentrates,Import,2905400,1003209
China,2013,titanium ores and concentrates,Import,2265670,642834
China,2014,titanium ores and concentrates,Import,2024740,417763
China,2015,titanium ores and concentrates,Import,1879430,273840
China,2016,titanium ores and concentrates,Import,392369,295859
China,2017,titanium ores and concentrates,Import,3064910,551523
China,2018,titanium ores and concentrates,Import,N/A,546129
China,2019,titanium ores and concentrates,Import,2615290,469992
China,2020,titanium ores and concentrates,Import,3010690,643262
China,2021,titanium ores and concentrates,Import,3796760,1184847
China,2022,titanium ores and concentrates,Import,3466740,1397061
China,2023,titanium ores and concentrates,Import,4251810,1478883
Colombia,1992,titanium ores and concentrates,Export,0,0
Colombia,1993,titanium ores and concentrates,Export,0,0
Colombia,1994,titanium ores and concentrates,Export,0,0
Colombia,1995,titanium ores and concentrates,Export,0,0
Colombia,1996,titanium ores and concentrates,Export,0,0
Colombia,1997,titanium ores and concentrates,Export,0,0
Colombia,1998,titanium ores and concentrates,Export,0,0
Colombia,1999,titanium ores and concentrates,Export,0,0
Colombia,2000,titanium ores and concentrates,Export,5,3
Colombia,2001,titanium ores and concentrates,Export,0,0
Colombia,2002,titanium ores and concentrates,Export,0,0
Colombia,2003,titanium ores and concentrates,Export,38,11
Colombia,2004,titanium ores and concentrates,Export,0,0
Colombia,2005,titanium ores and concentrates,Export,0,0
Colombia,2006,titanium ores and concentrates,Export,0,0
Colombia,2007,titanium ores and concentrates,Export,0,0
Colombia,2008,titanium ores and concentrates,Export,10,10
Colombia,2009,titanium ores and concentrates,Export,0,0
Colombia,2010,titanium ores and concentrates,Export,0,0
Colombia,2011,titanium ores and concentrates,Export,12,10
Colombia,2012,titanium ores and concentrates,Export,17,40
Colombia,2013,titanium ores and concentrates,Export,2,2
Colombia,2014,titanium ores and concentrates,Export,28,52
Colombia,2015,titanium ores and concentrates,Export,4,3
Colombia,2016,titanium ores and concentrates,Export,1,7
Colombia,2017,titanium ores and concentrates,Export,5,6
Colombia,2018,titanium ores and concentrates,Export,0,0
Colombia,2019,titanium ores and concentrates,Export,3,2
Colombia,2020,titanium ores and concentrates,Export,34,5
Colombia,2021,titanium ores and concentrates,Export,29,49
Colombia,2022,titanium ores and concentrates,Export,286,64
Colombia,2023,titanium ores and concentrates,Export,234,61
Colombia,1992,titanium ores and concentrates,Import,490,290
Colombia,1993,titanium ores and concentrates,Import,585,352
Colombia,1994,titanium ores and concentrates,Import,841,436
Colombia,1995,titanium ores and concentrates,Import,831,468
Colombia,1996,titanium ores and concentrates,Import,890,847
Colombia,1997,titanium ores and concentrates,Import,849,726
Colombia,1998,titanium ores and concentrates,Import,785,600
Colombia,1999,titanium ores and concentrates,Import,462,257
Colombia,2000,titanium ores and concentrates,Import,822,363
Colombia,2001,titanium ores and concentrates,Import,976,495
Colombia,2002,titanium ores and concentrates,Import,602,283
Colombia,2003,titanium ores and concentrates,Import,776,365
Colombia,2004,titanium ores and concentrates,Import,839,416
Colombia,2005,titanium ores and concentrates,Import,866,541
Colombia,2006,titanium ores and concentrates,Import,1149,699
Colombia,2007,titanium ores and concentrates,Import,1511,941
Colombia,2008,titanium ores and concentrates,Import,1354,943
Colombia,2009,titanium ores and concentrates,Import,954,731
Colombia,2010,titanium ores and concentrates,Import,1160,910
Colombia,2011,titanium ores and concentrates,Import,1226,1468
Colombia,2012,titanium ores and concentrates,Import,1184,2756
Colombia,2013,titanium ores and concentrates,Import,1034,1252
Colombia,2014,titanium ores and concentrates,Import,948,882
Colombia,2015,titanium ores and concentrates,Import,813,722
Colombia,2016,titanium ores and concentrates,Import,1020,796
Colombia,2017,titanium ores and concentrates,Import,820,635
Colombia,2018,titanium ores and concentrates,Import,833,795
Colombia,2019,titanium ores and concentrates,Import,1000,1084
Colombia,2020,titanium ores and concentrates,Import,871,1015
Colombia,2021,titanium ores and concentrates,Import,1116,1752
Colombia,2022,titanium ores and concentrates,Import,949,2174
Colombia,2023,titanium ores and concentrates,Import,888,1699
Cote d'Ivoire,1992,titanium ores and concentrates,Export,0,0
Cote d'Ivoire,1993,titanium ores and concentrates,Export,0,0
Cote d'Ivoire,1994,titanium ores and concentrates,Export,0,0
Cote d'Ivoire,1995,titanium ores and concentrates,Export,0,0
Cote d'Ivoire,1996,titanium ores and concentrates,Export,0,0
Cote d'Ivoire,1997,titanium ores and concentrates,Export,0,0
Cote d'Ivoire,1998,titanium ores and concentrates,Export,0,0
Cote d'Ivoire,1999,titanium ores and concentrates,Export,0,0
Cote d'Ivoire,2000,titanium ores and concentrates,Export,0,0
Cote d'Ivoire,2001,titanium ores and concentrates,Export,0,0
Cote d'Ivoire,2002,titanium ores and concentrates,Export,0,0
Cote d'Ivoire,2003,titanium ores and concentrates,Export,0,0
Cote d'Ivoire,2004,titanium ores and concentrates,Export,0,0
Cote d'Ivoire,2005,titanium ores and concentrates,Export,0,0
Cote d'Ivoire,2006,titanium ores and concentrates,Export,0,0
Cote d'Ivoire,2007,titanium ores and concentrates,Export,0,0
Cote d'Ivoire,2008,titanium ores and concentrates,Export,0,0
Cote d'Ivoire,2009,titanium ores and concentrates,Export,0,0
Cote d'Ivoire,2010,titanium ores and concentrates,Export,0,0
Cote d'Ivoire,2011,titanium ores and concentrates,Export,0,0
Cote d'Ivoire,2012,titanium ores and concentrates,Export,0,0
Cote d'Ivoire,2013,titanium ores and concentrates,Export,2,9
Cote d'Ivoire,2014,titanium ores and concentrates,Export,0,0
Cote d'Ivoire,2015,titanium ores and concentrates,Export,0,0
Cote d'Ivoire,2016,titanium ores and concentrates,Export,0,0
Cote d'Ivoire,2017,titanium ores and concentrates,Export,0,0
Cote d'Ivoire,2018,titanium ores and concentrates,Export,0,0
Cote d'Ivoire,2019,titanium ores and concentrates,Export,0,0
Cote d'Ivoire,2020,titanium ores and concentrates,Export,0,0
Cote d'Ivoire,2021,titanium ores and concentrates,Export,0,0
Cote d'Ivoire,2022,titanium ores and concentrates,Export,0,0
Cote d'Ivoire,2023,titanium ores and concentrates,Export,83,56
Cote d'Ivoire,1992,titanium ores and concentrates,Import,0,0
Cote d'Ivoire,1993,titanium ores and concentrates,Import,0,0
Cote d'Ivoire,1994,titanium ores and concentrates,Import,0,0
Cote d'Ivoire,1995,titanium ores and concentrates,Import,102,124
Cote d'Ivoire,1996,titanium ores and concentrates,Import,46,88
Cote d'Ivoire,1997,titanium ores and concentrates,Import,93,98
Cote d'Ivoire,1998,titanium ores and concentrates,Import,90,78
Cote d'Ivoire,1999,titanium ores and concentrates,Import,84,67
Cote d'Ivoire,2000,titanium ores and concentrates,Import,90,63
Cote d'Ivoire,2001,titanium ores and concentrates,Import,0,0
Cote d'Ivoire,2002,titanium ores and concentrates,Import,6,4
Cote d'Ivoire,2003,titanium ores and concentrates,Import,24,15
Cote d'Ivoire,2004,titanium ores and concentrates,Import,60,55
Cote d'Ivoire,2005,titanium ores and concentrates,Import,65,64
Cote d'Ivoire,2006,titanium ores and concentrates,Import,42,42
Cote d'Ivoire,2007,titanium ores and concentrates,Import,86,102
Cote d'Ivoire,2008,titanium ores and concentrates,Import,76,101
Cote d'Ivoire,2009,titanium ores and concentrates,Import,87,111
Cote d'Ivoire,2010,titanium ores and concentrates,Import,18,22
Cote d'Ivoire,2011,titanium ores and concentrates,Import,0,0
Cote d'Ivoire,2012,titanium ores and concentrates,Import,26,90
Cote d'Ivoire,2013,titanium ores and concentrates,Import,0,0
Cote d'Ivoire,2014,titanium ores and concentrates,Import,0,0
Cote d'Ivoire,2015,titanium ores and concentrates,Import,0,0
Cote d'Ivoire,2016,titanium ores and concentrates,Import,0,0
Cote d'Ivoire,2017,titanium ores and concentrates,Import,0,0
Cote d'Ivoire,2018,titanium ores and concentrates,Import,0,0
Cote d'Ivoire,2019,titanium ores and concentrates,Import,0,0
Cote d'Ivoire,2020,titanium ores and concentrates,Import,0,0
Cote d'Ivoire,2021,titanium ores and concentrates,Import,78,59
Cote d'Ivoire,2022,titanium ores and concentrates,Import,50,18
Cote d'Ivoire,2023,titanium ores and concentrates,Import,0,0
Croatia,1992,titanium ores and concentrates,Export,0,0
Croatia,1993,titanium ores and concentrates,Export,0,0
Croatia,1994,titanium ores and concentrates,Export,0,0
Croatia,1995,titanium ores and concentrates,Export,0,0
Croatia,1996,titanium ores and concentrates,Export,0,0
Croatia,1997,titanium ores and concentrates,Export,0,0
Croatia,1998,titanium ores and concentrates,Export,0,0
Croatia,1999,titanium ores and concentrates,Export,0,0
Croatia,2000,titanium ores and concentrates,Export,0,0
Croatia,2001,titanium ores and concentrates,Export,0,0
Croatia,2002,titanium ores and concentrates,Export,0,0
Croatia,2003,titanium ores and concentrates,Export,0,0
Croatia,2004,titanium ores and concentrates,Export,0,0
Croatia,2005,titanium ores and concentrates,Export,0,0
Croatia,2006,titanium ores and concentrates,Export,0,0
Croatia,2007,titanium ores and concentrates,Export,0,0
Croatia,2008,titanium ores and concentrates,Export,0,0
Croatia,2009,titanium ores and concentrates,Export,0,0
Croatia,2010,titanium ores and concentrates,Export,0,0
Croatia,2011,titanium ores and concentrates,Export,0,0
Croatia,2012,titanium ores and concentrates,Export,0,0
Croatia,2013,titanium ores and concentrates,Export,0,0
Croatia,2014,titanium ores and concentrates,Export,0,0
Croatia,2015,titanium ores and concentrates,Export,0,0
Croatia,2016,titanium ores and concentrates,Export,0,0
Croatia,2017,titanium ores and concentrates,Export,0,0
Croatia,2018,titanium ores and concentrates,Export,0,0
Croatia,2019,titanium ores and concentrates,Export,0,0
Croatia,2020,titanium ores and concentrates,Export,0,0
Croatia,2021,titanium ores and concentrates,Export,0,0
Croatia,2022,titanium ores and concentrates,Export,0,0
Croatia,2023,titanium ores and concentrates,Export,2,7
Croatia,1992,titanium ores and concentrates,Import,176,124
Croatia,1993,titanium ores and concentrates,Import,121,97
Croatia,1994,titanium ores and concentrates,Import,179,95
Croatia,1995,titanium ores and concentrates,Import,118,82
Croatia,1996,titanium ores and concentrates,Import,124,123
Croatia,1997,titanium ores and concentrates,Import,256,184
Croatia,1998,titanium ores and concentrates,Import,166,102
Croatia,1999,titanium ores and concentrates,Import,190,98
Croatia,2000,titanium ores and concentrates,Import,189,91
Croatia,2001,titanium ores and concentrates,Import,190,97
Croatia,2002,titanium ores and concentrates,Import,207,99
Croatia,2003,titanium ores and concentrates,Import,218,112
Croatia,2004,titanium ores and concentrates,Import,148,100
Croatia,2005,titanium ores and concentrates,Import,148,116
Croatia,2006,titanium ores and concentrates,Import,130,99
Croatia,2007,titanium ores and concentrates,Import,148,134
Croatia,2008,titanium ores and concentrates,Import,114,93
Croatia,2009,titanium ores and concentrates,Import,115,109
Croatia,2010,titanium ores and concentrates,Import,107,104
Croatia,2011,titanium ores and concentrates,Import,102,154
Croatia,2012,titanium ores and concentrates,Import,71,192
Croatia,2013,titanium ores and concentrates,Import,106,167
Croatia,2014,titanium ores and concentrates,Import,99,102
Croatia,2015,titanium ores and concentrates,Import,110,99
Croatia,2016,titanium ores and concentrates,Import,132,103
Croatia,2017,titanium ores and concentrates,Import,191,194
Croatia,2018,titanium ores and concentrates,Import,91,98
Croatia,2019,titanium ores and concentrates,Import,113,144
Croatia,2020,titanium ores and concentrates,Import,91,121
Croatia,2021,titanium ores and concentrates,Import,112,175
Croatia,2022,titanium ores and concentrates,Import,73,152
Croatia,2023,titanium ores and concentrates,Import,96,215
Cuba,1992,titanium ores and concentrates,Export,0,0
Cuba,1993,titanium ores and concentrates,Export,0,0
Cuba,1994,titanium ores and concentrates,Export,0,0
Cuba,1995,titanium ores and concentrates,Export,0,0
Cuba,1996,titanium ores and concentrates,Export,0,0
Cuba,1997,titanium ores and concentrates,Export,0,0
Cuba,1998,titanium ores and concentrates,Export,0,0
Cuba,1999,titanium ores and concentrates,Export,0,0
Cuba,2000,titanium ores and concentrates,Export,0,0
Cuba,2001,titanium ores and concentrates,Export,0,0
Cuba,2002,titanium ores and concentrates,Export,0,0
Cuba,2003,titanium ores and concentrates,Export,0,0
Cuba,2004,titanium ores and concentrates,Export,0,0
Cuba,2005,titanium ores and concentrates,Export,0,0
Cuba,2006,titanium ores and concentrates,Export,0,0
Cuba,2007,titanium ores and concentrates,Export,0,0
Cuba,2008,titanium ores and concentrates,Export,0,0
Cuba,2009,titanium ores and concentrates,Export,0,0
Cuba,2010,titanium ores and concentrates,Export,0,0
Cuba,2011,titanium ores and concentrates,Export,0,0
Cuba,2012,titanium ores and concentrates,Export,0,0
Cuba,2013,titanium ores and concentrates,Export,0,0
Cuba,2014,titanium ores and concentrates,Export,0,0
Cuba,2015,titanium ores and concentrates,Export,0,0
Cuba,2016,titanium ores and concentrates,Export,0,0
Cuba,2017,titanium ores and concentrates,Export,0,0
Cuba,2018,titanium ores and concentrates,Export,0,0
Cuba,2019,titanium ores and concentrates,Export,0,0
Cuba,2020,titanium ores and concentrates,Export,0,0
Cuba,2021,titanium ores and concentrates,Export,0,0
Cuba,2022,titanium ores and concentrates,Export,0,0
Cuba,2023,titanium ores and concentrates,Export,0,0
Cuba,1992,titanium ores and concentrates,Import,0,0
Cuba,1993,titanium ores and concentrates,Import,0,0
Cuba,1994,titanium ores and concentrates,Import,0,0
Cuba,1995,titanium ores and concentrates,Import,0,0
Cuba,1996,titanium ores and concentrates,Import,0,0
Cuba,1997,titanium ores and concentrates,Import,0,0
Cuba,1998,titanium ores and concentrates,Import,0,0
Cuba,1999,titanium ores and concentrates,Import,86,87
Cuba,2000,titanium ores and concentrates,Import,43,29
Cuba,2001,titanium ores and concentrates,Import,84,89
Cuba,2002,titanium ores and concentrates,Import,106,71
Cuba,2003,titanium ores and concentrates,Import,189,190
Cuba,2004,titanium ores and concentrates,Import,63,94
Cuba,2005,titanium ores and concentrates,Import,105,166
Cuba,2006,titanium ores and concentrates,Import,21,27
Cuba,2007,titanium ores and concentrates,Import,0,0
Cuba,2008,titanium ores and concentrates,Import,0,0
Cuba,2009,titanium ores and concentrates,Import,0,0
Cuba,2010,titanium ores and concentrates,Import,0,0
Cuba,2011,titanium ores and concentrates,Import,0,0
Cuba,2012,titanium ores and concentrates,Import,0,0
Cuba,2013,titanium ores and concentrates,Import,0,0
Cuba,2014,titanium ores and concentrates,Import,0,0
Cuba,2015,titanium ores and concentrates,Import,0,0
Cuba,2016,titanium ores and concentrates,Import,0,0
Cuba,2017,titanium ores and concentrates,Import,0,0
Cuba,2018,titanium ores and concentrates,Import,0,0
Cuba,2019,titanium ores and concentrates,Import,0,0
Cuba,2020,titanium ores and concentrates,Import,0,0
Cuba,2021,titanium ores and concentrates,Import,0,0
Cuba,2022,titanium ores and concentrates,Import,0,0
Cuba,2023,titanium ores and concentrates,Import,0,0
Cyprus,1992,titanium ores and concentrates,Export,0,0
Cyprus,1993,titanium ores and concentrates,Export,0,0
Cyprus,1994,titanium ores and concentrates,Export,0,0
Cyprus,1995,titanium ores and concentrates,Export,0,0
Cyprus,1996,titanium ores and concentrates,Export,0,0
Cyprus,1997,titanium ores and concentrates,Export,0,0
Cyprus,1998,titanium ores and concentrates,Export,0,0
Cyprus,1999,titanium ores and concentrates,Export,0,0
Cyprus,2000,titanium ores and concentrates,Export,0,0
Cyprus,2001,titanium ores and concentrates,Export,0,0
Cyprus,2002,titanium ores and concentrates,Export,0,0
Cyprus,2003,titanium ores and concentrates,Export,0,0
Cyprus,2004,titanium ores and concentrates,Export,0,0
Cyprus,2005,titanium ores and concentrates,Export,0,0
Cyprus,2006,titanium ores and concentrates,Export,0,0
Cyprus,2007,titanium ores and concentrates,Export,0,0
Cyprus,2008,titanium ores and concentrates,Export,0,0
Cyprus,2009,titanium ores and concentrates,Export,0,0
Cyprus,2010,titanium ores and concentrates,Export,0,0
Cyprus,2011,titanium ores and concentrates,Export,0,0
Cyprus,2012,titanium ores and concentrates,Export,0,0
Cyprus,2013,titanium ores and concentrates,Export,0,0
Cyprus,2014,titanium ores and concentrates,Export,0,0
Cyprus,2015,titanium ores and concentrates,Export,0,0
Cyprus,2016,titanium ores and concentrates,Export,0,0
Cyprus,2017,titanium ores and concentrates,Export,0,0
Cyprus,2018,titanium ores and concentrates,Export,0,0
Cyprus,2019,titanium ores and concentrates,Export,0,0
Cyprus,2020,titanium ores and concentrates,Export,0,0
Cyprus,2021,titanium ores and concentrates,Export,0,0
Cyprus,2022,titanium ores and concentrates,Export,0,0
Cyprus,2023,titanium ores and concentrates,Export,0,0
Cyprus,1992,titanium ores and concentrates,Import,21,15
Cyprus,1993,titanium ores and concentrates,Import,0,0
Cyprus,1994,titanium ores and concentrates,Import,79,44
Cyprus,1995,titanium ores and concentrates,Import,80,49
Cyprus,1996,titanium ores and concentrates,Import,80,80
Cyprus,1997,titanium ores and concentrates,Import,79,61
Cyprus,1998,titanium ores and concentrates,Import,70,28
Cyprus,1999,titanium ores and concentrates,Import,40,22
Cyprus,2000,titanium ores and concentrates,Import,37,20
Cyprus,2001,titanium ores and concentrates,Import,24,14
Cyprus,2002,titanium ores and concentrates,Import,46,25
Cyprus,2003,titanium ores and concentrates,Import,64,18
Cyprus,2004,titanium ores and concentrates,Import,49,37
Cyprus,2005,titanium ores and concentrates,Import,24,15
Cyprus,2006,titanium ores and concentrates,Import,24,17
Cyprus,2007,titanium ores and concentrates,Import,25,24
Cyprus,2008,titanium ores and concentrates,Import,49,52
Cyprus,2009,titanium ores and concentrates,Import,0,0
Cyprus,2010,titanium ores and concentrates,Import,53,53
Cyprus,2011,titanium ores and concentrates,Import,4,8
Cyprus,2012,titanium ores and concentrates,Import,1,1
Cyprus,2013,titanium ores and concentrates,Import,20,28
Cyprus,2014,titanium ores and concentrates,Import,20,22
Cyprus,2015,titanium ores and concentrates,Import,0,0
Cyprus,2016,titanium ores and concentrates,Import,20,21
Cyprus,2017,titanium ores and concentrates,Import,N/A,16
Cyprus,2018,titanium ores and concentrates,Import,8,11
Cyprus,2019,titanium ores and concentrates,Import,19,28
Cyprus,2020,titanium ores and concentrates,Import,3,6
Cyprus,2021,titanium ores and concentrates,Import,18,34
Cyprus,2022,titanium ores and concentrates,Import,0,0
Cyprus,2023,titanium ores and concentrates,Import,0,0
Czech Republic,1992,titanium ores and concentrates,Export,0,0
Czech Republic,1993,titanium ores and concentrates,Export,0,0
Czech Republic,1994,titanium ores and concentrates,Export,0,0
Czech Republic,1995,titanium ores and concentrates,Export,0,0
Czech Republic,1996,titanium ores and concentrates,Export,2,1
Czech Republic,1997,titanium ores and concentrates,Export,9,7
Czech Republic,1998,titanium ores and concentrates,Export,0,5
Czech Republic,1999,titanium ores and concentrates,Export,32,13
Czech Republic,2000,titanium ores and concentrates,Export,14,7
Czech Republic,2001,titanium ores and concentrates,Export,0,14
Czech Republic,2002,titanium ores and concentrates,Export,106,72
Czech Republic,2003,titanium ores and concentrates,Export,177,128
Czech Republic,2004,titanium ores and concentrates,Export,873,494
Czech Republic,2005,titanium ores and concentrates,Export,340,268
Czech Republic,2006,titanium ores and concentrates,Export,0,393
Czech Republic,2007,titanium ores and concentrates,Export,745,595
Czech Republic,2008,titanium ores and concentrates,Export,641,606
Czech Republic,2009,titanium ores and concentrates,Export,452,482
Czech Republic,2010,titanium ores and concentrates,Export,2378,701
Czech Republic,2011,titanium ores and concentrates,Export,504,657
Czech Republic,2012,titanium ores and concentrates,Export,684,1930
Czech Republic,2013,titanium ores and concentrates,Export,758,1879
Czech Republic,2014,titanium ores and concentrates,Export,813,1048
Czech Republic,2015,titanium ores and concentrates,Export,867,816
Czech Republic,2016,titanium ores and concentrates,Export,777,735
Czech Republic,2017,titanium ores and concentrates,Export,796,785
Czech Republic,2018,titanium ores and concentrates,Export,861,948
Czech Republic,2019,titanium ores and concentrates,Export,780,940
Czech Republic,2020,titanium ores and concentrates,Export,605,831
Czech Republic,2021,titanium ores and concentrates,Export,624,965
Czech Republic,2022,titanium ores and concentrates,Export,821,1496
Czech Republic,2023,titanium ores and concentrates,Export,455,1201
Czech Republic,1992,titanium ores and concentrates,Import,0,0
Czech Republic,1993,titanium ores and concentrates,Import,61763,4598
Czech Republic,1994,titanium ores and concentrates,Import,65923,5043
Czech Republic,1995,titanium ores and concentrates,Import,77829,6810
Czech Republic,1996,titanium ores and concentrates,Import,56155,5874
Czech Republic,1997,titanium ores and concentrates,Import,55949,4953
Czech Republic,1998,titanium ores and concentrates,Import,61093,5881
Czech Republic,1999,titanium ores and concentrates,Import,67855,6623
Czech Republic,2000,titanium ores and concentrates,Import,75503,7088
Czech Republic,2001,titanium ores and concentrates,Import,78515,7486
Czech Republic,2002,titanium ores and concentrates,Import,60976,5640
Czech Republic,2003,titanium ores and concentrates,Import,74709,6237
Czech Republic,2004,titanium ores and concentrates,Import,53570,5677
Czech Republic,2005,titanium ores and concentrates,Import,80407,17542
Czech Republic,2006,titanium ores and concentrates,Import,149924,20498
Czech Republic,2007,titanium ores and concentrates,Import,179322,25462
Czech Republic,2008,titanium ores and concentrates,Import,195808,37345
Czech Republic,2009,titanium ores and concentrates,Import,140394,25145
Czech Republic,2010,titanium ores and concentrates,Import,155485,26344
Czech Republic,2011,titanium ores and concentrates,Import,146778,32099
Czech Republic,2012,titanium ores and concentrates,Import,98071,39698
Czech Republic,2013,titanium ores and concentrates,Import,100317,33112
Czech Republic,2014,titanium ores and concentrates,Import,107926,29130
Czech Republic,2015,titanium ores and concentrates,Import,113764,25329
Czech Republic,2016,titanium ores and concentrates,Import,107032,20372
Czech Republic,2017,titanium ores and concentrates,Import,132791,27769
Czech Republic,2018,titanium ores and concentrates,Import,107444,28095
Czech Republic,2019,titanium ores and concentrates,Import,138646,36785
Czech Republic,2020,titanium ores and concentrates,Import,121707,32335
Czech Republic,2021,titanium ores and concentrates,Import,97132,27782
Czech Republic,2022,titanium ores and concentrates,Import,167638,75848
Czech Republic,2023,titanium ores and concentrates,Import,96637,37656
Denmark,1992,titanium ores and concentrates,Export,0,0
Denmark,1993,titanium ores and concentrates,Export,10,14
Denmark,1994,titanium ores and concentrates,Export,0,0
Denmark,1995,titanium ores and concentrates,Export,0,0
Denmark,1996,titanium ores and concentrates,Export,0,0
Denmark,1997,titanium ores and concentrates,Export,0,0
Denmark,1998,titanium ores and concentrates,Export,0,0
Denmark,1999,titanium ores and concentrates,Export,0,0
Denmark,2000,titanium ores and concentrates,Export,2,4
Denmark,2001,titanium ores and concentrates,Export,0,0
Denmark,2002,titanium ores and concentrates,Export,0,0
Denmark,2003,titanium ores and concentrates,Export,0,0
Denmark,2004,titanium ores and concentrates,Export,0,0
Denmark,2005,titanium ores and concentrates,Export,0,0
Denmark,2006,titanium ores and concentrates,Export,0,0
Denmark,2007,titanium ores and concentrates,Export,0,0
Denmark,2008,titanium ores and concentrates,Export,0,0
Denmark,2009,titanium ores and concentrates,Export,0,18
Denmark,2010,titanium ores and concentrates,Export,0,0
Denmark,2011,titanium ores and concentrates,Export,0,0
Denmark,2012,titanium ores and concentrates,Export,0,0
Denmark,2013,titanium ores and concentrates,Export,0,0
Denmark,2014,titanium ores and concentrates,Export,0,0
Denmark,2015,titanium ores and concentrates,Export,0,0
Denmark,2016,titanium ores and concentrates,Export,0,0
Denmark,2017,titanium ores and concentrates,Export,2,14
Denmark,2018,titanium ores and concentrates,Export,0,0
Denmark,2019,titanium ores and concentrates,Export,0,0
Denmark,2020,titanium ores and concentrates,Export,0,0
Denmark,2021,titanium ores and concentrates,Export,0,0
Denmark,2022,titanium ores and concentrates,Export,0,0
Denmark,2023,titanium ores and concentrates,Export,5,7
Denmark,1992,titanium ores and concentrates,Import,142,302
Denmark,1993,titanium ores and concentrates,Import,12,24
Denmark,1994,titanium ores and concentrates,Import,0,0
Denmark,1995,titanium ores and concentrates,Import,0,0
Denmark,1996,titanium ores and concentrates,Import,0,0
Denmark,1997,titanium ores and concentrates,Import,2,7
Denmark,1998,titanium ores and concentrates,Import,26,15
Denmark,1999,titanium ores and concentrates,Import,46,14
Denmark,2000,titanium ores and concentrates,Import,16,26
Denmark,2001,titanium ores and concentrates,Import,0,0
Denmark,2002,titanium ores and concentrates,Import,1,1
Denmark,2003,titanium ores and concentrates,Import,0,0
Denmark,2004,titanium ores and concentrates,Import,24,0
Denmark,2005,titanium ores and concentrates,Import,0,0
Denmark,2006,titanium ores and concentrates,Import,2,0
Denmark,2007,titanium ores and concentrates,Import,1,0
Denmark,2008,titanium ores and concentrates,Import,2,0
Denmark,2009,titanium ores and concentrates,Import,0,0
Denmark,2010,titanium ores and concentrates,Import,0,11
Denmark,2011,titanium ores and concentrates,Import,0,0
Denmark,2012,titanium ores and concentrates,Import,1,0
Denmark,2013,titanium ores and concentrates,Import,0,0
Denmark,2014,titanium ores and concentrates,Import,0,0
Denmark,2015,titanium ores and concentrates,Import,0,0
Denmark,2016,titanium ores and concentrates,Import,0,0
Denmark,2017,titanium ores and concentrates,Import,72,57
Denmark,2018,titanium ores and concentrates,Import,2,0
Denmark,2019,titanium ores and concentrates,Import,20,48
Denmark,2020,titanium ores and concentrates,Import,3,0
Denmark,2021,titanium ores and concentrates,Import,0,0
Denmark,2022,titanium ores and concentrates,Import,0,1
Denmark,2023,titanium ores and concentrates,Import,1,9
Dominican Republic,1992,titanium ores and concentrates,Export,0,0
Dominican Republic,1993,titanium ores and concentrates,Export,0,0
Dominican Republic,1994,titanium ores and concentrates,Export,0,0
Dominican Republic,1995,titanium ores and concentrates,Export,0,0
Dominican Republic,1996,titanium ores and concentrates,Export,0,0
Dominican Republic,1997,titanium ores and concentrates,Export,0,0
Dominican Republic,1998,titanium ores and concentrates,Export,0,0
Dominican Republic,1999,titanium ores and concentrates,Export,0,0
Dominican Republic,2000,titanium ores and concentrates,Export,0,0
Dominican Republic,2001,titanium ores and concentrates,Export,0,0
Dominican Republic,2002,titanium ores and concentrates,Export,0,0
Dominican Republic,2003,titanium ores and concentrates,Export,0,0
Dominican Republic,2004,titanium ores and concentrates,Export,0,0
Dominican Republic,2005,titanium ores and concentrates,Export,0,0
Dominican Republic,2006,titanium ores and concentrates,Export,0,0
Dominican Republic,2007,titanium ores and concentrates,Export,0,0
Dominican Republic,2008,titanium ores and concentrates,Export,0,0
Dominican Republic,2009,titanium ores and concentrates,Export,0,0
Dominican Republic,2010,titanium ores and concentrates,Export,0,0
Dominican Republic,2011,titanium ores and concentrates,Export,0,0
Dominican Republic,2012,titanium ores and concentrates,Export,0,0
Dominican Republic,2013,titanium ores and concentrates,Export,0,0
Dominican Republic,2014,titanium ores and concentrates,Export,0,0
Dominican Republic,2015,titanium ores and concentrates,Export,0,0
Dominican Republic,2016,titanium ores and concentrates,Export,0,0
Dominican Republic,2017,titanium ores and concentrates,Export,0,0
Dominican Republic,2018,titanium ores and concentrates,Export,0,0
Dominican Republic,2019,titanium ores and concentrates,Export,0,0
Dominican Republic,2020,titanium ores and concentrates,Export,0,0
Dominican Republic,2021,titanium ores and concentrates,Export,0,0
Dominican Republic,2022,titanium ores and concentrates,Export,2700,18
Dominican Republic,2023,titanium ores and concentrates,Export,0,0
Dominican Republic,1992,titanium ores and concentrates,Import,0,0
Dominican Republic,1993,titanium ores and concentrates,Import,0,0
Dominican Republic,1994,titanium ores and concentrates,Import,0,0
Dominican Republic,1995,titanium ores and concentrates,Import,0,0
Dominican Republic,1996,titanium ores and concentrates,Import,0,0
Dominican Republic,1997,titanium ores and concentrates,Import,0,0
Dominican Republic,1998,titanium ores and concentrates,Import,0,0
Dominican Republic,1999,titanium ores and concentrates,Import,0,0
Dominican Republic,2000,titanium ores and concentrates,Import,0,0
Dominican Republic,2001,titanium ores and concentrates,Import,0,0
Dominican Republic,2002,titanium ores and concentrates,Import,0,0
Dominican Republic,2003,titanium ores and concentrates,Import,0,0
Dominican Republic,2004,titanium ores and concentrates,Import,0,0
Dominican Republic,2005,titanium ores and concentrates,Import,26,9
Dominican Republic,2006,titanium ores and concentrates,Import,85,78
Dominican Republic,2007,titanium ores and concentrates,Import,76,135
Dominican Republic,2008,titanium ores and concentrates,Import,N/A,177
Dominican Republic,2009,titanium ores and concentrates,Import,43,39
Dominican Republic,2010,titanium ores and concentrates,Import,N/A,22
Dominican Republic,2011,titanium ores and concentrates,Import,N/A,377
Dominican Republic,2012,titanium ores and concentrates,Import,112,238
Dominican Republic,2013,titanium ores and concentrates,Import,109,230
Dominican Republic,2014,titanium ores and concentrates,Import,120,134
Dominican Republic,2015,titanium ores and concentrates,Import,120,117
Dominican Republic,2016,titanium ores and concentrates,Import,192,176
Dominican Republic,2017,titanium ores and concentrates,Import,144,135
Dominican Republic,2018,titanium ores and concentrates,Import,96,118
Dominican Republic,2019,titanium ores and concentrates,Import,120,168
Dominican Republic,2020,titanium ores and concentrates,Import,71,105
Dominican Republic,2021,titanium ores and concentrates,Import,94,203
Dominican Republic,2022,titanium ores and concentrates,Import,0,0
Dominican Republic,2023,titanium ores and concentrates,Import,0,0
Ecuador,1992,titanium ores and concentrates,Export,0,0
Ecuador,1993,titanium ores and concentrates,Export,0,0
Ecuador,1994,titanium ores and concentrates,Export,0,0
Ecuador,1995,titanium ores and concentrates,Export,0,0
Ecuador,1996,titanium ores and concentrates,Export,0,0
Ecuador,1997,titanium ores and concentrates,Export,0,0
Ecuador,1998,titanium ores and concentrates,Export,0,0
Ecuador,1999,titanium ores and concentrates,Export,0,0
Ecuador,2000,titanium ores and concentrates,Export,0,0
Ecuador,2001,titanium ores and concentrates,Export,0,0
Ecuador,2002,titanium ores and concentrates,Export,0,0
Ecuador,2003,titanium ores and concentrates,Export,0,0
Ecuador,2004,titanium ores and concentrates,Export,0,0
Ecuador,2005,titanium ores and concentrates,Export,0,0
Ecuador,2006,titanium ores and concentrates,Export,0,0
Ecuador,2007,titanium ores and concentrates,Export,0,0
Ecuador,2008,titanium ores and concentrates,Export,0,0
Ecuador,2009,titanium ores and concentrates,Export,0,0
Ecuador,2010,titanium ores and concentrates,Export,0,0
Ecuador,2011,titanium ores and concentrates,Export,1,405
Ecuador,2012,titanium ores and concentrates,Export,0,0
Ecuador,2013,titanium ores and concentrates,Export,245,6
Ecuador,2014,titanium ores and concentrates,Export,0,0
Ecuador,2015,titanium ores and concentrates,Export,0,0
Ecuador,2016,titanium ores and concentrates,Export,0,0
Ecuador,2017,titanium ores and concentrates,Export,0,0
Ecuador,2018,titanium ores and concentrates,Export,0,0
Ecuador,2019,titanium ores and concentrates,Export,32,2
Ecuador,2020,titanium ores and concentrates,Export,25,4
Ecuador,2021,titanium ores and concentrates,Export,0,0
Ecuador,2022,titanium ores and concentrates,Export,0,0
Ecuador,2023,titanium ores and concentrates,Export,0,0
Ecuador,1992,titanium ores and concentrates,Import,0,0
Ecuador,1993,titanium ores and concentrates,Import,0,0
Ecuador,1994,titanium ores and concentrates,Import,0.089,0.17
Ecuador,1995,titanium ores and concentrates,Import,0,0
Ecuador,1996,titanium ores and concentrates,Import,0.001,0.07
Ecuador,1997,titanium ores and concentrates,Import,0,0
Ecuador,1998,titanium ores and concentrates,Import,0,0
Ecuador,1999,titanium ores and concentrates,Import,0,0
Ecuador,2000,titanium ores and concentrates,Import,42.1,27.02
Ecuador,2001,titanium ores and concentrates,Import,13.64,15.6
Ecuador,2002,titanium ores and concentrates,Import,29.69,34.69
Ecuador,2003,titanium ores and concentrates,Import,22.647,13.95
Ecuador,2004,titanium ores and concentrates,Import,24.731,21.75
Ecuador,2005,titanium ores and concentrates,Import,24.71,24.95
Ecuador,2006,titanium ores and concentrates,Import,10,10.41
Ecuador,2007,titanium ores and concentrates,Import,19.217,22.83
Ecuador,2008,titanium ores and concentrates,Import,27.1,28.79
Ecuador,2009,titanium ores and concentrates,Import,0.02,3.06
Ecuador,2010,titanium ores and concentrates,Import,0.033,4.75
Ecuador,2011,titanium ores and concentrates,Import,24.004,45.31
Ecuador,2012,titanium ores and concentrates,Import,12.016,39.03
Ecuador,2013,titanium ores and concentrates,Import,20.115,38.44
Ecuador,2014,titanium ores and concentrates,Import,10.233,17.6
Ecuador,2015,titanium ores and concentrates,Import,12.512,14.06
Ecuador,2016,titanium ores and concentrates,Import,15.851,18.59
Ecuador,2017,titanium ores and concentrates,Import,N/A,35.02
Ecuador,2018,titanium ores and concentrates,Import,N/A,40.65
Ecuador,2019,titanium ores and concentrates,Import,N/A,188.14
Ecuador,2020,titanium ores and concentrates,Import,N/A,59.38
Ecuador,2021,titanium ores and concentrates,Import,47.235,79.5
Ecuador,2022,titanium ores and concentrates,Import,N/A,173.84
Ecuador,2023,titanium ores and concentrates,Import,N/A,192.16
Egypt,1992,titanium ores and concentrates,Export,0,0
Egypt,1993,titanium ores and concentrates,Export,0,0
Egypt,1994,titanium ores and concentrates,Export,0,0
Egypt,1995,titanium ores and concentrates,Export,0,0
Egypt,1996,titanium ores and concentrates,Export,0,0
Egypt,1997,titanium ores and concentrates,Export,0,0
Egypt,1998,titanium ores and concentrates,Export,0,0
Egypt,1999,titanium ores and concentrates,Export,0,0
Egypt,2000,titanium ores and concentrates,Export,0,0
Egypt,2001,titanium ores and concentrates,Export,0,0
Egypt,2002,titanium ores and concentrates,Export,0,0
Egypt,2003,titanium ores and concentrates,Export,0,0
Egypt,2004,titanium ores and concentrates,Export,0,0
Egypt,2005,titanium ores and concentrates,Export,0,0
Egypt,2006,titanium ores and concentrates,Export,0,0
Egypt,2007,titanium ores and concentrates,Export,12,5
Egypt,2008,titanium ores and concentrates,Export,0,0
Egypt,2009,titanium ores and concentrates,Export,0,0
Egypt,2010,titanium ores and concentrates,Export,0,0
Egypt,2011,titanium ores and concentrates,Export,65,109
Egypt,2012,titanium ores and concentrates,Export,155,108
Egypt,2013,titanium ores and concentrates,Export,340,47
Egypt,2014,titanium ores and concentrates,Export,0,0
Egypt,2015,titanium ores and concentrates,Export,0,0
Egypt,2016,titanium ores and concentrates,Export,0,0
Egypt,2017,titanium ores and concentrates,Export,0,0
Egypt,2018,titanium ores and concentrates,Export,3262,2582
Egypt,2019,titanium ores and concentrates,Export,2444,2245
Egypt,2020,titanium ores and concentrates,Export,N/A,5332
Egypt,2021,titanium ores and concentrates,Export,N/A,5025
Egypt,2022,titanium ores and concentrates,Export,5452,8314
Egypt,2023,titanium ores and concentrates,Export,N/A,26464
Egypt,1992,titanium ores and concentrates,Import,0,0
Egypt,1993,titanium ores and concentrates,Import,0,0
Egypt,1994,titanium ores and concentrates,Import,637,470
Egypt,1995,titanium ores and concentrates,Import,1180,784
Egypt,1996,titanium ores and concentrates,Import,1423,1044
Egypt,1997,titanium ores and concentrates,Import,1346,617
Egypt,1998,titanium ores and concentrates,Import,1324,909
Egypt,1999,titanium ores and concentrates,Import,1775,808
Egypt,2000,titanium ores and concentrates,Import,N/A,790
Egypt,2001,titanium ores and concentrates,Import,N/A,678
Egypt,2002,titanium ores and concentrates,Import,N/A,816
Egypt,2003,titanium ores and concentrates,Import,1523,623
Egypt,2004,titanium ores and concentrates,Import,N/A,684
Egypt,2005,titanium ores and concentrates,Import,1872,1184
Egypt,2006,titanium ores and concentrates,Import,N/A,796
Egypt,2007,titanium ores and concentrates,Import,N/A,1121
Egypt,2008,titanium ores and concentrates,Import,N/A,1464
Egypt,2009,titanium ores and concentrates,Import,N/A,516
Egypt,2010,titanium ores and concentrates,Import,775,1026
Egypt,2011,titanium ores and concentrates,Import,1446,1579
Egypt,2012,titanium ores and concentrates,Import,2180,2284
Egypt,2013,titanium ores and concentrates,Import,1260,1788
Egypt,2014,titanium ores and concentrates,Import,1075,1191
Egypt,2015,titanium ores and concentrates,Import,N/A,838
Egypt,2016,titanium ores and concentrates,Import,N/A,682
Egypt,2017,titanium ores and concentrates,Import,1880,1398
Egypt,2018,titanium ores and concentrates,Import,N/A,2588
Egypt,2019,titanium ores and concentrates,Import,2086,2430
Egypt,2020,titanium ores and concentrates,Import,N/A,1031
Egypt,2021,titanium ores and concentrates,Import,3232,3784
Egypt,2022,titanium ores and concentrates,Import,2688,3927
Egypt,2023,titanium ores and concentrates,Import,2090,3176
Estonia,1992,titanium ores and concentrates,Export,0,0
Estonia,1993,titanium ores and concentrates,Export,0,0
Estonia,1994,titanium ores and concentrates,Export,0,0
Estonia,1995,titanium ores and concentrates,Export,9,6
Estonia,1996,titanium ores and concentrates,Export,0,0
Estonia,1997,titanium ores and concentrates,Export,0,0
Estonia,1998,titanium ores and concentrates,Export,0,0
Estonia,1999,titanium ores and concentrates,Export,2,1
Estonia,2000,titanium ores and concentrates,Export,0,0
Estonia,2001,titanium ores and concentrates,Export,0,0
Estonia,2002,titanium ores and concentrates,Export,0,0
Estonia,2003,titanium ores and concentrates,Export,0,0
Estonia,2004,titanium ores and concentrates,Export,0,0
Estonia,2005,titanium ores and concentrates,Export,0,0
Estonia,2006,titanium ores and concentrates,Export,0,0
Estonia,2007,titanium ores and concentrates,Export,0,0
Estonia,2008,titanium ores and concentrates,Export,0,0
Estonia,2009,titanium ores and concentrates,Export,0,0
Estonia,2010,titanium ores and concentrates,Export,0,0
Estonia,2011,titanium ores and concentrates,Export,0,0
Estonia,2012,titanium ores and concentrates,Export,1,1
Estonia,2013,titanium ores and concentrates,Export,0,0
Estonia,2014,titanium ores and concentrates,Export,0,0
Estonia,2015,titanium ores and concentrates,Export,0,1
Estonia,2016,titanium ores and concentrates,Export,0,0
Estonia,2017,titanium ores and concentrates,Export,0,0
Estonia,2018,titanium ores and concentrates,Export,0,0
Estonia,2019,titanium ores and concentrates,Export,0,0
Estonia,2020,titanium ores and concentrates,Export,0,0
Estonia,2021,titanium ores and concentrates,Export,147,185
Estonia,2022,titanium ores and concentrates,Export,420,1312
Estonia,2023,titanium ores and concentrates,Export,659,1531
Estonia,1992,titanium ores and concentrates,Import,0,0
Estonia,1993,titanium ores and concentrates,Import,0,0
Estonia,1994,titanium ores and concentrates,Import,0,0
Estonia,1995,titanium ores and concentrates,Import,0,0
Estonia,1996,titanium ores and concentrates,Import,0,0
Estonia,1997,titanium ores and concentrates,Import,16,22
Estonia,1998,titanium ores and concentrates,Import,0,0
Estonia,1999,titanium ores and concentrates,Import,0,0
Estonia,2000,titanium ores and concentrates,Import,0,0
Estonia,2001,titanium ores and concentrates,Import,0,0
Estonia,2002,titanium ores and concentrates,Import,0,0
Estonia,2003,titanium ores and concentrates,Import,0,0
Estonia,2004,titanium ores and concentrates,Import,0,0
Estonia,2005,titanium ores and concentrates,Import,0,0
Estonia,2006,titanium ores and concentrates,Import,0,0
Estonia,2007,titanium ores and concentrates,Import,59,50
Estonia,2008,titanium ores and concentrates,Import,5,2
Estonia,2009,titanium ores and concentrates,Import,0,0
Estonia,2010,titanium ores and concentrates,Import,0,0
Estonia,2011,titanium ores and concentrates,Import,0,0
Estonia,2012,titanium ores and concentrates,Import,1,1
Estonia,2013,titanium ores and concentrates,Import,0,0
Estonia,2014,titanium ores and concentrates,Import,0,0
Estonia,2015,titanium ores and concentrates,Import,0,0
Estonia,2016,titanium ores and concentrates,Import,0,0
Estonia,2017,titanium ores and concentrates,Import,0,0
Estonia,2018,titanium ores and concentrates,Import,0,0
Estonia,2019,titanium ores and concentrates,Import,1,1
Estonia,2020,titanium ores and concentrates,Import,0,0
Estonia,2021,titanium ores and concentrates,Import,133,253
Estonia,2022,titanium ores and concentrates,Import,403,1130
Estonia,2023,titanium ores and concentrates,Import,310,690
Ethiopia (excludes Eritrea),1992,titanium ores and concentrates,Export,0,0
Ethiopia (excludes Eritrea),1993,titanium ores and concentrates,Export,0,0
Ethiopia (excludes Eritrea),1994,titanium ores and concentrates,Export,0,0
Ethiopia (excludes Eritrea),1995,titanium ores and concentrates,Export,0,0
Ethiopia (excludes Eritrea),1996,titanium ores and concentrates,Export,0,0
Ethiopia (excludes Eritrea),1997,titanium ores and concentrates,Export,0,0
Ethiopia (excludes Eritrea),1998,titanium ores and concentrates,Export,0,0
Ethiopia (excludes Eritrea),1999,titanium ores and concentrates,Export,0,0
Ethiopia (excludes Eritrea),2000,titanium ores and concentrates,Export,0,0
Ethiopia (excludes Eritrea),2001,titanium ores and concentrates,Export,0,0
Ethiopia (excludes Eritrea),2002,titanium ores and concentrates,Export,0,0
Ethiopia (excludes Eritrea),2003,titanium ores and concentrates,Export,0,0
Ethiopia (excludes Eritrea),2004,titanium ores and concentrates,Export,0,0
Ethiopia (excludes Eritrea),2005,titanium ores and concentrates,Export,241,5954
Ethiopia (excludes Eritrea),2006,titanium ores and concentrates,Export,0,3735
Ethiopia (excludes Eritrea),2007,titanium ores and concentrates,Export,134,7224
Ethiopia (excludes Eritrea),2008,titanium ores and concentrates,Export,97,4403
Ethiopia (excludes Eritrea),2009,titanium ores and concentrates,Export,32719,7296
Ethiopia (excludes Eritrea),2010,titanium ores and concentrates,Export,21,971
Ethiopia (excludes Eritrea),2011,titanium ores and concentrates,Export,0,0
Ethiopia (excludes Eritrea),2012,titanium ores and concentrates,Export,0,0
Ethiopia (excludes Eritrea),2013,titanium ores and concentrates,Export,0,0
Ethiopia (excludes Eritrea),2014,titanium ores and concentrates,Export,0,0
Ethiopia (excludes Eritrea),2015,titanium ores and concentrates,Export,0,0
Ethiopia (excludes Eritrea),2016,titanium ores and concentrates,Export,5,192
Ethiopia (excludes Eritrea),2017,titanium ores and concentrates,Export,45,1189
Ethiopia (excludes Eritrea),2018,titanium ores and concentrates,Export,28,649
Ethiopia (excludes Eritrea),2019,titanium ores and concentrates,Export,32,1456
Ethiopia (excludes Eritrea),2020,titanium ores and concentrates,Export,12,620
Ethiopia (excludes Eritrea),2021,titanium ores and concentrates,Export,14,983
Ethiopia (excludes Eritrea),2022,titanium ores and concentrates,Export,21,1577
Ethiopia (excludes Eritrea),2023,titanium ores and concentrates,Export,13,750
Ethiopia (excludes Eritrea),1992,titanium ores and concentrates,Import,0,0
Ethiopia (excludes Eritrea),1993,titanium ores and concentrates,Import,0,0
Ethiopia (excludes Eritrea),1994,titanium ores and concentrates,Import,0,0
Ethiopia (excludes Eritrea),1995,titanium ores and concentrates,Import,0,0
Ethiopia (excludes Eritrea),1996,titanium ores and concentrates,Import,0,0
Ethiopia (excludes Eritrea),1997,titanium ores and concentrates,Import,0,0
Ethiopia (excludes Eritrea),1998,titanium ores and concentrates,Import,0,0
Ethiopia (excludes Eritrea),1999,titanium ores and concentrates,Import,0,0
Ethiopia (excludes Eritrea),2000,titanium ores and concentrates,Import,0,0
Ethiopia (excludes Eritrea),2001,titanium ores and concentrates,Import,0,0
Ethiopia (excludes Eritrea),2002,titanium ores and concentrates,Import,0,0
Ethiopia (excludes Eritrea),2003,titanium ores and concentrates,Import,0,0
Ethiopia (excludes Eritrea),2004,titanium ores and concentrates,Import,0,0
Ethiopia (excludes Eritrea),2005,titanium ores and concentrates,Import,41,30
Ethiopia (excludes Eritrea),2006,titanium ores and concentrates,Import,2,4
Ethiopia (excludes Eritrea),2007,titanium ores and concentrates,Import,0,0
Ethiopia (excludes Eritrea),2008,titanium ores and concentrates,Import,0,0
Ethiopia (excludes Eritrea),2009,titanium ores and concentrates,Import,0,0
Ethiopia (excludes Eritrea),2010,titanium ores and concentrates,Import,0,1
Ethiopia (excludes Eritrea),2011,titanium ores and concentrates,Import,0,0
Ethiopia (excludes Eritrea),2012,titanium ores and concentrates,Import,0,0
Ethiopia (excludes Eritrea),2013,titanium ores and concentrates,Import,0,0
Ethiopia (excludes Eritrea),2014,titanium ores and concentrates,Import,0,0
Ethiopia (excludes Eritrea),2015,titanium ores and concentrates,Import,0,0
Ethiopia (excludes Eritrea),2016,titanium ores and concentrates,Import,0,0
Ethiopia (excludes Eritrea),2017,titanium ores and concentrates,Import,0,0
Ethiopia (excludes Eritrea),2018,titanium ores and concentrates,Import,0,0
Ethiopia (excludes Eritrea),2019,titanium ores and concentrates,Import,0,0
Ethiopia (excludes Eritrea),2020,titanium ores and concentrates,Import,0,0
Ethiopia (excludes Eritrea),2021,titanium ores and concentrates,Import,0,0
Ethiopia (excludes Eritrea),2022,titanium ores and concentrates,Import,0,0
Ethiopia (excludes Eritrea),2023,titanium ores and concentrates,Import,58,164
European Union,1992,titanium ores and concentrates,Export,0,0
European Union,1993,titanium ores and concentrates,Export,0,0
European Union,1994,titanium ores and concentrates,Export,0,0
European Union,1995,titanium ores and concentrates,Export,0,0
European Union,1996,titanium ores and concentrates,Export,0,0
European Union,1997,titanium ores and concentrates,Export,0,0
European Union,1998,titanium ores and concentrates,Export,8610,989
European Union,1999,titanium ores and concentrates,Export,0,0
European Union,2000,titanium ores and concentrates,Export,810,675
European Union,2001,titanium ores and concentrates,Export,1460,1017
European Union,2002,titanium ores and concentrates,Export,1156,651
European Union,2003,titanium ores and concentrates,Export,3559,1883
European Union,2004,titanium ores and concentrates,Export,4638,1755
European Union,2005,titanium ores and concentrates,Export,483,2130
European Union,2006,titanium ores and concentrates,Export,1591,2849
European Union,2007,titanium ores and concentrates,Export,1015,947
European Union,2008,titanium ores and concentrates,Export,3547,2894
European Union,2009,titanium ores and concentrates,Export,0,0
European Union,2010,titanium ores and concentrates,Export,N/A,9518
European Union,2011,titanium ores and concentrates,Export,23016,11853
European Union,2012,titanium ores and concentrates,Export,24724,26837
European Union,2013,titanium ores and concentrates,Export,6368,6142
European Union,2014,titanium ores and concentrates,Export,5886,4577
European Union,2015,titanium ores and concentrates,Export,5416,3562
European Union,2016,titanium ores and concentrates,Export,6331,3607
European Union,2017,titanium ores and concentrates,Export,6048,2783
European Union,2018,titanium ores and concentrates,Export,N/A,17502
European Union,2019,titanium ores and concentrates,Export,11056,7192
European Union,2020,titanium ores and concentrates,Export,25591,24156
European Union,2021,titanium ores and concentrates,Export,47194,44315
European Union,2022,titanium ores and concentrates,Export,61889,65295
European Union,2023,titanium ores and concentrates,Export,59574,58568
European Union,1992,titanium ores and concentrates,Import,0,0
European Union,1993,titanium ores and concentrates,Import,0,0
European Union,1994,titanium ores and concentrates,Import,0,0
European Union,1995,titanium ores and concentrates,Import,0,0
European Union,1996,titanium ores and concentrates,Import,0,0
European Union,1997,titanium ores and concentrates,Import,0,0
European Union,1998,titanium ores and concentrates,Import,0,0
European Union,1999,titanium ores and concentrates,Import,0,0
European Union,2000,titanium ores and concentrates,Import,1637870,341020
European Union,2001,titanium ores and concentrates,Import,1436460,337230
European Union,2002,titanium ores and concentrates,Import,1655160,397038
European Union,2003,titanium ores and concentrates,Import,1930910,444106
European Union,2004,titanium ores and concentrates,Import,1709480,420207
European Union,2005,titanium ores and concentrates,Import,1745930,432199
European Union,2006,titanium ores and concentrates,Import,2096140,498986
European Union,2007,titanium ores and concentrates,Import,1975100,517580
European Union,2008,titanium ores and concentrates,Import,1939390,569982
European Union,2009,titanium ores and concentrates,Import,1097290,345788
European Union,2010,titanium ores and concentrates,Import,N/A,458364
European Union,2011,titanium ores and concentrates,Import,1504340,597677
European Union,2012,titanium ores and concentrates,Import,1429130,1243849
European Union,2013,titanium ores and concentrates,Import,1382810,855070
European Union,2014,titanium ores and concentrates,Import,1741900,877711
European Union,2015,titanium ores and concentrates,Import,1555100,778904
European Union,2016,titanium ores and concentrates,Import,1384190,606756
European Union,2017,titanium ores and concentrates,Import,1647350,747763
European Union,2018,titanium ores and concentrates,Import,1569760,796706
European Union,2019,titanium ores and concentrates,Import,1639200,870570
European Union,2020,titanium ores and concentrates,Import,1263660,594303
European Union,2021,titanium ores and concentrates,Import,1087460,611095
European Union,2022,titanium ores and concentrates,Import,1165550,780436
European Union,2023,titanium ores and concentrates,Import,712551,464190
Finland,1992,titanium ores and concentrates,Export,N/A,1012
Finland,1993,titanium ores and concentrates,Export,N/A,332
Finland,1994,titanium ores and concentrates,Export,N/A,2
Finland,1995,titanium ores and concentrates,Export,0,0
Finland,1996,titanium ores and concentrates,Export,0,0
Finland,1997,titanium ores and concentrates,Export,0,0
Finland,1998,titanium ores and concentrates,Export,1,231
Finland,1999,titanium ores and concentrates,Export,0,0
Finland,2000,titanium ores and concentrates,Export,0,0
Finland,2001,titanium ores and concentrates,Export,0,0
Finland,2002,titanium ores and concentrates,Export,0,0
Finland,2003,titanium ores and concentrates,Export,0,0
Finland,2004,titanium ores and concentrates,Export,0,0
Finland,2005,titanium ores and concentrates,Export,0,0
Finland,2006,titanium ores and concentrates,Export,0,0
Finland,2007,titanium ores and concentrates,Export,0,0
Finland,2008,titanium ores and concentrates,Export,0,0
Finland,2009,titanium ores and concentrates,Export,0,0
Finland,2010,titanium ores and concentrates,Export,1,1
Finland,2011,titanium ores and concentrates,Export,0,0
Finland,2012,titanium ores and concentrates,Export,0,0
Finland,2013,titanium ores and concentrates,Export,171,4
Finland,2014,titanium ores and concentrates,Export,3017,542
Finland,2015,titanium ores and concentrates,Export,4000,1250
Finland,2016,titanium ores and concentrates,Export,N/A,0
Finland,2017,titanium ores and concentrates,Export,0,0
Finland,2018,titanium ores and concentrates,Export,0,0
Finland,2019,titanium ores and concentrates,Export,N/A,2712
Finland,2020,titanium ores and concentrates,Export,0,0
Finland,2021,titanium ores and concentrates,Export,560,148
Finland,2022,titanium ores and concentrates,Export,0,0
Finland,2023,titanium ores and concentrates,Export,0,0
Finland,1992,titanium ores and concentrates,Import,N/A,18922
Finland,1993,titanium ores and concentrates,Import,N/A,14979
Finland,1994,titanium ores and concentrates,Import,N/A,17527
Finland,1995,titanium ores and concentrates,Import,N/A,19319
Finland,1996,titanium ores and concentrates,Import,N/A,17347
Finland,1997,titanium ores and concentrates,Import,N/A,16973
Finland,1998,titanium ores and concentrates,Import,N/A,17941
Finland,1999,titanium ores and concentrates,Import,N/A,15282
Finland,2000,titanium ores and concentrates,Import,48383,22936
Finland,2001,titanium ores and concentrates,Import,N/A,24237
Finland,2002,titanium ores and concentrates,Import,42184,19485
Finland,2003,titanium ores and concentrates,Import,59946,27828
Finland,2004,titanium ores and concentrates,Import,N/A,28246
Finland,2005,titanium ores and concentrates,Import,N/A,35384
Finland,2006,titanium ores and concentrates,Import,134554,39662
Finland,2007,titanium ores and concentrates,Import,N/A,39404
Finland,2008,titanium ores and concentrates,Import,N/A,46462
Finland,2009,titanium ores and concentrates,Import,8794,2887
Finland,2010,titanium ores and concentrates,Import,N/A,42349
Finland,2011,titanium ores and concentrates,Import,N/A,44072
Finland,2012,titanium ores and concentrates,Import,N/A,91918
Finland,2013,titanium ores and concentrates,Import,39888,84642
Finland,2014,titanium ores and concentrates,Import,0,0
Finland,2015,titanium ores and concentrates,Import,0,0
Finland,2016,titanium ores and concentrates,Import,0,0
Finland,2017,titanium ores and concentrates,Import,0,0
Finland,2018,titanium ores and concentrates,Import,0,0
Finland,2019,titanium ores and concentrates,Import,0,0
Finland,2020,titanium ores and concentrates,Import,0,0
Finland,2021,titanium ores and concentrates,Import,0,0
Finland,2022,titanium ores and concentrates,Import,0,0
Finland,2023,titanium ores and concentrates,Import,0,0
France,1992,titanium ores and concentrates,Export,0,0
France,1993,titanium ores and concentrates,Export,0,0
France,1994,titanium ores and concentrates,Export,4877,1202
France,1995,titanium ores and concentrates,Export,2331,252
France,1996,titanium ores and concentrates,Export,2931,1301
France,1997,titanium ores and concentrates,Export,1443,588
France,1998,titanium ores and concentrates,Export,0,0
France,1999,titanium ores and concentrates,Export,56,154
France,2000,titanium ores and concentrates,Export,565,508
France,2001,titanium ores and concentrates,Export,0,150
France,2002,titanium ores and concentrates,Export,113,69
France,2003,titanium ores and concentrates,Export,285,172
France,2004,titanium ores and concentrates,Export,64,45
France,2005,titanium ores and concentrates,Export,62,355
France,2006,titanium ores and concentrates,Export,0,174
France,2007,titanium ores and concentrates,Export,2240,843
France,2008,titanium ores and concentrates,Export,93,168
France,2009,titanium ores and concentrates,Export,150,125
France,2010,titanium ores and concentrates,Export,283,233
France,2011,titanium ores and concentrates,Export,73,56
France,2012,titanium ores and concentrates,Export,131,202
France,2013,titanium ores and concentrates,Export,128,167
France,2014,titanium ores and concentrates,Export,147,168
France,2015,titanium ores and concentrates,Export,234,220
France,2016,titanium ores and concentrates,Export,180,93
France,2017,titanium ores and concentrates,Export,107,53
France,2018,titanium ores and concentrates,Export,116,92
France,2019,titanium ores and concentrates,Export,5,10
France,2020,titanium ores and concentrates,Export,123,95
France,2021,titanium ores and concentrates,Export,305,743
France,2022,titanium ores and concentrates,Export,168,338
France,2023,titanium ores and concentrates,Export,191,677
France,1992,titanium ores and concentrates,Import,0,0
France,1993,titanium ores and concentrates,Import,0,0
France,1994,titanium ores and concentrates,Import,182765,40685
France,1995,titanium ores and concentrates,Import,237125,53817
France,1996,titanium ores and concentrates,Import,154628,43981
France,1997,titanium ores and concentrates,Import,148615,38073
France,1998,titanium ores and concentrates,Import,222702,57353
France,1999,titanium ores and concentrates,Import,146350,38157
France,2000,titanium ores and concentrates,Import,199871,52812
France,2001,titanium ores and concentrates,Import,153513,36393
France,2002,titanium ores and concentrates,Import,164095,42229
France,2003,titanium ores and concentrates,Import,162067,39932
France,2004,titanium ores and concentrates,Import,130071,34854
France,2005,titanium ores and concentrates,Import,146756,38833
France,2006,titanium ores and concentrates,Import,162347,36762
France,2007,titanium ores and concentrates,Import,132031,31818
France,2008,titanium ores and concentrates,Import,70954,20132
France,2009,titanium ores and concentrates,Import,29729,10511
France,2010,titanium ores and concentrates,Import,50893,12306
France,2011,titanium ores and concentrates,Import,67259,20743
France,2012,titanium ores and concentrates,Import,184385,154461
France,2013,titanium ores and concentrates,Import,91344,42300
France,2014,titanium ores and concentrates,Import,161216,76703
France,2015,titanium ores and concentrates,Import,57675,22397
France,2016,titanium ores and concentrates,Import,37876,10252
France,2017,titanium ores and concentrates,Import,78844,19094
France,2018,titanium ores and concentrates,Import,19813,18501
France,2019,titanium ores and concentrates,Import,N/A,14287
France,2020,titanium ores and concentrates,Import,74280,25752
France,2021,titanium ores and concentrates,Import,25394,9970
France,2022,titanium ores and concentrates,Import,50110,25176
France,2023,titanium ores and concentrates,Import,29208,20360
Georgia,1992,titanium ores and concentrates,Export,0,0
Georgia,1993,titanium ores and concentrates,Export,0,0
Georgia,1994,titanium ores and concentrates,Export,0,0
Georgia,1995,titanium ores and concentrates,Export,0,0
Georgia,1996,titanium ores and concentrates,Export,0,0
Georgia,1997,titanium ores and concentrates,Export,0,0
Georgia,1998,titanium ores and concentrates,Export,11250.3,3448
Georgia,1999,titanium ores and concentrates,Export,0,0
Georgia,2000,titanium ores and concentrates,Export,0,0
Georgia,2001,titanium ores and concentrates,Export,0,0
Georgia,2002,titanium ores and concentrates,Export,0,0
Georgia,2003,titanium ores and concentrates,Export,0,0
Georgia,2004,titanium ores and concentrates,Export,0,0
Georgia,2005,titanium ores and concentrates,Export,0,0
Georgia,2006,titanium ores and concentrates,Export,0.005,7
Georgia,2007,titanium ores and concentrates,Export,0,0
Georgia,2008,titanium ores and concentrates,Export,0,0
Georgia,2009,titanium ores and concentrates,Export,0,0
Georgia,2010,titanium ores and concentrates,Export,0,0
Georgia,2011,titanium ores and concentrates,Export,0,0
Georgia,2012,titanium ores and concentrates,Export,0,0
Georgia,2013,titanium ores and concentrates,Export,0,0
Georgia,2014,titanium ores and concentrates,Export,0,0
Georgia,2015,titanium ores and concentrates,Export,0,0
Georgia,2016,titanium ores and concentrates,Export,0,0
Georgia,2017,titanium ores and concentrates,Export,0,0
Georgia,2018,titanium ores and concentrates,Export,0,0
Georgia,2019,titanium ores and concentrates,Export,0,0
Georgia,2020,titanium ores and concentrates,Export,0,0
Georgia,2021,titanium ores and concentrates,Export,0,0
Georgia,2022,titanium ores and concentrates,Export,0,0
Georgia,2023,titanium ores and concentrates,Export,0,0
Georgia,1992,titanium ores and concentrates,Import,0,0
Georgia,1993,titanium ores and concentrates,Import,0,0
Georgia,1994,titanium ores and concentrates,Import,0,0
Georgia,1995,titanium ores and concentrates,Import,0,0
Georgia,1996,titanium ores and concentrates,Import,133.187,67.13
Georgia,1997,titanium ores and concentrates,Import,0,0
Georgia,1998,titanium ores and concentrates,Import,0,0
Georgia,1999,titanium ores and concentrates,Import,0,0
Georgia,2000,titanium ores and concentrates,Import,60,29.96
Georgia,2001,titanium ores and concentrates,Import,72,34.29
Georgia,2002,titanium ores and concentrates,Import,39,17.97
Georgia,2003,titanium ores and concentrates,Import,54,25.78
Georgia,2004,titanium ores and concentrates,Import,57,32.22
Georgia,2005,titanium ores and concentrates,Import,40,14.78
Georgia,2006,titanium ores and concentrates,Import,86.04,56.55
Georgia,2007,titanium ores and concentrates,Import,0,0
Georgia,2008,titanium ores and concentrates,Import,0,0
Georgia,2009,titanium ores and concentrates,Import,0,0
Georgia,2010,titanium ores and concentrates,Import,0,0
Georgia,2011,titanium ores and concentrates,Import,0,0
Georgia,2012,titanium ores and concentrates,Import,0,0
Georgia,2013,titanium ores and concentrates,Import,0,0
Georgia,2014,titanium ores and concentrates,Import,0.025,0.17
Georgia,2015,titanium ores and concentrates,Import,0,0
Georgia,2016,titanium ores and concentrates,Import,0.05,0.34
Georgia,2017,titanium ores and concentrates,Import,0,0
Georgia,2018,titanium ores and concentrates,Import,0,0
Georgia,2019,titanium ores and concentrates,Import,0,0
Georgia,2020,titanium ores and concentrates,Import,0,0
Georgia,2021,titanium ores and concentrates,Import,0,0
Georgia,2022,titanium ores and concentrates,Import,0,0
Georgia,2023,titanium ores and concentrates,Import,0,0
Germany,1992,titanium ores and concentrates,Export,1761.71,1032
Germany,1993,titanium ores and concentrates,Export,1607.69,790
Germany,1994,titanium ores and concentrates,Export,1118.9,620
Germany,1995,titanium ores and concentrates,Export,1140.71,804
Germany,1996,titanium ores and concentrates,Export,969.924,1097.7
Germany,1997,titanium ores and concentrates,Export,10307.9,3412.47
Germany,1998,titanium ores and concentrates,Export,0,0
Germany,1999,titanium ores and concentrates,Export,892.909,521.93
Germany,2000,titanium ores and concentrates,Export,162.8,92
Germany,2001,titanium ores and concentrates,Export,0.521,349
Germany,2002,titanium ores and concentrates,Export,541.4,426
Germany,2003,titanium ores and concentrates,Export,778.4,989
Germany,2004,titanium ores and concentrates,Export,318.6,297
Germany,2005,titanium ores and concentrates,Export,606.5,644
Germany,2006,titanium ores and concentrates,Export,0.531,493
Germany,2007,titanium ores and concentrates,Export,775.7,528
Germany,2008,titanium ores and concentrates,Export,3321.72,2232.08
Germany,2009,titanium ores and concentrates,Export,9084.74,3860.42
Germany,2010,titanium ores and concentrates,Export,22433.5,8741.55
Germany,2011,titanium ores and concentrates,Export,18957.6,8222.63
Germany,2012,titanium ores and concentrates,Export,13791.8,6774.09
Germany,2013,titanium ores and concentrates,Export,51608.1,38052.4
Germany,2014,titanium ores and concentrates,Export,5623.5,3147.63
Germany,2015,titanium ores and concentrates,Export,8293.57,3314.39
Germany,2016,titanium ores and concentrates,Export,5919.31,2888.41
Germany,2017,titanium ores and concentrates,Export,5896,2406.89
Germany,2018,titanium ores and concentrates,Export,10069.8,3915.74
Germany,2019,titanium ores and concentrates,Export,5569.59,1574.23
Germany,2020,titanium ores and concentrates,Export,6934.82,2201.03
Germany,2021,titanium ores and concentrates,Export,25362.9,19615.66
Germany,2022,titanium ores and concentrates,Export,31351.6,23601.28
Germany,2023,titanium ores and concentrates,Export,26064.9,18758.26
Germany,1992,titanium ores and concentrates,Import,481869,38840
Germany,1993,titanium ores and concentrates,Import,277415,27380
Germany,1994,titanium ores and concentrates,Import,421722,30572
Germany,1995,titanium ores and concentrates,Import,409938,49041
Germany,1996,titanium ores and concentrates,Import,593300,114020.03
Germany,1997,titanium ores and concentrates,Import,431992,90670.43
Germany,1998,titanium ores and concentrates,Import,622379,126709
Germany,1999,titanium ores and concentrates,Import,591333,121195.17
Germany,2000,titanium ores and concentrates,Import,558088,93580
Germany,2001,titanium ores and concentrates,Import,405861,80630
Germany,2002,titanium ores and concentrates,Import,439636,88844
Germany,2003,titanium ores and concentrates,Import,525492,112682
Germany,2004,titanium ores and concentrates,Import,541067,128180
Germany,2005,titanium ores and concentrates,Import,558955,124163
Germany,2006,titanium ores and concentrates,Import,668836,146508
Germany,2007,titanium ores and concentrates,Import,625687,129290
Germany,2008,titanium ores and concentrates,Import,777741,181392.7
Germany,2009,titanium ores and concentrates,Import,525695,130307.8
Germany,2010,titanium ores and concentrates,Import,808118,188489.41
Germany,2011,titanium ores and concentrates,Import,794063,251644.21
Germany,2012,titanium ores and concentrates,Import,652031,395059.84
Germany,2013,titanium ores and concentrates,Import,626382,352341.8
Germany,2014,titanium ores and concentrates,Import,695526,276384.49
Germany,2015,titanium ores and concentrates,Import,684402,256354.16
Germany,2016,titanium ores and concentrates,Import,676035,251539.65
Germany,2017,titanium ores and concentrates,Import,916948,303425.91
Germany,2018,titanium ores and concentrates,Import,797466,345128.67
Germany,2019,titanium ores and concentrates,Import,692821,266102.82
Germany,2020,titanium ores and concentrates,Import,545276,199306.49
Germany,2021,titanium ores and concentrates,Import,553056,248214.3
Germany,2022,titanium ores and concentrates,Import,479932,275722.66
Germany,2023,titanium ores and concentrates,Import,297786,204004.04
Greece,1992,titanium ores and concentrates,Export,0,0
Greece,1993,titanium ores and concentrates,Export,14,10
Greece,1994,titanium ores and concentrates,Export,80,42
Greece,1995,titanium ores and concentrates,Export,53,143
Greece,1996,titanium ores and concentrates,Export,0,0
Greece,1997,titanium ores and concentrates,Export,0,0
Greece,1998,titanium ores and concentrates,Export,0,0
Greece,1999,titanium ores and concentrates,Export,0,0
Greece,2000,titanium ores and concentrates,Export,0,0
Greece,2001,titanium ores and concentrates,Export,0,0
Greece,2002,titanium ores and concentrates,Export,0,0
Greece,2003,titanium ores and concentrates,Export,0,0
Greece,2004,titanium ores and concentrates,Export,0,0
Greece,2005,titanium ores and concentrates,Export,0,0
Greece,2006,titanium ores and concentrates,Export,0,0
Greece,2007,titanium ores and concentrates,Export,2,2
Greece,2008,titanium ores and concentrates,Export,0,0
Greece,2009,titanium ores and concentrates,Export,0,0
Greece,2010,titanium ores and concentrates,Export,0,10
Greece,2011,titanium ores and concentrates,Export,0,0
Greece,2012,titanium ores and concentrates,Export,0,0
Greece,2013,titanium ores and concentrates,Export,0,0
Greece,2014,titanium ores and concentrates,Export,0,0
Greece,2015,titanium ores and concentrates,Export,0,0
Greece,2016,titanium ores and concentrates,Export,0,0
Greece,2017,titanium ores and concentrates,Export,0,0
Greece,2018,titanium ores and concentrates,Export,0,0
Greece,2019,titanium ores and concentrates,Export,0,0
Greece,2020,titanium ores and concentrates,Export,2,3
Greece,2021,titanium ores and concentrates,Export,4,8
Greece,2022,titanium ores and concentrates,Export,0,0
Greece,2023,titanium ores and concentrates,Export,0,0
Greece,1992,titanium ores and concentrates,Import,886,422
Greece,1993,titanium ores and concentrates,Import,418,202
Greece,1994,titanium ores and concentrates,Import,790,383
Greece,1995,titanium ores and concentrates,Import,474,367
Greece,1996,titanium ores and concentrates,Import,1045,1287
Greece,1997,titanium ores and concentrates,Import,797,864
Greece,1998,titanium ores and concentrates,Import,774,612
Greece,1999,titanium ores and concentrates,Import,693,419
Greece,2000,titanium ores and concentrates,Import,742,364
Greece,2001,titanium ores and concentrates,Import,529,267
Greece,2002,titanium ores and concentrates,Import,816,422
Greece,2003,titanium ores and concentrates,Import,313,161
Greece,2004,titanium ores and concentrates,Import,563,378
Greece,2005,titanium ores and concentrates,Import,528,348
Greece,2006,titanium ores and concentrates,Import,440,277
Greece,2007,titanium ores and concentrates,Import,826,594
Greece,2008,titanium ores and concentrates,Import,399,321
Greece,2009,titanium ores and concentrates,Import,351,276
Greece,2010,titanium ores and concentrates,Import,504,397
Greece,2011,titanium ores and concentrates,Import,396,359
Greece,2012,titanium ores and concentrates,Import,220,636
Greece,2013,titanium ores and concentrates,Import,353,583
Greece,2014,titanium ores and concentrates,Import,292,306
Greece,2015,titanium ores and concentrates,Import,305,300
Greece,2016,titanium ores and concentrates,Import,431,396
Greece,2017,titanium ores and concentrates,Import,272,239
Greece,2018,titanium ores and concentrates,Import,288,393
Greece,2019,titanium ores and concentrates,Import,240,309
Greece,2020,titanium ores and concentrates,Import,172,251
Greece,2021,titanium ores and concentrates,Import,600,1039
Greece,2022,titanium ores and concentrates,Import,168,332
Greece,2023,titanium ores and concentrates,Import,199,423
Guyana,1992,titanium ores and concentrates,Export,0,0
Guyana,1993,titanium ores and concentrates,Export,0,0
Guyana,1994,titanium ores and concentrates,Export,0,0
Guyana,1995,titanium ores and concentrates,Export,0,0
Guyana,1996,titanium ores and concentrates,Export,0,0
Guyana,1997,titanium ores and concentrates,Export,0,0
Guyana,1998,titanium ores and concentrates,Export,0,0
Guyana,1999,titanium ores and concentrates,Export,0,0
Guyana,2000,titanium ores and concentrates,Export,0,0
Guyana,2001,titanium ores and concentrates,Export,0,0
Guyana,2002,titanium ores and concentrates,Export,0,0
Guyana,2003,titanium ores and concentrates,Export,0,0
Guyana,2004,titanium ores and concentrates,Export,0,0
Guyana,2005,titanium ores and concentrates,Export,0,0
Guyana,2006,titanium ores and concentrates,Export,0,0
Guyana,2007,titanium ores and concentrates,Export,0,0
Guyana,2008,titanium ores and concentrates,Export,0,0
Guyana,2009,titanium ores and concentrates,Export,0,0
Guyana,2010,titanium ores and concentrates,Export,0,0
Guyana,2011,titanium ores and concentrates,Export,0,0
Guyana,2012,titanium ores and concentrates,Export,0,0
Guyana,2013,titanium ores and concentrates,Export,0,0
Guyana,2014,titanium ores and concentrates,Export,0,0
Guyana,2015,titanium ores and concentrates,Export,0,0
Guyana,2016,titanium ores and concentrates,Export,0,0
Guyana,2017,titanium ores and concentrates,Export,0,0
Guyana,2018,titanium ores and concentrates,Export,0,0
Guyana,2019,titanium ores and concentrates,Export,0,0
Guyana,2020,titanium ores and concentrates,Export,0,0
Guyana,2021,titanium ores and concentrates,Export,0,0
Guyana,2022,titanium ores and concentrates,Export,0,0
Guyana,2023,titanium ores and concentrates,Export,0,0
Guyana,1992,titanium ores and concentrates,Import,0,0
Guyana,1993,titanium ores and concentrates,Import,0,0
Guyana,1994,titanium ores and concentrates,Import,0,0
Guyana,1995,titanium ores and concentrates,Import,0,0
Guyana,1996,titanium ores and concentrates,Import,0,0
Guyana,1997,titanium ores and concentrates,Import,0,0
Guyana,1998,titanium ores and concentrates,Import,0,0
Guyana,1999,titanium ores and concentrates,Import,0,0
Guyana,2000,titanium ores and concentrates,Import,0,0
Guyana,2001,titanium ores and concentrates,Import,0,0
Guyana,2002,titanium ores and concentrates,Import,0,0
Guyana,2003,titanium ores and concentrates,Import,0,0
Guyana,2004,titanium ores and concentrates,Import,0,0
Guyana,2005,titanium ores and concentrates,Import,0,0
Guyana,2006,titanium ores and concentrates,Import,0,0
Guyana,2007,titanium ores and concentrates,Import,0,0
Guyana,2008,titanium ores and concentrates,Import,0,0
Guyana,2009,titanium ores and concentrates,Import,2,6
Guyana,2010,titanium ores and concentrates,Import,1,2
Guyana,2011,titanium ores and concentrates,Import,1,6
Guyana,2012,titanium ores and concentrates,Import,0,0
Guyana,2013,titanium ores and concentrates,Import,0,0
Guyana,2014,titanium ores and concentrates,Import,0,0
Guyana,2015,titanium ores and concentrates,Import,0,0
Guyana,2016,titanium ores and concentrates,Import,0,0
Guyana,2017,titanium ores and concentrates,Import,0,0
Guyana,2018,titanium ores and concentrates,Import,0,0
Guyana,2019,titanium ores and concentrates,Import,0,0
Guyana,2020,titanium ores and concentrates,Import,20,140
Guyana,2021,titanium ores and concentrates,Import,0,0
Guyana,2022,titanium ores and concentrates,Import,0,0
Guyana,2023,titanium ores and concentrates,Import,3451,4083
Hungary,1992,titanium ores and concentrates,Export,0,0
Hungary,1993,titanium ores and concentrates,Export,0,0
Hungary,1994,titanium ores and concentrates,Export,0,0
Hungary,1995,titanium ores and concentrates,Export,0,0
Hungary,1996,titanium ores and concentrates,Export,0,0
Hungary,1997,titanium ores and concentrates,Export,0,0
Hungary,1998,titanium ores and concentrates,Export,71699,11093
Hungary,1999,titanium ores and concentrates,Export,0,0
Hungary,2000,titanium ores and concentrates,Export,0,0
Hungary,2001,titanium ores and concentrates,Export,0,0
Hungary,2002,titanium ores and concentrates,Export,0,0
Hungary,2003,titanium ores and concentrates,Export,0,0
Hungary,2004,titanium ores and concentrates,Export,0,0
Hungary,2005,titanium ores and concentrates,Export,0,0
Hungary,2006,titanium ores and concentrates,Export,0,0
Hungary,2007,titanium ores and concentrates,Export,0,0
Hungary,2008,titanium ores and concentrates,Export,5,6
Hungary,2009,titanium ores and concentrates,Export,0,0
Hungary,2010,titanium ores and concentrates,Export,2,1
Hungary,2011,titanium ores and concentrates,Export,49,68
Hungary,2012,titanium ores and concentrates,Export,21,49
Hungary,2013,titanium ores and concentrates,Export,1,2
Hungary,2014,titanium ores and concentrates,Export,29,31
Hungary,2015,titanium ores and concentrates,Export,6,8
Hungary,2016,titanium ores and concentrates,Export,20,17
Hungary,2017,titanium ores and concentrates,Export,0,0
Hungary,2018,titanium ores and concentrates,Export,0,0
Hungary,2019,titanium ores and concentrates,Export,0,0
Hungary,2020,titanium ores and concentrates,Export,0,0
Hungary,2021,titanium ores and concentrates,Export,0,0
Hungary,2022,titanium ores and concentrates,Export,155,354
Hungary,2023,titanium ores and concentrates,Export,149,300
Hungary,1992,titanium ores and concentrates,Import,0,0
Hungary,1993,titanium ores and concentrates,Import,0,0
Hungary,1994,titanium ores and concentrates,Import,697,361
Hungary,1995,titanium ores and concentrates,Import,0,0
Hungary,1996,titanium ores and concentrates,Import,625,532
Hungary,1997,titanium ores and concentrates,Import,0,0
Hungary,1998,titanium ores and concentrates,Import,0,0
Hungary,1999,titanium ores and concentrates,Import,1512,726
Hungary,2000,titanium ores and concentrates,Import,0,0
Hungary,2001,titanium ores and concentrates,Import,0,0
Hungary,2002,titanium ores and concentrates,Import,1570,744
Hungary,2003,titanium ores and concentrates,Import,1376,647
Hungary,2004,titanium ores and concentrates,Import,1474,786
Hungary,2005,titanium ores and concentrates,Import,2260,1446
Hungary,2006,titanium ores and concentrates,Import,1623,1008
Hungary,2007,titanium ores and concentrates,Import,0,0
Hungary,2008,titanium ores and concentrates,Import,2659,2171
Hungary,2009,titanium ores and concentrates,Import,0,0
Hungary,2010,titanium ores and concentrates,Import,2677,2075
Hungary,2011,titanium ores and concentrates,Import,2410,2586
Hungary,2012,titanium ores and concentrates,Import,3109,5002
Hungary,2013,titanium ores and concentrates,Import,3254,3792
Hungary,2014,titanium ores and concentrates,Import,3242,3275
Hungary,2015,titanium ores and concentrates,Import,1666,1406
Hungary,2016,titanium ores and concentrates,Import,2406,1895
Hungary,2017,titanium ores and concentrates,Import,1780,1388
Hungary,2018,titanium ores and concentrates,Import,2409,2261
Hungary,2019,titanium ores and concentrates,Import,2291,2640
Hungary,2020,titanium ores and concentrates,Import,2135,2682
Hungary,2021,titanium ores and concentrates,Import,1643,2303
Hungary,2022,titanium ores and concentrates,Import,1047,2062
Hungary,2023,titanium ores and concentrates,Import,159,379
India,1992,titanium ores and concentrates,Export,72549,6759
India,1993,titanium ores and concentrates,Export,166755,14447
India,1994,titanium ores and concentrates,Export,187645,19579
India,1995,titanium ores and concentrates,Export,219052,26435
India,1996,titanium ores and concentrates,Export,50359,10959
India,1997,titanium ores and concentrates,Export,118267,11729
India,1998,titanium ores and concentrates,Export,0,0
India,1999,titanium ores and concentrates,Export,68558,11204
India,2000,titanium ores and concentrates,Export,57839,8821
India,2001,titanium ores and concentrates,Export,94487,17623
India,2002,titanium ores and concentrates,Export,57735,13673
India,2003,titanium ores and concentrates,Export,165165,22181
India,2004,titanium ores and concentrates,Export,442021,37024
India,2005,titanium ores and concentrates,Export,446814,45071
India,2006,titanium ores and concentrates,Export,354101,41219
India,2007,titanium ores and concentrates,Export,238502,35673
India,2008,titanium ores and concentrates,Export,253396,45515
India,2009,titanium ores and concentrates,Export,419521,49791
India,2010,titanium ores and concentrates,Export,227948,127207
India,2011,titanium ores and concentrates,Export,849410,188611
India,2012,titanium ores and concentrates,Export,893921,322936
India,2013,titanium ores and concentrates,Export,791393,207117
India,2014,titanium ores and concentrates,Export,740020,119904
India,2015,titanium ores and concentrates,Export,838349,109719
India,2016,titanium ores and concentrates,Export,593948,83820
India,2017,titanium ores and concentrates,Export,337961,87780
India,2018,titanium ores and concentrates,Export,417112,104923
India,2019,titanium ores and concentrates,Export,233795,67969
India,2020,titanium ores and concentrates,Export,254740,72408
India,2021,titanium ores and concentrates,Export,209218,78219
India,2022,titanium ores and concentrates,Export,163260,93789
India,2023,titanium ores and concentrates,Export,191482,86595
India,1992,titanium ores and concentrates,Import,0,0
India,1993,titanium ores and concentrates,Import,809,324
India,1994,titanium ores and concentrates,Import,2071,1007
India,1995,titanium ores and concentrates,Import,1944,1494
India,1996,titanium ores and concentrates,Import,5168,4985
India,1997,titanium ores and concentrates,Import,7230,5244
India,1998,titanium ores and concentrates,Import,35,21
India,1999,titanium ores and concentrates,Import,0,1
India,2000,titanium ores and concentrates,Import,98,31
India,2001,titanium ores and concentrates,Import,81,27
India,2002,titanium ores and concentrates,Import,100,38
India,2003,titanium ores and concentrates,Import,5605,2648
India,2004,titanium ores and concentrates,Import,2706,1438
India,2005,titanium ores and concentrates,Import,4731,3011
India,2006,titanium ores and concentrates,Import,13186,7864
India,2007,titanium ores and concentrates,Import,16611,10333
India,2008,titanium ores and concentrates,Import,11296,6322
India,2009,titanium ores and concentrates,Import,27662,12610
India,2010,titanium ores and concentrates,Import,70826,21356
India,2011,titanium ores and concentrates,Import,68028,36361
India,2012,titanium ores and concentrates,Import,76707,49968
India,2013,titanium ores and concentrates,Import,72807,30895
India,2014,titanium ores and concentrates,Import,53483,18441
India,2015,titanium ores and concentrates,Import,81433,19791
India,2016,titanium ores and concentrates,Import,82146,20335
India,2017,titanium ores and concentrates,Import,114744,36604
India,2018,titanium ores and concentrates,Import,117622,44079
India,2019,titanium ores and concentrates,Import,146744,60561
India,2020,titanium ores and concentrates,Import,87525,42185
India,2021,titanium ores and concentrates,Import,115131,70570
India,2022,titanium ores and concentrates,Import,63832,59859
India,2023,titanium ores and concentrates,Import,73268,75543
Indonesia,1992,titanium ores and concentrates,Export,0,0
Indonesia,1993,titanium ores and concentrates,Export,0,0
Indonesia,1994,titanium ores and concentrates,Export,0,0
Indonesia,1995,titanium ores and concentrates,Export,1,18
Indonesia,1996,titanium ores and concentrates,Export,0,0
Indonesia,1997,titanium ores and concentrates,Export,0,0
Indonesia,1998,titanium ores and concentrates,Export,0,0
Indonesia,1999,titanium ores and concentrates,Export,0,0
Indonesia,2000,titanium ores and concentrates,Export,0,0
Indonesia,2001,titanium ores and concentrates,Export,0,0
Indonesia,2002,titanium ores and concentrates,Export,450,9
Indonesia,2003,titanium ores and concentrates,Export,751,168
Indonesia,2004,titanium ores and concentrates,Export,560,48
Indonesia,2005,titanium ores and concentrates,Export,0,0
Indonesia,2006,titanium ores and concentrates,Export,0,12
Indonesia,2007,titanium ores and concentrates,Export,13731,513
Indonesia,2008,titanium ores and concentrates,Export,9174,1016
Indonesia,2009,titanium ores and concentrates,Export,8837,641
Indonesia,2010,titanium ores and concentrates,Export,59868,2274
Indonesia,2011,titanium ores and concentrates,Export,18004,1264
Indonesia,2012,titanium ores and concentrates,Export,6259,1089
Indonesia,2013,titanium ores and concentrates,Export,6482,1160
Indonesia,2014,titanium ores and concentrates,Export,500,50
Indonesia,2015,titanium ores and concentrates,Export,22238,956
Indonesia,2016,titanium ores and concentrates,Export,0,0
Indonesia,2017,titanium ores and concentrates,Export,0,0
Indonesia,2018,titanium ores and concentrates,Export,0,0
Indonesia,2019,titanium ores and concentrates,Export,0,0
Indonesia,2020,titanium ores and concentrates,Export,0,0
Indonesia,2021,titanium ores and concentrates,Export,114364,32341
Indonesia,2022,titanium ores and concentrates,Export,0,0
Indonesia,2023,titanium ores and concentrates,Export,7807,2076
Indonesia,1992,titanium ores and concentrates,Import,2541,858
Indonesia,1993,titanium ores and concentrates,Import,1963,966
Indonesia,1994,titanium ores and concentrates,Import,2167,1485
Indonesia,1995,titanium ores and concentrates,Import,2794,1976
Indonesia,1996,titanium ores and concentrates,Import,2535,2689
Indonesia,1997,titanium ores and concentrates,Import,1513,1543
Indonesia,1998,titanium ores and concentrates,Import,2575,2164
Indonesia,1999,titanium ores and concentrates,Import,1637,1183
Indonesia,2000,titanium ores and concentrates,Import,2777,1807
Indonesia,2001,titanium ores and concentrates,Import,3095,2000
Indonesia,2002,titanium ores and concentrates,Import,3235,1921
Indonesia,2003,titanium ores and concentrates,Import,2390,1350
Indonesia,2004,titanium ores and concentrates,Import,3205,1826
Indonesia,2005,titanium ores and concentrates,Import,3143,2320
Indonesia,2006,titanium ores and concentrates,Import,2922,2003
Indonesia,2007,titanium ores and concentrates,Import,3878,2695
Indonesia,2008,titanium ores and concentrates,Import,5667,4231
Indonesia,2009,titanium ores and concentrates,Import,2064,1684
Indonesia,2010,titanium ores and concentrates,Import,5165,3833
Indonesia,2011,titanium ores and concentrates,Import,4681,5186
Indonesia,2012,titanium ores and concentrates,Import,5178,12792
Indonesia,2013,titanium ores and concentrates,Import,4720,6931
Indonesia,2014,titanium ores and concentrates,Import,5004,5011
Indonesia,2015,titanium ores and concentrates,Import,6349,5304
Indonesia,2016,titanium ores and concentrates,Import,6693,4834
Indonesia,2017,titanium ores and concentrates,Import,6183,4901
Indonesia,2018,titanium ores and concentrates,Import,7824,7893
Indonesia,2019,titanium ores and concentrates,Import,5599,6299
Indonesia,2020,titanium ores and concentrates,Import,6052,7532
Indonesia,2021,titanium ores and concentrates,Import,7247,9861
Indonesia,2022,titanium ores and concentrates,Import,6286,11814
Indonesia,2023,titanium ores and concentrates,Import,4995,9679
"Iran, Islamic Rep.",1992,titanium ores and concentrates,Export,0,0
"Iran, Islamic Rep.",1993,titanium ores and concentrates,Export,0,0
"Iran, Islamic Rep.",1994,titanium ores and concentrates,Export,0,0
"Iran, Islamic Rep.",1995,titanium ores and concentrates,Export,0,0
"Iran, Islamic Rep.",1996,titanium ores and concentrates,Export,0,0
"Iran, Islamic Rep.",1997,titanium ores and concentrates,Export,0,0
"Iran, Islamic Rep.",1998,titanium ores and concentrates,Export,0,0
"Iran, Islamic Rep.",1999,titanium ores and concentrates,Export,72,32
"Iran, Islamic Rep.",2000,titanium ores and concentrates,Export,12,7
"Iran, Islamic Rep.",2001,titanium ores and concentrates,Export,0,0
"Iran, Islamic Rep.",2002,titanium ores and concentrates,Export,0,0
"Iran, Islamic Rep.",2003,titanium ores and concentrates,Export,0,0
"Iran, Islamic Rep.",2004,titanium ores and concentrates,Export,0,0
"Iran, Islamic Rep.",2005,titanium ores and concentrates,Export,44,10
"Iran, Islamic Rep.",2006,titanium ores and concentrates,Export,0,0
"Iran, Islamic Rep.",2007,titanium ores and concentrates,Export,0,0
"Iran, Islamic Rep.",2008,titanium ores and concentrates,Export,0,0
"Iran, Islamic Rep.",2009,titanium ores and concentrates,Export,0,0
"Iran, Islamic Rep.",2010,titanium ores and concentrates,Export,0,0
"Iran, Islamic Rep.",2011,titanium ores and concentrates,Export,0,0
"Iran, Islamic Rep.",2012,titanium ores and concentrates,Export,0,0
"Iran, Islamic Rep.",2013,titanium ores and concentrates,Export,0,0
"Iran, Islamic Rep.",2014,titanium ores and concentrates,Export,0,0
"Iran, Islamic Rep.",2015,titanium ores and concentrates,Export,0,0
"Iran, Islamic Rep.",2016,titanium ores and concentrates,Export,0,0
"Iran, Islamic Rep.",2017,titanium ores and concentrates,Export,0,0
"Iran, Islamic Rep.",2018,titanium ores and concentrates,Export,1,0
"Iran, Islamic Rep.",2019,titanium ores and concentrates,Export,0,0
"Iran, Islamic Rep.",2020,titanium ores and concentrates,Export,0,0
"Iran, Islamic Rep.",2021,titanium ores and concentrates,Export,0,0
"Iran, Islamic Rep.",2022,titanium ores and concentrates,Export,270,82
"Iran, Islamic Rep.",2023,titanium ores and concentrates,Export,0,0
Iran,1992,titanium ores and concentrates,Import,0,0
Iran,1993,titanium ores and concentrates,Import,0,0
Iran,1994,titanium ores and concentrates,Import,0,0
Iran,1995,titanium ores and concentrates,Import,0,0
Iran,1996,titanium ores and concentrates,Import,0,0
Iran,1997,titanium ores and concentrates,Import,4507.38,3285.17
Iran,1998,titanium ores and concentrates,Import,5023.94,3544.21
Iran,1999,titanium ores and concentrates,Import,3680,2078.39
Iran,2000,titanium ores and concentrates,Import,2045,944.66
Iran,2001,titanium ores and concentrates,Import,7192.92,3898.61
Iran,2002,titanium ores and concentrates,Import,7324,3241.35
Iran,2003,titanium ores and concentrates,Import,9165,4197.28
Iran,2004,titanium ores and concentrates,Import,9847.57,5311.17
Iran,2005,titanium ores and concentrates,Import,10030.2,6491.36
Iran,2006,titanium ores and concentrates,Import,240,134.39
Iran,2007,titanium ores and concentrates,Import,0,0
Iran,2008,titanium ores and concentrates,Import,0,0
Iran,2009,titanium ores and concentrates,Import,0,0
Iran,2010,titanium ores and concentrates,Import,14271.4,10511.62
Iran,2011,titanium ores and concentrates,Import,13513.8,14534.57
Iran,2012,titanium ores and concentrates,Import,0,0
Iran,2013,titanium ores and concentrates,Import,12282,17636.67
Iran,2014,titanium ores and concentrates,Import,7529,7991.83
Iran,2015,titanium ores and concentrates,Import,8932.54,8414.11
Iran,2016,titanium ores and concentrates,Import,8028,7096.4
Iran,2017,titanium ores and concentrates,Import,9084,8532.17
Iran,2018,titanium ores and concentrates,Import,4500,5226.86
Iran,2019,titanium ores and concentrates,Import,10267.1,14566.98
Iran,2020,titanium ores and concentrates,Import,7449,11617.1
Iran,2021,titanium ores and concentrates,Import,8268,12738.05
Iran,2022,titanium ores and concentrates,Import,8259.17,15314.33
Iran,2023,titanium ores and concentrates,Import,0,0
Ireland,1992,titanium ores and concentrates,Export,0,0
Ireland,1993,titanium ores and concentrates,Export,0,0
Ireland,1994,titanium ores and concentrates,Export,0,0
Ireland,1995,titanium ores and concentrates,Export,0,0
Ireland,1996,titanium ores and concentrates,Export,0,0
Ireland,1997,titanium ores and concentrates,Export,0,0
Ireland,1998,titanium ores and concentrates,Export,0,0
Ireland,1999,titanium ores and concentrates,Export,3.062,2.84
Ireland,2000,titanium ores and concentrates,Export,7.386,11.36
Ireland,2001,titanium ores and concentrates,Export,0.001,2
Ireland,2002,titanium ores and concentrates,Export,3.853,5.26
Ireland,2003,titanium ores and concentrates,Export,5.218,16.59
Ireland,2004,titanium ores and concentrates,Export,22.368,37.99
Ireland,2005,titanium ores and concentrates,Export,18.524,44.23
Ireland,2006,titanium ores and concentrates,Export,0.005,11
Ireland,2007,titanium ores and concentrates,Export,0.265,3.64
Ireland,2008,titanium ores and concentrates,Export,4,21.33
Ireland,2009,titanium ores and concentrates,Export,0,0
Ireland,2010,titanium ores and concentrates,Export,4.607,16.65
Ireland,2011,titanium ores and concentrates,Export,2.46,51.04
Ireland,2012,titanium ores and concentrates,Export,0.189,32.06
Ireland,2013,titanium ores and concentrates,Export,0.319,6.46
Ireland,2014,titanium ores and concentrates,Export,N/A,35.44
Ireland,2015,titanium ores and concentrates,Export,0.182,3.08
Ireland,2016,titanium ores and concentrates,Export,1.48,24.94
Ireland,2017,titanium ores and concentrates,Export,0.289,4.97
Ireland,2018,titanium ores and concentrates,Export,0,0
Ireland,2019,titanium ores and concentrates,Export,0,0
Ireland,2020,titanium ores and concentrates,Export,0.319,2.95
Ireland,2021,titanium ores and concentrates,Export,N/A,8.7
Ireland,2022,titanium ores and concentrates,Export,0,0
Ireland,2023,titanium ores and concentrates,Export,0,0
Ireland,1992,titanium ores and concentrates,Import,0,0
Ireland,1993,titanium ores and concentrates,Import,3220,1181
Ireland,1994,titanium ores and concentrates,Import,77,34
Ireland,1995,titanium ores and concentrates,Import,107,72
Ireland,1996,titanium ores and concentrates,Import,117,98
Ireland,1997,titanium ores and concentrates,Import,54,51
Ireland,1998,titanium ores and concentrates,Import,79,62
Ireland,1999,titanium ores and concentrates,Import,190,146
Ireland,2000,titanium ores and concentrates,Import,148,99
Ireland,2001,titanium ores and concentrates,Import,140,119
Ireland,2002,titanium ores and concentrates,Import,119,86
Ireland,2003,titanium ores and concentrates,Import,12,14
Ireland,2004,titanium ores and concentrates,Import,19,17
Ireland,2005,titanium ores and concentrates,Import,2,8
Ireland,2006,titanium ores and concentrates,Import,24,22
Ireland,2007,titanium ores and concentrates,Import,6,9
Ireland,2008,titanium ores and concentrates,Import,4,10
Ireland,2009,titanium ores and concentrates,Import,22,54
Ireland,2010,titanium ores and concentrates,Import,6,26
Ireland,2011,titanium ores and concentrates,Import,2,121
Ireland,2012,titanium ores and concentrates,Import,5,150
Ireland,2013,titanium ores and concentrates,Import,3,178
Ireland,2014,titanium ores and concentrates,Import,N/A,223
Ireland,2015,titanium ores and concentrates,Import,N/A,8
Ireland,2016,titanium ores and concentrates,Import,6,15
Ireland,2017,titanium ores and concentrates,Import,2,4
Ireland,2018,titanium ores and concentrates,Import,4,11
Ireland,2019,titanium ores and concentrates,Import,2,4
Ireland,2020,titanium ores and concentrates,Import,2,5
Ireland,2021,titanium ores and concentrates,Import,0,0
Ireland,2022,titanium ores and concentrates,Import,5,8
Ireland,2023,titanium ores and concentrates,Import,2,9
Israel,1992,titanium ores and concentrates,Export,0,0
Israel,1993,titanium ores and concentrates,Export,0,0
Israel,1994,titanium ores and concentrates,Export,0,0
Israel,1995,titanium ores and concentrates,Export,0,0
Israel,1996,titanium ores and concentrates,Export,0,0
Israel,1997,titanium ores and concentrates,Export,0,0
Israel,1998,titanium ores and concentrates,Export,0,48
Israel,1999,titanium ores and concentrates,Export,N/A,5
Israel,2000,titanium ores and concentrates,Export,0,0
Israel,2001,titanium ores and concentrates,Export,0,0
Israel,2002,titanium ores and concentrates,Export,0,0
Israel,2003,titanium ores and concentrates,Export,0,0
Israel,2004,titanium ores and concentrates,Export,0,0
Israel,2005,titanium ores and concentrates,Export,0,0
Israel,2006,titanium ores and concentrates,Export,0,0
Israel,2007,titanium ores and concentrates,Export,0,0
Israel,2008,titanium ores and concentrates,Export,0,0
Israel,2009,titanium ores and concentrates,Export,0,1
Israel,2010,titanium ores and concentrates,Export,7816,4362
Israel,2011,titanium ores and concentrates,Export,782,436
Israel,2012,titanium ores and concentrates,Export,0,0
Israel,2013,titanium ores and concentrates,Export,0,0
Israel,2014,titanium ores and concentrates,Export,0,0
Israel,2015,titanium ores and concentrates,Export,N/A,2
Israel,2016,titanium ores and concentrates,Export,0,0
Israel,2017,titanium ores and concentrates,Export,0,0
Israel,2018,titanium ores and concentrates,Export,0,0
Israel,2019,titanium ores and concentrates,Export,0,0
Israel,2020,titanium ores and concentrates,Export,0,0
Israel,2021,titanium ores and concentrates,Export,0,0
Israel,2022,titanium ores and concentrates,Export,0,0
Israel,2023,titanium ores and concentrates,Export,N/A,48
Israel,1992,titanium ores and concentrates,Import,0,0
Israel,1993,titanium ores and concentrates,Import,0,0
Israel,1994,titanium ores and concentrates,Import,0,0
Israel,1995,titanium ores and concentrates,Import,N/A,439
Israel,1996,titanium ores and concentrates,Import,N/A,385
Israel,1997,titanium ores and concentrates,Import,N/A,181
Israel,1998,titanium ores and concentrates,Import,N/A,243
Israel,1999,titanium ores and concentrates,Import,N/A,126
Israel,2000,titanium ores and concentrates,Import,285,134
Israel,2001,titanium ores and concentrates,Import,218,120
Israel,2002,titanium ores and concentrates,Import,19,9
Israel,2003,titanium ores and concentrates,Import,2,1
Israel,2004,titanium ores and concentrates,Import,158,105
Israel,2005,titanium ores and concentrates,Import,N/A,115
Israel,2006,titanium ores and concentrates,Import,N/A,108
Israel,2007,titanium ores and concentrates,Import,290,219
Israel,2008,titanium ores and concentrates,Import,98,85
Israel,2009,titanium ores and concentrates,Import,200,167
Israel,2010,titanium ores and concentrates,Import,208,173
Israel,2011,titanium ores and concentrates,Import,266,445
Israel,2012,titanium ores and concentrates,Import,130,391
Israel,2013,titanium ores and concentrates,Import,244,402
Israel,2014,titanium ores and concentrates,Import,221,272
Israel,2015,titanium ores and concentrates,Import,141,181
Israel,2016,titanium ores and concentrates,Import,243,203
Israel,2017,titanium ores and concentrates,Import,212,182
Israel,2018,titanium ores and concentrates,Import,271,253
Israel,2019,titanium ores and concentrates,Import,196,234
Israel,2020,titanium ores and concentrates,Import,233,284
Israel,2021,titanium ores and concentrates,Import,306,358
Israel,2022,titanium ores and concentrates,Import,363,530
Israel,2023,titanium ores and concentrates,Import,482,733
Italy,1992,titanium ores and concentrates,Export,0,0
Italy,1993,titanium ores and concentrates,Export,0,0
Italy,1994,titanium ores and concentrates,Export,525,210
Italy,1995,titanium ores and concentrates,Export,121,76
Italy,1996,titanium ores and concentrates,Export,8501,423
Italy,1997,titanium ores and concentrates,Export,148,116
Italy,1998,titanium ores and concentrates,Export,0,68
Italy,1999,titanium ores and concentrates,Export,184,111
Italy,2000,titanium ores and concentrates,Export,111,50
Italy,2001,titanium ores and concentrates,Export,0,21
Italy,2002,titanium ores and concentrates,Export,58,216
Italy,2003,titanium ores and concentrates,Export,12,7
Italy,2004,titanium ores and concentrates,Export,19,11
Italy,2005,titanium ores and concentrates,Export,27,19
Italy,2006,titanium ores and concentrates,Export,0,16
Italy,2007,titanium ores and concentrates,Export,39,39
Italy,2008,titanium ores and concentrates,Export,329,331
Italy,2009,titanium ores and concentrates,Export,332,352
Italy,2010,titanium ores and concentrates,Export,550,1326
Italy,2011,titanium ores and concentrates,Export,35,104
Italy,2012,titanium ores and concentrates,Export,26,92
Italy,2013,titanium ores and concentrates,Export,33,126
Italy,2014,titanium ores and concentrates,Export,3,59
Italy,2015,titanium ores and concentrates,Export,75,188
Italy,2016,titanium ores and concentrates,Export,2,5
Italy,2017,titanium ores and concentrates,Export,11,24
Italy,2018,titanium ores and concentrates,Export,23,60
Italy,2019,titanium ores and concentrates,Export,142,307
Italy,2020,titanium ores and concentrates,Export,42,78
Italy,2021,titanium ores and concentrates,Export,3,46
Italy,2022,titanium ores and concentrates,Export,814,673
Italy,2023,titanium ores and concentrates,Export,6874,2004
Italy,1992,titanium ores and concentrates,Import,0,0
Italy,1993,titanium ores and concentrates,Import,0,0
Italy,1994,titanium ores and concentrates,Import,3647,1527
Italy,1995,titanium ores and concentrates,Import,195,182
Italy,1996,titanium ores and concentrates,Import,4689,4431
Italy,1997,titanium ores and concentrates,Import,1655,1157
Italy,1998,titanium ores and concentrates,Import,5145,2868
Italy,1999,titanium ores and concentrates,Import,4037,1893
Italy,2000,titanium ores and concentrates,Import,85970,28690
Italy,2001,titanium ores and concentrates,Import,112844,29554
Italy,2002,titanium ores and concentrates,Import,99830,35789
Italy,2003,titanium ores and concentrates,Import,123867,33953
Italy,2004,titanium ores and concentrates,Import,88502,35922
Italy,2005,titanium ores and concentrates,Import,85607,31864
Italy,2006,titanium ores and concentrates,Import,185100,44523
Italy,2007,titanium ores and concentrates,Import,136296,44411
Italy,2008,titanium ores and concentrates,Import,102909,39140
Italy,2009,titanium ores and concentrates,Import,74338,23024
Italy,2010,titanium ores and concentrates,Import,99017,34761
Italy,2011,titanium ores and concentrates,Import,111619,42842
Italy,2012,titanium ores and concentrates,Import,103454,80697
Italy,2013,titanium ores and concentrates,Import,55323,44177
Italy,2014,titanium ores and concentrates,Import,102317,53938
Italy,2015,titanium ores and concentrates,Import,84586,44800
Italy,2016,titanium ores and concentrates,Import,104213,47518
Italy,2017,titanium ores and concentrates,Import,92260,47259
Italy,2018,titanium ores and concentrates,Import,63792,37426
Italy,2019,titanium ores and concentrates,Import,44906,25065
Italy,2020,titanium ores and concentrates,Import,78425,51449
Italy,2021,titanium ores and concentrates,Import,101067,58249
Italy,2022,titanium ores and concentrates,Import,72334,48405
Italy,2023,titanium ores and concentrates,Import,889,2666
Japan,1992,titanium ores and concentrates,Export,12907,6419.26
Japan,1993,titanium ores and concentrates,Export,20044.6,9213.45
Japan,1994,titanium ores and concentrates,Export,11457.6,5189.36
Japan,1995,titanium ores and concentrates,Export,N/A,35.08
Japan,1996,titanium ores and concentrates,Export,37.187,58.41
Japan,1997,titanium ores and concentrates,Export,10,18.19
Japan,1998,titanium ores and concentrates,Export,0,0
Japan,1999,titanium ores and concentrates,Export,N/A,27.36
Japan,2000,titanium ores and concentrates,Export,15,28.03
Japan,2001,titanium ores and concentrates,Export,0.06,99
Japan,2002,titanium ores and concentrates,Export,24,31.13
Japan,2003,titanium ores and concentrates,Export,39,55.42
Japan,2004,titanium ores and concentrates,Export,84.457,123.83
Japan,2005,titanium ores and concentrates,Export,85.714,110.64
Japan,2006,titanium ores and concentrates,Export,0.097,123
Japan,2007,titanium ores and concentrates,Export,79,117.82
Japan,2008,titanium ores and concentrates,Export,46,82.91
Japan,2009,titanium ores and concentrates,Export,6,12.86
Japan,2010,titanium ores and concentrates,Export,8,18.27
Japan,2011,titanium ores and concentrates,Export,7,21.46
Japan,2012,titanium ores and concentrates,Export,14,33.51
Japan,2013,titanium ores and concentrates,Export,0,0
Japan,2014,titanium ores and concentrates,Export,2.688,2.24
Japan,2015,titanium ores and concentrates,Export,0,0
Japan,2016,titanium ores and concentrates,Export,0,0
Japan,2017,titanium ores and concentrates,Export,0,0
Japan,2018,titanium ores and concentrates,Export,3.96087,3.13
Japan,2019,titanium ores and concentrates,Export,0,0
Japan,2020,titanium ores and concentrates,Export,14.8257,17.59
Japan,2021,titanium ores and concentrates,Export,20.4136,25.28
Japan,2022,titanium ores and concentrates,Export,N/A,11.6
Japan,2023,titanium ores and concentrates,Export,0,0
Japan,1992,titanium ores and concentrates,Import,484644,68066.79
Japan,1993,titanium ores and concentrates,Import,514931,66841.38
Japan,1994,titanium ores and concentrates,Import,399800,58778.82
Japan,1995,titanium ores and concentrates,Import,437638,80853.49
Japan,1996,titanium ores and concentrates,Import,402325,103902.85
Japan,1997,titanium ores and concentrates,Import,408743,96222.2
Japan,1998,titanium ores and concentrates,Import,468445,94442.21
Japan,1999,titanium ores and concentrates,Import,461267,91186.89
Japan,2000,titanium ores and concentrates,Import,416718,76692.45
Japan,2001,titanium ores and concentrates,Import,485829,91343.75
Japan,2002,titanium ores and concentrates,Import,385223,73376.57
Japan,2003,titanium ores and concentrates,Import,457124,74185.66
Japan,2004,titanium ores and concentrates,Import,450287,83332.95
Japan,2005,titanium ores and concentrates,Import,509797,108497.14
Japan,2006,titanium ores and concentrates,Import,345517,90557.84
Japan,2007,titanium ores and concentrates,Import,417000,125614.23
Japan,2008,titanium ores and concentrates,Import,415228,140701.54
Japan,2009,titanium ores and concentrates,Import,243217,92257.85
Japan,2010,titanium ores and concentrates,Import,325248,117566.57
Japan,2011,titanium ores and concentrates,Import,325742,191942.64
Japan,2012,titanium ores and concentrates,Import,421952,534562.44
Japan,2013,titanium ores and concentrates,Import,328524,255568.68
Japan,2014,titanium ores and concentrates,Import,337096,190695.58
Japan,2015,titanium ores and concentrates,Import,388070,193968.86
Japan,2016,titanium ores and concentrates,Import,400135,184838.71
Japan,2017,titanium ores and concentrates,Import,438146,214773.16
Japan,2018,titanium ores and concentrates,Import,422481,233661.6
Japan,2019,titanium ores and concentrates,Import,414080,303007.37
Japan,2020,titanium ores and concentrates,Import,343111,278122.72
Japan,2021,titanium ores and concentrates,Import,294153,199566.26
Japan,2022,titanium ores and concentrates,Import,465796,450940.17
Japan,2023,titanium ores and concentrates,Import,327216,346457.39
Jordan,1992,titanium ores and concentrates,Export,0,0
Jordan,1993,titanium ores and concentrates,Export,0,0
Jordan,1994,titanium ores and concentrates,Export,0,0
Jordan,1995,titanium ores and concentrates,Export,0,0
Jordan,1996,titanium ores and concentrates,Export,0,0
Jordan,1997,titanium ores and concentrates,Export,0,0
Jordan,1998,titanium ores and concentrates,Export,0,0
Jordan,1999,titanium ores and concentrates,Export,0,0
Jordan,2000,titanium ores and concentrates,Export,0,0
Jordan,2001,titanium ores and concentrates,Export,0.021,41
Jordan,2002,titanium ores and concentrates,Export,0,0
Jordan,2003,titanium ores and concentrates,Export,0,0
Jordan,2004,titanium ores and concentrates,Export,0,0
Jordan,2005,titanium ores and concentrates,Export,0,0
Jordan,2006,titanium ores and concentrates,Export,0,0
Jordan,2007,titanium ores and concentrates,Export,0,0
Jordan,2008,titanium ores and concentrates,Export,0,0
Jordan,2009,titanium ores and concentrates,Export,0,0
Jordan,2010,titanium ores and concentrates,Export,0,0
Jordan,2011,titanium ores and concentrates,Export,0,0
Jordan,2012,titanium ores and concentrates,Export,0,0
Jordan,2013,titanium ores and concentrates,Export,0.6,1.7
Jordan,2014,titanium ores and concentrates,Export,0,0
Jordan,2015,titanium ores and concentrates,Export,0,0
Jordan,2016,titanium ores and concentrates,Export,0,0
Jordan,2017,titanium ores and concentrates,Export,3.825,12.54
Jordan,2018,titanium ores and concentrates,Export,0,0
Jordan,2019,titanium ores and concentrates,Export,0,0
Jordan,2020,titanium ores and concentrates,Export,0,0
Jordan,2021,titanium ores and concentrates,Export,0,0
Jordan,2022,titanium ores and concentrates,Export,0,0
Jordan,2023,titanium ores and concentrates,Export,0,0
Jordan,1992,titanium ores and concentrates,Import,0,0
Jordan,1993,titanium ores and concentrates,Import,0,0
Jordan,1994,titanium ores and concentrates,Import,0,0
Jordan,1995,titanium ores and concentrates,Import,0,0
Jordan,1996,titanium ores and concentrates,Import,0,0
Jordan,1997,titanium ores and concentrates,Import,39.738,30.51
Jordan,1998,titanium ores and concentrates,Import,0,0
Jordan,1999,titanium ores and concentrates,Import,0,0
Jordan,2000,titanium ores and concentrates,Import,125,43.76
Jordan,2001,titanium ores and concentrates,Import,18,13.47
Jordan,2002,titanium ores and concentrates,Import,25,30.32
Jordan,2003,titanium ores and concentrates,Import,0.05,0.6
Jordan,2004,titanium ores and concentrates,Import,0,0
Jordan,2005,titanium ores and concentrates,Import,0,0
Jordan,2006,titanium ores and concentrates,Import,0,0
Jordan,2007,titanium ores and concentrates,Import,0,0
Jordan,2008,titanium ores and concentrates,Import,0,0
Jordan,2009,titanium ores and concentrates,Import,0,0
Jordan,2010,titanium ores and concentrates,Import,20,50.46
Jordan,2011,titanium ores and concentrates,Import,1.2,6.95
Jordan,2012,titanium ores and concentrates,Import,20,9.49
Jordan,2013,titanium ores and concentrates,Import,0,0
Jordan,2014,titanium ores and concentrates,Import,0,0
Jordan,2015,titanium ores and concentrates,Import,0,0
Jordan,2016,titanium ores and concentrates,Import,0,0
Jordan,2017,titanium ores and concentrates,Import,0,0
Jordan,2018,titanium ores and concentrates,Import,0,0
Jordan,2019,titanium ores and concentrates,Import,0,0
Jordan,2020,titanium ores and concentrates,Import,0,0
Jordan,2021,titanium ores and concentrates,Import,0,0
Jordan,2022,titanium ores and concentrates,Import,0,0
Jordan,2023,titanium ores and concentrates,Import,0,0
Kazakhstan,1992,titanium ores and concentrates,Export,0,0
Kazakhstan,1993,titanium ores and concentrates,Export,0,0
Kazakhstan,1994,titanium ores and concentrates,Export,0,0
Kazakhstan,1995,titanium ores and concentrates,Export,0,0
Kazakhstan,1996,titanium ores and concentrates,Export,0,0
Kazakhstan,1997,titanium ores and concentrates,Export,0,0
Kazakhstan,1998,titanium ores and concentrates,Export,0,0
Kazakhstan,1999,titanium ores and concentrates,Export,0,0
Kazakhstan,2000,titanium ores and concentrates,Export,0,0
Kazakhstan,2001,titanium ores and concentrates,Export,0,0
Kazakhstan,2002,titanium ores and concentrates,Export,552,36
Kazakhstan,2003,titanium ores and concentrates,Export,N/A,282
Kazakhstan,2004,titanium ores and concentrates,Export,6793,482
Kazakhstan,2005,titanium ores and concentrates,Export,17501,1457
Kazakhstan,2006,titanium ores and concentrates,Export,6993,760
Kazakhstan,2007,titanium ores and concentrates,Export,69,13
Kazakhstan,2008,titanium ores and concentrates,Export,0,0
Kazakhstan,2009,titanium ores and concentrates,Export,20,1
Kazakhstan,2010,titanium ores and concentrates,Export,0,0
Kazakhstan,2011,titanium ores and concentrates,Export,2628,376
Kazakhstan,2012,titanium ores and concentrates,Export,60,16
Kazakhstan,2013,titanium ores and concentrates,Export,0,0
Kazakhstan,2014,titanium ores and concentrates,Export,0,0
Kazakhstan,2015,titanium ores and concentrates,Export,0,0
Kazakhstan,2016,titanium ores and concentrates,Export,0,0
Kazakhstan,2017,titanium ores and concentrates,Export,0,0
Kazakhstan,2018,titanium ores and concentrates,Export,100,17
Kazakhstan,2019,titanium ores and concentrates,Export,61,11
Kazakhstan,2020,titanium ores and concentrates,Export,0,1
Kazakhstan,2021,titanium ores and concentrates,Export,88,27
Kazakhstan,2022,titanium ores and concentrates,Export,3433,928
Kazakhstan,2023,titanium ores and concentrates,Export,1294,275
Kazakhstan,1992,titanium ores and concentrates,Import,0,0
Kazakhstan,1993,titanium ores and concentrates,Import,0,0
Kazakhstan,1994,titanium ores and concentrates,Import,0,0
Kazakhstan,1995,titanium ores and concentrates,Import,0,0
Kazakhstan,1996,titanium ores and concentrates,Import,0,0
Kazakhstan,1997,titanium ores and concentrates,Import,0,0
Kazakhstan,1998,titanium ores and concentrates,Import,0,0
Kazakhstan,1999,titanium ores and concentrates,Import,0,0
Kazakhstan,2000,titanium ores and concentrates,Import,15366,5118
Kazakhstan,2001,titanium ores and concentrates,Import,25950,6378
Kazakhstan,2002,titanium ores and concentrates,Import,44151,12308
Kazakhstan,2003,titanium ores and concentrates,Import,44803,8951
Kazakhstan,2004,titanium ores and concentrates,Import,50561,13863
Kazakhstan,2005,titanium ores and concentrates,Import,40435,12056
Kazakhstan,2006,titanium ores and concentrates,Import,36506,12314
Kazakhstan,2007,titanium ores and concentrates,Import,64945,19055
Kazakhstan,2008,titanium ores and concentrates,Import,41849,15191
Kazakhstan,2009,titanium ores and concentrates,Import,39780,16896
Kazakhstan,2010,titanium ores and concentrates,Import,14028,5620
Kazakhstan,2011,titanium ores and concentrates,Import,40201,19987
Kazakhstan,2012,titanium ores and concentrates,Import,52462,47696
Kazakhstan,2013,titanium ores and concentrates,Import,44268,29987
Kazakhstan,2014,titanium ores and concentrates,Import,20183,9525
Kazakhstan,2015,titanium ores and concentrates,Import,12170,5093
Kazakhstan,2016,titanium ores and concentrates,Import,19,10
Kazakhstan,2017,titanium ores and concentrates,Import,13164,6255
Kazakhstan,2018,titanium ores and concentrates,Import,20423,9336
Kazakhstan,2019,titanium ores and concentrates,Import,62394,42345
Kazakhstan,2020,titanium ores and concentrates,Import,35347,27764
Kazakhstan,2021,titanium ores and concentrates,Import,21751,10359
Kazakhstan,2022,titanium ores and concentrates,Import,27828,26504
Kazakhstan,2023,titanium ores and concentrates,Import,32674,36602
Kenya,1992,titanium ores and concentrates,Export,0,0
Kenya,1993,titanium ores and concentrates,Export,0,0
Kenya,1994,titanium ores and concentrates,Export,0,0
Kenya,1995,titanium ores and concentrates,Export,0,0
Kenya,1996,titanium ores and concentrates,Export,0,0
Kenya,1997,titanium ores and concentrates,Export,0,0
Kenya,1998,titanium ores and concentrates,Export,24320,1080
Kenya,1999,titanium ores and concentrates,Export,0,0
Kenya,2000,titanium ores and concentrates,Export,0,0
Kenya,2001,titanium ores and concentrates,Export,0,0
Kenya,2002,titanium ores and concentrates,Export,0,0
Kenya,2003,titanium ores and concentrates,Export,0,0
Kenya,2004,titanium ores and concentrates,Export,0,0
Kenya,2005,titanium ores and concentrates,Export,0,0
Kenya,2006,titanium ores and concentrates,Export,0,8
Kenya,2007,titanium ores and concentrates,Export,12,5
Kenya,2008,titanium ores and concentrates,Export,0,0
Kenya,2009,titanium ores and concentrates,Export,0,0
Kenya,2010,titanium ores and concentrates,Export,0,0
Kenya,2011,titanium ores and concentrates,Export,0,0
Kenya,2012,titanium ores and concentrates,Export,0,0
Kenya,2013,titanium ores and concentrates,Export,0,0
Kenya,2014,titanium ores and concentrates,Export,0,0
Kenya,2015,titanium ores and concentrates,Export,490501,95766
Kenya,2016,titanium ores and concentrates,Export,614609,108843
Kenya,2017,titanium ores and concentrates,Export,533762,133426
Kenya,2018,titanium ores and concentrates,Export,563835,151665
Kenya,2019,titanium ores and concentrates,Export,425502,135847
Kenya,2020,titanium ores and concentrates,Export,399743,156766
Kenya,2021,titanium ores and concentrates,Export,444620,192407
Kenya,2022,titanium ores and concentrates,Export,424916,249418
Kenya,2023,titanium ores and concentrates,Export,293104,145259
Kenya,1992,titanium ores and concentrates,Import,0,0
Kenya,1993,titanium ores and concentrates,Import,0,0
Kenya,1994,titanium ores and concentrates,Import,0,0
Kenya,1995,titanium ores and concentrates,Import,0,0
Kenya,1996,titanium ores and concentrates,Import,0,0
Kenya,1997,titanium ores and concentrates,Import,0,0
Kenya,1998,titanium ores and concentrates,Import,19,14
Kenya,1999,titanium ores and concentrates,Import,19,10
Kenya,2000,titanium ores and concentrates,Import,0,0
Kenya,2001,titanium ores and concentrates,Import,20,11
Kenya,2002,titanium ores and concentrates,Import,20,9
Kenya,2003,titanium ores and concentrates,Import,41,15
Kenya,2004,titanium ores and concentrates,Import,88,62
Kenya,2005,titanium ores and concentrates,Import,155,110
Kenya,2006,titanium ores and concentrates,Import,133,131
Kenya,2007,titanium ores and concentrates,Import,100,75
Kenya,2008,titanium ores and concentrates,Import,116,88
Kenya,2009,titanium ores and concentrates,Import,120,104
Kenya,2010,titanium ores and concentrates,Import,160,161
Kenya,2011,titanium ores and concentrates,Import,0,0
Kenya,2012,titanium ores and concentrates,Import,0,0
Kenya,2013,titanium ores and concentrates,Import,217,394
Kenya,2014,titanium ores and concentrates,Import,0,0
Kenya,2015,titanium ores and concentrates,Import,357,373
Kenya,2016,titanium ores and concentrates,Import,120,110
Kenya,2017,titanium ores and concentrates,Import,193,172
Kenya,2018,titanium ores and concentrates,Import,256,253
Kenya,2019,titanium ores and concentrates,Import,264,347
Kenya,2020,titanium ores and concentrates,Import,203,308
Kenya,2021,titanium ores and concentrates,Import,144,223
Kenya,2022,titanium ores and concentrates,Import,0,0
Kenya,2023,titanium ores and concentrates,Import,72,143
Korea,1992,titanium ores and concentrates,Export,87485,3865
Korea,1993,titanium ores and concentrates,Export,147341,6113
Korea,1994,titanium ores and concentrates,Export,108040,4349
Korea,1995,titanium ores and concentrates,Export,64400,2653
Korea,1996,titanium ores and concentrates,Export,59920,2588
Korea,1997,titanium ores and concentrates,Export,36190,1601
Korea,1998,titanium ores and concentrates,Export,0,0
Korea,1999,titanium ores and concentrates,Export,18430,780
Korea,2000,titanium ores and concentrates,Export,59970,2641
Korea,2001,titanium ores and concentrates,Export,53246,2754
Korea,2002,titanium ores and concentrates,Export,36338,2058
Korea,2003,titanium ores and concentrates,Export,18235,1016
Korea,2004,titanium ores and concentrates,Export,36089,2121
Korea,2005,titanium ores and concentrates,Export,66517,4165
Korea,2006,titanium ores and concentrates,Export,78990,5229
Korea,2007,titanium ores and concentrates,Export,98750,7060
Korea,2008,titanium ores and concentrates,Export,82669,6655
Korea,2009,titanium ores and concentrates,Export,30520,3109
Korea,2010,titanium ores and concentrates,Export,84061,5609
Korea,2011,titanium ores and concentrates,Export,154115,10878
Korea,2012,titanium ores and concentrates,Export,183685,13472
Korea,2013,titanium ores and concentrates,Export,216078,15415
Korea,2014,titanium ores and concentrates,Export,195264,17458
Korea,2015,titanium ores and concentrates,Export,120942,8820
Korea,2016,titanium ores and concentrates,Export,184526,9336
Korea,2017,titanium ores and concentrates,Export,183179,10208
Korea,2018,titanium ores and concentrates,Export,296873,16393
Korea,2019,titanium ores and concentrates,Export,280544,15396
Korea,2020,titanium ores and concentrates,Export,N/A,18583
Korea,2021,titanium ores and concentrates,Export,302062,23438
Korea,2022,titanium ores and concentrates,Export,260954,18900
Korea,2023,titanium ores and concentrates,Export,N/A,15998
Korea,1992,titanium ores and concentrates,Import,108844,11893
Korea,1993,titanium ores and concentrates,Import,97453,9775
Korea,1994,titanium ores and concentrates,Import,88251,10326
Korea,1995,titanium ores and concentrates,Import,94905,13968
Korea,1996,titanium ores and concentrates,Import,68602,16901
Korea,1997,titanium ores and concentrates,Import,177356,23499
Korea,1998,titanium ores and concentrates,Import,158740,16233
Korea,1999,titanium ores and concentrates,Import,143264,16043
Korea,2000,titanium ores and concentrates,Import,129145,16692
Korea,2001,titanium ores and concentrates,Import,107059,14985
Korea,2002,titanium ores and concentrates,Import,110313,14399
Korea,2003,titanium ores and concentrates,Import,106124,13451
Korea,2004,titanium ores and concentrates,Import,109200,16957
Korea,2005,titanium ores and concentrates,Import,172066,25384
Korea,2006,titanium ores and concentrates,Import,188308,28301
Korea,2007,titanium ores and concentrates,Import,116386,25241
Korea,2008,titanium ores and concentrates,Import,160637,40690
Korea,2009,titanium ores and concentrates,Import,120466,32855
Korea,2010,titanium ores and concentrates,Import,123254,34955
Korea,2011,titanium ores and concentrates,Import,155464,66133
Korea,2012,titanium ores and concentrates,Import,127322,110233
Korea,2013,titanium ores and concentrates,Import,129565,67315
Korea,2014,titanium ores and concentrates,Import,120455,45533
Korea,2015,titanium ores and concentrates,Import,107041,36708
Korea,2016,titanium ores and concentrates,Import,89987,30838
Korea,2017,titanium ores and concentrates,Import,107874,39643
Korea,2018,titanium ores and concentrates,Import,71000,34691
Korea,2019,titanium ores and concentrates,Import,91389,40176
Korea,2020,titanium ores and concentrates,Import,57326,35384
Korea,2021,titanium ores and concentrates,Import,117742,58922
Korea,2022,titanium ores and concentrates,Import,67834,55566
Korea,2023,titanium ores and concentrates,Import,79822,50108
Kuwait,1992,titanium ores and concentrates,Export,0,0
Kuwait,1993,titanium ores and concentrates,Export,0,0
Kuwait,1994,titanium ores and concentrates,Export,0,0
Kuwait,1995,titanium ores and concentrates,Export,0,0
Kuwait,1996,titanium ores and concentrates,Export,0,0
Kuwait,1997,titanium ores and concentrates,Export,0,0
Kuwait,1998,titanium ores and concentrates,Export,0,0
Kuwait,1999,titanium ores and concentrates,Export,0,0
Kuwait,2000,titanium ores and concentrates,Export,0,0
Kuwait,2001,titanium ores and concentrates,Export,0,0
Kuwait,2002,titanium ores and concentrates,Export,0,0
Kuwait,2003,titanium ores and concentrates,Export,0,0
Kuwait,2004,titanium ores and concentrates,Export,0,0
Kuwait,2005,titanium ores and concentrates,Export,0,0
Kuwait,2006,titanium ores and concentrates,Export,0,0
Kuwait,2007,titanium ores and concentrates,Export,0,0
Kuwait,2008,titanium ores and concentrates,Export,0,0
Kuwait,2009,titanium ores and concentrates,Export,0,0
Kuwait,2010,titanium ores and concentrates,Export,0,0
Kuwait,2011,titanium ores and concentrates,Export,0,0
Kuwait,2012,titanium ores and concentrates,Export,0,0
Kuwait,2013,titanium ores and concentrates,Export,0,0
Kuwait,2014,titanium ores and concentrates,Export,0,0
Kuwait,2015,titanium ores and concentrates,Export,0,0
Kuwait,2016,titanium ores and concentrates,Export,0,0
Kuwait,2017,titanium ores and concentrates,Export,0,0
Kuwait,2018,titanium ores and concentrates,Export,0,0
Kuwait,2019,titanium ores and concentrates,Export,0,0
Kuwait,2020,titanium ores and concentrates,Export,0,0
Kuwait,2021,titanium ores and concentrates,Export,0,0
Kuwait,2022,titanium ores and concentrates,Export,0,0
Kuwait,2023,titanium ores and concentrates,Export,0,0
Kuwait,1992,titanium ores and concentrates,Import,0,0
Kuwait,1993,titanium ores and concentrates,Import,0,0
Kuwait,1994,titanium ores and concentrates,Import,0,0
Kuwait,1995,titanium ores and concentrates,Import,0,0
Kuwait,1996,titanium ores and concentrates,Import,0,0
Kuwait,1997,titanium ores and concentrates,Import,0,0
Kuwait,1998,titanium ores and concentrates,Import,0,0
Kuwait,1999,titanium ores and concentrates,Import,0,0
Kuwait,2000,titanium ores and concentrates,Import,0,0
Kuwait,2001,titanium ores and concentrates,Import,0,0
Kuwait,2002,titanium ores and concentrates,Import,0,0
Kuwait,2003,titanium ores and concentrates,Import,0,0
Kuwait,2004,titanium ores and concentrates,Import,0,0
Kuwait,2005,titanium ores and concentrates,Import,0,0
Kuwait,2006,titanium ores and concentrates,Import,25,65
Kuwait,2007,titanium ores and concentrates,Import,0,0
Kuwait,2008,titanium ores and concentrates,Import,0,0
Kuwait,2009,titanium ores and concentrates,Import,0,0
Kuwait,2010,titanium ores and concentrates,Import,0,0
Kuwait,2011,titanium ores and concentrates,Import,0,0
Kuwait,2012,titanium ores and concentrates,Import,0,0
Kuwait,2013,titanium ores and concentrates,Import,0,0
Kuwait,2014,titanium ores and concentrates,Import,0,0
Kuwait,2015,titanium ores and concentrates,Import,0,0
Kuwait,2016,titanium ores and concentrates,Import,0,0
Kuwait,2017,titanium ores and concentrates,Import,0,0
Kuwait,2018,titanium ores and concentrates,Import,0,0
Kuwait,2019,titanium ores and concentrates,Import,100,97
Kuwait,2020,titanium ores and concentrates,Import,0,0
Kuwait,2021,titanium ores and concentrates,Import,0,0
Kuwait,2022,titanium ores and concentrates,Import,68,99
Kuwait,2023,titanium ores and concentrates,Import,0,0
Latvia,1992,titanium ores and concentrates,Export,0,0
Latvia,1993,titanium ores and concentrates,Export,0,0
Latvia,1994,titanium ores and concentrates,Export,0,0
Latvia,1995,titanium ores and concentrates,Export,0,0
Latvia,1996,titanium ores and concentrates,Export,0,0
Latvia,1997,titanium ores and concentrates,Export,0,0
Latvia,1998,titanium ores and concentrates,Export,0,0
Latvia,1999,titanium ores and concentrates,Export,0,0
Latvia,2000,titanium ores and concentrates,Export,0,0
Latvia,2001,titanium ores and concentrates,Export,0,0
Latvia,2002,titanium ores and concentrates,Export,0,0
Latvia,2003,titanium ores and concentrates,Export,0,0
Latvia,2004,titanium ores and concentrates,Export,0,0
Latvia,2005,titanium ores and concentrates,Export,0,0
Latvia,2006,titanium ores and concentrates,Export,0,0
Latvia,2007,titanium ores and concentrates,Export,0,0
Latvia,2008,titanium ores and concentrates,Export,0,0
Latvia,2009,titanium ores and concentrates,Export,0,0
Latvia,2010,titanium ores and concentrates,Export,0,0
Latvia,2011,titanium ores and concentrates,Export,0,0
Latvia,2012,titanium ores and concentrates,Export,0,0
Latvia,2013,titanium ores and concentrates,Export,0,0
Latvia,2014,titanium ores and concentrates,Export,0,0
Latvia,2015,titanium ores and concentrates,Export,0,0
Latvia,2016,titanium ores and concentrates,Export,0,0
Latvia,2017,titanium ores and concentrates,Export,0,0
Latvia,2018,titanium ores and concentrates,Export,0,0
Latvia,2019,titanium ores and concentrates,Export,0,0
Latvia,2020,titanium ores and concentrates,Export,0,0
Latvia,2021,titanium ores and concentrates,Export,0,0
Latvia,2022,titanium ores and concentrates,Export,0,0
Latvia,2023,titanium ores and concentrates,Export,0,0
Latvia,1992,titanium ores and concentrates,Import,0,0
Latvia,1993,titanium ores and concentrates,Import,0,0
Latvia,1994,titanium ores and concentrates,Import,27,14
Latvia,1995,titanium ores and concentrates,Import,15,27
Latvia,1996,titanium ores and concentrates,Import,8,6
Latvia,1997,titanium ores and concentrates,Import,10,8
Latvia,1998,titanium ores and concentrates,Import,0,0
Latvia,1999,titanium ores and concentrates,Import,0,0
Latvia,2000,titanium ores and concentrates,Import,0,0
Latvia,2001,titanium ores and concentrates,Import,0,0
Latvia,2002,titanium ores and concentrates,Import,0,0
Latvia,2003,titanium ores and concentrates,Import,0,0
Latvia,2004,titanium ores and concentrates,Import,0,0
Latvia,2005,titanium ores and concentrates,Import,0,0
Latvia,2006,titanium ores and concentrates,Import,0,0
Latvia,2007,titanium ores and concentrates,Import,291,50
Latvia,2008,titanium ores and concentrates,Import,81,17
Latvia,2009,titanium ores and concentrates,Import,0,0
Latvia,2010,titanium ores and concentrates,Import,0,0
Latvia,2011,titanium ores and concentrates,Import,0,0
Latvia,2012,titanium ores and concentrates,Import,41,19
Latvia,2013,titanium ores and concentrates,Import,0,0
Latvia,2014,titanium ores and concentrates,Import,20,38
Latvia,2015,titanium ores and concentrates,Import,0,0
Latvia,2016,titanium ores and concentrates,Import,0,0
Latvia,2017,titanium ores and concentrates,Import,0,0
Latvia,2018,titanium ores and concentrates,Import,0,0
Latvia,2019,titanium ores and concentrates,Import,0,0
Latvia,2020,titanium ores and concentrates,Import,0,0
Latvia,2021,titanium ores and concentrates,Import,0,0
Latvia,2022,titanium ores and concentrates,Import,0,0
Latvia,2023,titanium ores and concentrates,Import,0,0
Lebanon,1992,titanium ores and concentrates,Export,0,0
Lebanon,1993,titanium ores and concentrates,Export,0,0
Lebanon,1994,titanium ores and concentrates,Export,0,0
Lebanon,1995,titanium ores and concentrates,Export,0,0
Lebanon,1996,titanium ores and concentrates,Export,0,0
Lebanon,1997,titanium ores and concentrates,Export,0,0
Lebanon,1998,titanium ores and concentrates,Export,0,0
Lebanon,1999,titanium ores and concentrates,Export,1,2
Lebanon,2000,titanium ores and concentrates,Export,0,0
Lebanon,2001,titanium ores and concentrates,Export,0,0
Lebanon,2002,titanium ores and concentrates,Export,0,0
Lebanon,2003,titanium ores and concentrates,Export,0,0
Lebanon,2004,titanium ores and concentrates,Export,0,0
Lebanon,2005,titanium ores and concentrates,Export,0,0
Lebanon,2006,titanium ores and concentrates,Export,0,24
Lebanon,2007,titanium ores and concentrates,Export,0,0
Lebanon,2008,titanium ores and concentrates,Export,0,0
Lebanon,2009,titanium ores and concentrates,Export,0,0
Lebanon,2010,titanium ores and concentrates,Export,0,0
Lebanon,2011,titanium ores and concentrates,Export,0,0
Lebanon,2012,titanium ores and concentrates,Export,0,0
Lebanon,2013,titanium ores and concentrates,Export,0,0
Lebanon,2014,titanium ores and concentrates,Export,0,0
Lebanon,2015,titanium ores and concentrates,Export,0,0
Lebanon,2016,titanium ores and concentrates,Export,0,0
Lebanon,2017,titanium ores and concentrates,Export,0,0
Lebanon,2018,titanium ores and concentrates,Export,0,0
Lebanon,2019,titanium ores and concentrates,Export,0,0
Lebanon,2020,titanium ores and concentrates,Export,0,0
Lebanon,2021,titanium ores and concentrates,Export,0,0
Lebanon,2022,titanium ores and concentrates,Export,1,4
Lebanon,2023,titanium ores and concentrates,Export,0,0
Lebanon,1992,titanium ores and concentrates,Import,0,0
Lebanon,1993,titanium ores and concentrates,Import,0,0
Lebanon,1994,titanium ores and concentrates,Import,0,0
Lebanon,1995,titanium ores and concentrates,Import,0,0
Lebanon,1996,titanium ores and concentrates,Import,0,0
Lebanon,1997,titanium ores and concentrates,Import,21,21.04
Lebanon,1998,titanium ores and concentrates,Import,21,20.68
Lebanon,1999,titanium ores and concentrates,Import,0,0
Lebanon,2000,titanium ores and concentrates,Import,25.707,16.71
Lebanon,2001,titanium ores and concentrates,Import,0,0
Lebanon,2002,titanium ores and concentrates,Import,22,10.94
Lebanon,2003,titanium ores and concentrates,Import,24,12.67
Lebanon,2004,titanium ores and concentrates,Import,0,0
Lebanon,2005,titanium ores and concentrates,Import,0,0
Lebanon,2006,titanium ores and concentrates,Import,22.687,15.02
Lebanon,2007,titanium ores and concentrates,Import,27,20.29
Lebanon,2008,titanium ores and concentrates,Import,22,18.64
Lebanon,2009,titanium ores and concentrates,Import,27,20.27
Lebanon,2010,titanium ores and concentrates,Import,27,20.27
Lebanon,2011,titanium ores and concentrates,Import,0,0
Lebanon,2012,titanium ores and concentrates,Import,0,0
Lebanon,2013,titanium ores and concentrates,Import,0,0
Lebanon,2014,titanium ores and concentrates,Import,0,0
Lebanon,2015,titanium ores and concentrates,Import,0,0
Lebanon,2016,titanium ores and concentrates,Import,0,0
Lebanon,2017,titanium ores and concentrates,Import,0,0
Lebanon,2018,titanium ores and concentrates,Import,0.025,0.09
Lebanon,2019,titanium ores and concentrates,Import,0.09,0.15
Lebanon,2020,titanium ores and concentrates,Import,0.004,0.02
Lebanon,2021,titanium ores and concentrates,Import,0,0
Lebanon,2022,titanium ores and concentrates,Import,0,0
Lebanon,2023,titanium ores and concentrates,Import,0,0
Lithuania,1992,titanium ores and concentrates,Export,0,0
Lithuania,1993,titanium ores and concentrates,Export,0,0
Lithuania,1994,titanium ores and concentrates,Export,0,0
Lithuania,1995,titanium ores and concentrates,Export,0,0
Lithuania,1996,titanium ores and concentrates,Export,0,0
Lithuania,1997,titanium ores and concentrates,Export,0,0
Lithuania,1998,titanium ores and concentrates,Export,0,0
Lithuania,1999,titanium ores and concentrates,Export,0,0
Lithuania,2000,titanium ores and concentrates,Export,0,0
Lithuania,2001,titanium ores and concentrates,Export,0,0
Lithuania,2002,titanium ores and concentrates,Export,84,9
Lithuania,2003,titanium ores and concentrates,Export,0,0
Lithuania,2004,titanium ores and concentrates,Export,0,0
Lithuania,2005,titanium ores and concentrates,Export,0,0
Lithuania,2006,titanium ores and concentrates,Export,0,8
Lithuania,2007,titanium ores and concentrates,Export,0,0
Lithuania,2008,titanium ores and concentrates,Export,0,0
Lithuania,2009,titanium ores and concentrates,Export,0,0
Lithuania,2010,titanium ores and concentrates,Export,0,0
Lithuania,2011,titanium ores and concentrates,Export,0,0
Lithuania,2012,titanium ores and concentrates,Export,0,0
Lithuania,2013,titanium ores and concentrates,Export,0,0
Lithuania,2014,titanium ores and concentrates,Export,0,0
Lithuania,2015,titanium ores and concentrates,Export,41,40
Lithuania,2016,titanium ores and concentrates,Export,0,0
Lithuania,2017,titanium ores and concentrates,Export,0,0
Lithuania,2018,titanium ores and concentrates,Export,0,0
Lithuania,2019,titanium ores and concentrates,Export,0,0
Lithuania,2020,titanium ores and concentrates,Export,0,0
Lithuania,2021,titanium ores and concentrates,Export,1,10
Lithuania,2022,titanium ores and concentrates,Export,1,10
Lithuania,2023,titanium ores and concentrates,Export,0,0
Lithuania,1992,titanium ores and concentrates,Import,0,0
Lithuania,1993,titanium ores and concentrates,Import,0,0
Lithuania,1994,titanium ores and concentrates,Import,60,36
Lithuania,1995,titanium ores and concentrates,Import,221,130
Lithuania,1996,titanium ores and concentrates,Import,369,280
Lithuania,1997,titanium ores and concentrates,Import,408,272
Lithuania,1998,titanium ores and concentrates,Import,212,128
Lithuania,1999,titanium ores and concentrates,Import,272,131
Lithuania,2000,titanium ores and concentrates,Import,171,97
Lithuania,2001,titanium ores and concentrates,Import,189,112
Lithuania,2002,titanium ores and concentrates,Import,223,137
Lithuania,2003,titanium ores and concentrates,Import,289,178
Lithuania,2004,titanium ores and concentrates,Import,311,201
Lithuania,2005,titanium ores and concentrates,Import,209,145
Lithuania,2006,titanium ores and concentrates,Import,247,175
Lithuania,2007,titanium ores and concentrates,Import,252,180
Lithuania,2008,titanium ores and concentrates,Import,186,153
Lithuania,2009,titanium ores and concentrates,Import,105,88
Lithuania,2010,titanium ores and concentrates,Import,126,105
Lithuania,2011,titanium ores and concentrates,Import,102,118
Lithuania,2012,titanium ores and concentrates,Import,43,89
Lithuania,2013,titanium ores and concentrates,Import,65,89
Lithuania,2014,titanium ores and concentrates,Import,104,114
Lithuania,2015,titanium ores and concentrates,Import,126,119
Lithuania,2016,titanium ores and concentrates,Import,95,83
Lithuania,2017,titanium ores and concentrates,Import,87,78
Lithuania,2018,titanium ores and concentrates,Import,87,97
Lithuania,2019,titanium ores and concentrates,Import,22,28
Lithuania,2020,titanium ores and concentrates,Import,N/A,0
Lithuania,2021,titanium ores and concentrates,Import,N/A,0
Lithuania,2022,titanium ores and concentrates,Import,0,1
Lithuania,2023,titanium ores and concentrates,Import,155,292
Luxembourg,1992,titanium ores and concentrates,Export,0,0
Luxembourg,1993,titanium ores and concentrates,Export,0,0
Luxembourg,1994,titanium ores and concentrates,Export,0,0
Luxembourg,1995,titanium ores and concentrates,Export,0,0
Luxembourg,1996,titanium ores and concentrates,Export,0,0
Luxembourg,1997,titanium ores and concentrates,Export,1049,496
Luxembourg,1998,titanium ores and concentrates,Export,0,0
Luxembourg,1999,titanium ores and concentrates,Export,0,0
Luxembourg,2000,titanium ores and concentrates,Export,0,0
Luxembourg,2001,titanium ores and concentrates,Export,0,6107
Luxembourg,2002,titanium ores and concentrates,Export,212,5097
Luxembourg,2003,titanium ores and concentrates,Export,175,5130
Luxembourg,2004,titanium ores and concentrates,Export,183,5877
Luxembourg,2005,titanium ores and concentrates,Export,800,25477
Luxembourg,2006,titanium ores and concentrates,Export,0,17333
Luxembourg,2007,titanium ores and concentrates,Export,255,11503
Luxembourg,2008,titanium ores and concentrates,Export,146,7251
Luxembourg,2009,titanium ores and concentrates,Export,90,2933
Luxembourg,2010,titanium ores and concentrates,Export,105,3508
Luxembourg,2011,titanium ores and concentrates,Export,133,4965
Luxembourg,2012,titanium ores and concentrates,Export,0,0
Luxembourg,2013,titanium ores and concentrates,Export,0,0
Luxembourg,2014,titanium ores and concentrates,Export,0,0
Luxembourg,2015,titanium ores and concentrates,Export,0,0
Luxembourg,2016,titanium ores and concentrates,Export,0,0
Luxembourg,2017,titanium ores and concentrates,Export,0,0
Luxembourg,2018,titanium ores and concentrates,Export,0,0
Luxembourg,2019,titanium ores and concentrates,Export,0,17
Luxembourg,2020,titanium ores and concentrates,Export,0,0
Luxembourg,2021,titanium ores and concentrates,Export,0,0
Luxembourg,2022,titanium ores and concentrates,Export,0,0
Luxembourg,2023,titanium ores and concentrates,Export,0,0
Luxembourg,1992,titanium ores and concentrates,Import,0,0
Luxembourg,1993,titanium ores and concentrates,Import,0,0
Luxembourg,1994,titanium ores and concentrates,Import,0,0
Luxembourg,1995,titanium ores and concentrates,Import,0,0
Luxembourg,1996,titanium ores and concentrates,Import,0,0
Luxembourg,1997,titanium ores and concentrates,Import,0,0
Luxembourg,1998,titanium ores and concentrates,Import,83119,39274
Luxembourg,1999,titanium ores and concentrates,Import,40,143
Luxembourg,2000,titanium ores and concentrates,Import,5,88
Luxembourg,2001,titanium ores and concentrates,Import,78,958
Luxembourg,2002,titanium ores and concentrates,Import,284,2202
Luxembourg,2003,titanium ores and concentrates,Import,67,485
Luxembourg,2004,titanium ores and concentrates,Import,19,408
Luxembourg,2005,titanium ores and concentrates,Import,453,8862
Luxembourg,2006,titanium ores and concentrates,Import,10,227
Luxembourg,2007,titanium ores and concentrates,Import,17,405
Luxembourg,2008,titanium ores and concentrates,Import,2363,394
Luxembourg,2009,titanium ores and concentrates,Import,1,91
Luxembourg,2010,titanium ores and concentrates,Import,3,200
Luxembourg,2011,titanium ores and concentrates,Import,26,302
Luxembourg,2012,titanium ores and concentrates,Import,2,166
Luxembourg,2013,titanium ores and concentrates,Import,75,650
Luxembourg,2014,titanium ores and concentrates,Import,2,205
Luxembourg,2015,titanium ores and concentrates,Import,2,171
Luxembourg,2016,titanium ores and concentrates,Import,2,205
Luxembourg,2017,titanium ores and concentrates,Import,2,168
Luxembourg,2018,titanium ores and concentrates,Import,1,120
Luxembourg,2019,titanium ores and concentrates,Import,6,243
Luxembourg,2020,titanium ores and concentrates,Import,2,194
Luxembourg,2021,titanium ores and concentrates,Import,1,130
Luxembourg,2022,titanium ores and concentrates,Import,0,0
Luxembourg,2023,titanium ores and concentrates,Import,0,0
Lybia,1992,titanium ores and concentrates,Export,0,0
Lybia,1993,titanium ores and concentrates,Export,0,0
Lybia,1994,titanium ores and concentrates,Export,0,0
Lybia,1995,titanium ores and concentrates,Export,0,0
Lybia,1996,titanium ores and concentrates,Export,0,0
Lybia,1997,titanium ores and concentrates,Export,0,0
Lybia,1998,titanium ores and concentrates,Export,0,0
Lybia,1999,titanium ores and concentrates,Export,0,0
Lybia,2000,titanium ores and concentrates,Export,0,0
Lybia,2001,titanium ores and concentrates,Export,0,0
Lybia,2002,titanium ores and concentrates,Export,0,0
Lybia,2003,titanium ores and concentrates,Export,0,0
Lybia,2004,titanium ores and concentrates,Export,0,0
Lybia,2005,titanium ores and concentrates,Export,0,0
Lybia,2006,titanium ores and concentrates,Export,0,0
Lybia,2007,titanium ores and concentrates,Export,0,0
Lybia,2008,titanium ores and concentrates,Export,0,0
Lybia,2009,titanium ores and concentrates,Export,0,0
Lybia,2010,titanium ores and concentrates,Export,0,0
Lybia,2011,titanium ores and concentrates,Export,0,0
Lybia,2012,titanium ores and concentrates,Export,0,0
Lybia,2013,titanium ores and concentrates,Export,0,0
Lybia,2014,titanium ores and concentrates,Export,0,0
Lybia,2015,titanium ores and concentrates,Export,0,0
Lybia,2016,titanium ores and concentrates,Export,0,0
Lybia,2017,titanium ores and concentrates,Export,0,0
Lybia,2018,titanium ores and concentrates,Export,0,0
Lybia,2019,titanium ores and concentrates,Export,0,0
Lybia,2020,titanium ores and concentrates,Export,0,0
Lybia,2021,titanium ores and concentrates,Export,0,0
Lybia,2022,titanium ores and concentrates,Export,0,0
Lybia,2023,titanium ores and concentrates,Export,0,0
Lybia,1992,titanium ores and concentrates,Import,0,0
Lybia,1993,titanium ores and concentrates,Import,0,0
Lybia,1994,titanium ores and concentrates,Import,0,0
Lybia,1995,titanium ores and concentrates,Import,0,0
Lybia,1996,titanium ores and concentrates,Import,0,0
Lybia,1997,titanium ores and concentrates,Import,0,0
Lybia,1998,titanium ores and concentrates,Import,0,0
Lybia,1999,titanium ores and concentrates,Import,0,0
Lybia,2000,titanium ores and concentrates,Import,0,0
Lybia,2001,titanium ores and concentrates,Import,0,0
Lybia,2002,titanium ores and concentrates,Import,0,0
Lybia,2003,titanium ores and concentrates,Import,0,0
Lybia,2004,titanium ores and concentrates,Import,0,0
Lybia,2005,titanium ores and concentrates,Import,0,0
Lybia,2006,titanium ores and concentrates,Import,0,0
Lybia,2007,titanium ores and concentrates,Import,241.864,384.25
Lybia,2008,titanium ores and concentrates,Import,0,0
Lybia,2009,titanium ores and concentrates,Import,0,0
Lybia,2010,titanium ores and concentrates,Import,1.288,10.18
Lybia,2011,titanium ores and concentrates,Import,0,0
Lybia,2012,titanium ores and concentrates,Import,0,0
Lybia,2013,titanium ores and concentrates,Import,0,0
Lybia,2014,titanium ores and concentrates,Import,0,0
Lybia,2015,titanium ores and concentrates,Import,0,0
Lybia,2016,titanium ores and concentrates,Import,0,0
Lybia,2017,titanium ores and concentrates,Import,0,0
Lybia,2018,titanium ores and concentrates,Import,0,0
Lybia,2019,titanium ores and concentrates,Import,0,0
Lybia,2020,titanium ores and concentrates,Import,0,0
Lybia,2021,titanium ores and concentrates,Import,0,0
Lybia,2022,titanium ores and concentrates,Import,0,0
Lybia,2023,titanium ores and concentrates,Import,0,0
Madagascar,1992,titanium ores and concentrates,Export,0,0
Madagascar,1993,titanium ores and concentrates,Export,0,0
Madagascar,1994,titanium ores and concentrates,Export,0,0
Madagascar,1995,titanium ores and concentrates,Export,0,0
Madagascar,1996,titanium ores and concentrates,Export,0,0
Madagascar,1997,titanium ores and concentrates,Export,0,0
Madagascar,1998,titanium ores and concentrates,Export,72873,7431
Madagascar,1999,titanium ores and concentrates,Export,0,0
Madagascar,2000,titanium ores and concentrates,Export,0,0
Madagascar,2001,titanium ores and concentrates,Export,0,0
Madagascar,2002,titanium ores and concentrates,Export,0,0
Madagascar,2003,titanium ores and concentrates,Export,0,0
Madagascar,2004,titanium ores and concentrates,Export,0,0
Madagascar,2005,titanium ores and concentrates,Export,18,0
Madagascar,2006,titanium ores and concentrates,Export,0,1
Madagascar,2007,titanium ores and concentrates,Export,0,0
Madagascar,2008,titanium ores and concentrates,Export,18320,550
Madagascar,2009,titanium ores and concentrates,Export,12397,982
Madagascar,2010,titanium ores and concentrates,Export,290484,35822
Madagascar,2011,titanium ores and concentrates,Export,532785,74382
Madagascar,2012,titanium ores and concentrates,Export,527564,71092
Madagascar,2013,titanium ores and concentrates,Export,480464,68485
Madagascar,2014,titanium ores and concentrates,Export,310986,60283
Madagascar,2015,titanium ores and concentrates,Export,177305,31873
Madagascar,2016,titanium ores and concentrates,Export,222227,40327
Madagascar,2017,titanium ores and concentrates,Export,462856,86221
Madagascar,2018,titanium ores and concentrates,Export,380521,72769
Madagascar,2019,titanium ores and concentrates,Export,461841,94848
Madagascar,2020,titanium ores and concentrates,Export,472050,106961
Madagascar,2021,titanium ores and concentrates,Export,570575,138931
Madagascar,2022,titanium ores and concentrates,Export,537914,138082
Madagascar,2023,titanium ores and concentrates,Export,613215,172015
Madagascar,1992,titanium ores and concentrates,Import,0,0
Madagascar,1993,titanium ores and concentrates,Import,0,0
Madagascar,1994,titanium ores and concentrates,Import,0,0
Madagascar,1995,titanium ores and concentrates,Import,0,0
Madagascar,1996,titanium ores and concentrates,Import,0,0
Madagascar,1997,titanium ores and concentrates,Import,0,0
Madagascar,1998,titanium ores and concentrates,Import,0,0
Madagascar,1999,titanium ores and concentrates,Import,0,0
Madagascar,2000,titanium ores and concentrates,Import,0,0
Madagascar,2001,titanium ores and concentrates,Import,0,0
Madagascar,2002,titanium ores and concentrates,Import,0,0
Madagascar,2003,titanium ores and concentrates,Import,0,0
Madagascar,2004,titanium ores and concentrates,Import,0,0
Madagascar,2005,titanium ores and concentrates,Import,0,0
Madagascar,2006,titanium ores and concentrates,Import,0,0
Madagascar,2007,titanium ores and concentrates,Import,0,0
Madagascar,2008,titanium ores and concentrates,Import,0,0
Madagascar,2009,titanium ores and concentrates,Import,0,0
Madagascar,2010,titanium ores and concentrates,Import,0,0
Madagascar,2011,titanium ores and concentrates,Import,0,0
Madagascar,2012,titanium ores and concentrates,Import,0,0
Madagascar,2013,titanium ores and concentrates,Import,0,1
Madagascar,2014,titanium ores and concentrates,Import,0,3
Madagascar,2015,titanium ores and concentrates,Import,0,0
Madagascar,2016,titanium ores and concentrates,Import,N/A,0
Madagascar,2017,titanium ores and concentrates,Import,0,0
Madagascar,2018,titanium ores and concentrates,Import,0,0
Madagascar,2019,titanium ores and concentrates,Import,0,0
Madagascar,2020,titanium ores and concentrates,Import,0,0
Madagascar,2021,titanium ores and concentrates,Import,0,2
Madagascar,2022,titanium ores and concentrates,Import,0,0
Madagascar,2023,titanium ores and concentrates,Import,0,0
Malaysia,1992,titanium ores and concentrates,Export,158051,13615
Malaysia,1993,titanium ores and concentrates,Export,132543,9805
Malaysia,1994,titanium ores and concentrates,Export,157290,11704
Malaysia,1995,titanium ores and concentrates,Export,180953,15066
Malaysia,1996,titanium ores and concentrates,Export,116243,11013
Malaysia,1997,titanium ores and concentrates,Export,146614,12390
Malaysia,1998,titanium ores and concentrates,Export,0,0
Malaysia,1999,titanium ores and concentrates,Export,121125,10375
Malaysia,2000,titanium ores and concentrates,Export,102473,11327
Malaysia,2001,titanium ores and concentrates,Export,0,0
Malaysia,2002,titanium ores and concentrates,Export,119583,8998
Malaysia,2003,titanium ores and concentrates,Export,74,4605
Malaysia,2004,titanium ores and concentrates,Export,20847,1952
Malaysia,2005,titanium ores and concentrates,Export,22279,2005
Malaysia,2006,titanium ores and concentrates,Export,1057,521
Malaysia,2007,titanium ores and concentrates,Export,46155,5059
Malaysia,2008,titanium ores and concentrates,Export,38619,4175
Malaysia,2009,titanium ores and concentrates,Export,13879,2645
Malaysia,2010,titanium ores and concentrates,Export,31615,3566
Malaysia,2011,titanium ores and concentrates,Export,22414,4381
Malaysia,2012,titanium ores and concentrates,Export,7844,4882
Malaysia,2013,titanium ores and concentrates,Export,7341,3611
Malaysia,2014,titanium ores and concentrates,Export,1318,2492
Malaysia,2015,titanium ores and concentrates,Export,2328,1319
Malaysia,2016,titanium ores and concentrates,Export,30425,5156
Malaysia,2017,titanium ores and concentrates,Export,29039,4158
Malaysia,2018,titanium ores and concentrates,Export,16965,4278
Malaysia,2019,titanium ores and concentrates,Export,21721,3717
Malaysia,2020,titanium ores and concentrates,Export,13969,4399
Malaysia,2021,titanium ores and concentrates,Export,12809,6005
Malaysia,2022,titanium ores and concentrates,Export,31229,31939
Malaysia,2023,titanium ores and concentrates,Export,36851,53393
Malaysia,1992,titanium ores and concentrates,Import,16714,1716
Malaysia,1993,titanium ores and concentrates,Import,0,0
Malaysia,1994,titanium ores and concentrates,Import,0,0
Malaysia,1995,titanium ores and concentrates,Import,83000,9644
Malaysia,1996,titanium ores and concentrates,Import,0,0
Malaysia,1997,titanium ores and concentrates,Import,0,0
Malaysia,1998,titanium ores and concentrates,Import,0,0
Malaysia,1999,titanium ores and concentrates,Import,126307,11927
Malaysia,2000,titanium ores and concentrates,Import,111430,12099
Malaysia,2001,titanium ores and concentrates,Import,N/A,11940
Malaysia,2002,titanium ores and concentrates,Import,113858,11380
Malaysia,2003,titanium ores and concentrates,Import,157,11849
Malaysia,2004,titanium ores and concentrates,Import,127289,11454
Malaysia,2005,titanium ores and concentrates,Import,114273,12448
Malaysia,2006,titanium ores and concentrates,Import,149837,14886
Malaysia,2007,titanium ores and concentrates,Import,142330,14097
Malaysia,2008,titanium ores and concentrates,Import,64430,24284
Malaysia,2009,titanium ores and concentrates,Import,132669,19600
Malaysia,2010,titanium ores and concentrates,Import,152433,17298
Malaysia,2011,titanium ores and concentrates,Import,74839,27452
Malaysia,2012,titanium ores and concentrates,Import,47240,35574
Malaysia,2013,titanium ores and concentrates,Import,72531,25508
Malaysia,2014,titanium ores and concentrates,Import,121471,28722
Malaysia,2015,titanium ores and concentrates,Import,114949,19662
Malaysia,2016,titanium ores and concentrates,Import,142769,20018
Malaysia,2017,titanium ores and concentrates,Import,N/A,24262
Malaysia,2018,titanium ores and concentrates,Import,130502,29946
Malaysia,2019,titanium ores and concentrates,Import,102335,23571
Malaysia,2020,titanium ores and concentrates,Import,N/A,54554
Malaysia,2021,titanium ores and concentrates,Import,115188,57198
Malaysia,2022,titanium ores and concentrates,Import,147364,122848
Malaysia,2023,titanium ores and concentrates,Import,96809,72704
Malawi,1992,titanium ores and concentrates,Export,0,0
Malawi,1993,titanium ores and concentrates,Export,0,0
Malawi,1994,titanium ores and concentrates,Export,0,0
Malawi,1995,titanium ores and concentrates,Export,0,0
Malawi,1996,titanium ores and concentrates,Export,0,0
Malawi,1997,titanium ores and concentrates,Export,0,0
Malawi,1998,titanium ores and concentrates,Export,0,0
Malawi,1999,titanium ores and concentrates,Export,0,0
Malawi,2000,titanium ores and concentrates,Export,0,0
Malawi,2001,titanium ores and concentrates,Export,N/A,17499
Malawi,2002,titanium ores and concentrates,Export,0,0
Malawi,2003,titanium ores and concentrates,Export,0,0
Malawi,2004,titanium ores and concentrates,Export,1,0
Malawi,2005,titanium ores and concentrates,Export,0,0
Malawi,2006,titanium ores and concentrates,Export,0,0
Malawi,2007,titanium ores and concentrates,Export,0,0
Malawi,2008,titanium ores and concentrates,Export,0,0
Malawi,2009,titanium ores and concentrates,Export,0,0
Malawi,2010,titanium ores and concentrates,Export,0,0
Malawi,2011,titanium ores and concentrates,Export,0,0
Malawi,2012,titanium ores and concentrates,Export,0,0
Malawi,2013,titanium ores and concentrates,Export,0,0
Malawi,2014,titanium ores and concentrates,Export,0,0
Malawi,2015,titanium ores and concentrates,Export,0,0
Malawi,2016,titanium ores and concentrates,Export,0,0
Malawi,2017,titanium ores and concentrates,Export,0,0
Malawi,2018,titanium ores and concentrates,Export,0,0
Malawi,2019,titanium ores and concentrates,Export,0,0
Malawi,2020,titanium ores and concentrates,Export,0,0
Malawi,2021,titanium ores and concentrates,Export,0,0
Malawi,2022,titanium ores and concentrates,Export,0,0
Malawi,2023,titanium ores and concentrates,Export,0,0
Malawi,1992,titanium ores and concentrates,Import,0,0
Malawi,1993,titanium ores and concentrates,Import,72768,5351
Malawi,1994,titanium ores and concentrates,Import,71591,5769
Malawi,1995,titanium ores and concentrates,Import,0,0
Malawi,1996,titanium ores and concentrates,Import,117628,16777
Malawi,1997,titanium ores and concentrates,Import,132420,14160
Malawi,1998,titanium ores and concentrates,Import,93523,9377
Malawi,1999,titanium ores and concentrates,Import,0,0
Malawi,2000,titanium ores and concentrates,Import,0,0
Malawi,2001,titanium ores and concentrates,Import,0,0
Malawi,2002,titanium ores and concentrates,Import,0,0
Malawi,2003,titanium ores and concentrates,Import,0,0
Malawi,2004,titanium ores and concentrates,Import,0,0
Malawi,2005,titanium ores and concentrates,Import,0,0
Malawi,2006,titanium ores and concentrates,Import,0,0
Malawi,2007,titanium ores and concentrates,Import,0,0
Malawi,2008,titanium ores and concentrates,Import,0,0
Malawi,2009,titanium ores and concentrates,Import,0,0
Malawi,2010,titanium ores and concentrates,Import,0,0
Malawi,2011,titanium ores and concentrates,Import,0,0
Malawi,2012,titanium ores and concentrates,Import,0,0
Malawi,2013,titanium ores and concentrates,Import,0,0
Malawi,2014,titanium ores and concentrates,Import,0,0
Malawi,2015,titanium ores and concentrates,Import,0,0
Malawi,2016,titanium ores and concentrates,Import,0,0
Malawi,2017,titanium ores and concentrates,Import,0,0
Malawi,2018,titanium ores and concentrates,Import,1,0
Malawi,2019,titanium ores and concentrates,Import,5,6
Malawi,2020,titanium ores and concentrates,Import,0,0
Malawi,2021,titanium ores and concentrates,Import,0,0
Malawi,2022,titanium ores and concentrates,Import,0,0
Malawi,2023,titanium ores and concentrates,Import,0,0
Mexico,1992,titanium ores and concentrates,Export,0,1
Mexico,1993,titanium ores and concentrates,Export,0,0
Mexico,1994,titanium ores and concentrates,Export,0,0
Mexico,1995,titanium ores and concentrates,Export,42,96
Mexico,1996,titanium ores and concentrates,Export,0,0
Mexico,1997,titanium ores and concentrates,Export,0,2
Mexico,1998,titanium ores and concentrates,Export,0,0
Mexico,1999,titanium ores and concentrates,Export,0,0
Mexico,2000,titanium ores and concentrates,Export,0,0
Mexico,2001,titanium ores and concentrates,Export,0,0
Mexico,2002,titanium ores and concentrates,Export,0,0
Mexico,2003,titanium ores and concentrates,Export,8,25
Mexico,2004,titanium ores and concentrates,Export,19,15
Mexico,2005,titanium ores and concentrates,Export,0,0
Mexico,2006,titanium ores and concentrates,Export,0,2
Mexico,2007,titanium ores and concentrates,Export,139,218
Mexico,2008,titanium ores and concentrates,Export,306,352
Mexico,2009,titanium ores and concentrates,Export,303,295
Mexico,2010,titanium ores and concentrates,Export,104,104
Mexico,2011,titanium ores and concentrates,Export,7051,8289
Mexico,2012,titanium ores and concentrates,Export,23475,5128
Mexico,2013,titanium ores and concentrates,Export,15243,3367
Mexico,2014,titanium ores and concentrates,Export,0,0
Mexico,2015,titanium ores and concentrates,Export,N/A,1073
Mexico,2016,titanium ores and concentrates,Export,0,0
Mexico,2017,titanium ores and concentrates,Export,1910,1143
Mexico,2018,titanium ores and concentrates,Export,433,342
Mexico,2019,titanium ores and concentrates,Export,354,325
Mexico,2020,titanium ores and concentrates,Export,0,0
Mexico,2021,titanium ores and concentrates,Export,0,0
Mexico,2022,titanium ores and concentrates,Export,0,0
Mexico,2023,titanium ores and concentrates,Export,0,0
Mexico,1992,titanium ores and concentrates,Import,73561,4497
Mexico,1993,titanium ores and concentrates,Import,92761,5828
Mexico,1994,titanium ores and concentrates,Import,113442,14762
Mexico,1995,titanium ores and concentrates,Import,127723,14773
Mexico,1996,titanium ores and concentrates,Import,143962,12064
Mexico,1997,titanium ores and concentrates,Import,119903,13410
Mexico,1998,titanium ores and concentrates,Import,176229,15303
Mexico,1999,titanium ores and concentrates,Import,169736,17439
Mexico,2000,titanium ores and concentrates,Import,238079,21286
Mexico,2001,titanium ores and concentrates,Import,100451,13005
Mexico,2002,titanium ores and concentrates,Import,168273,20727
Mexico,2003,titanium ores and concentrates,Import,244836,25559
Mexico,2004,titanium ores and concentrates,Import,258299,31277
Mexico,2005,titanium ores and concentrates,Import,224560,32219
Mexico,2006,titanium ores and concentrates,Import,203399,29730
Mexico,2007,titanium ores and concentrates,Import,190094,41554
Mexico,2008,titanium ores and concentrates,Import,107626,23048
Mexico,2009,titanium ores and concentrates,Import,64747,32292
Mexico,2010,titanium ores and concentrates,Import,112820,50134
Mexico,2011,titanium ores and concentrates,Import,80040,26157
Mexico,2012,titanium ores and concentrates,Import,87860,50412
Mexico,2013,titanium ores and concentrates,Import,104165,37244
Mexico,2014,titanium ores and concentrates,Import,N/A,24139
Mexico,2015,titanium ores and concentrates,Import,N/A,29480
Mexico,2016,titanium ores and concentrates,Import,N/A,21884
Mexico,2017,titanium ores and concentrates,Import,81883,60881
Mexico,2018,titanium ores and concentrates,Import,N/A,48889
Mexico,2019,titanium ores and concentrates,Import,34229,39879
Mexico,2020,titanium ores and concentrates,Import,N/A,46794
Mexico,2021,titanium ores and concentrates,Import,28326,11038
Mexico,2022,titanium ores and concentrates,Import,44301,21732
Mexico,2023,titanium ores and concentrates,Import,3277,6890
Moldova,1992,titanium ores and concentrates,Export,0,0
Moldova,1993,titanium ores and concentrates,Export,0,0
Moldova,1994,titanium ores and concentrates,Export,0,0
Moldova,1995,titanium ores and concentrates,Export,0,0
Moldova,1996,titanium ores and concentrates,Export,0,0
Moldova,1997,titanium ores and concentrates,Export,0,0
Moldova,1998,titanium ores and concentrates,Export,0,0
Moldova,1999,titanium ores and concentrates,Export,0,0
Moldova,2000,titanium ores and concentrates,Export,0,0
Moldova,2001,titanium ores and concentrates,Export,0,0
Moldova,2002,titanium ores and concentrates,Export,80,38
Moldova,2003,titanium ores and concentrates,Export,1906,935
Moldova,2004,titanium ores and concentrates,Export,3441,1737
Moldova,2005,titanium ores and concentrates,Export,196,104
Moldova,2006,titanium ores and concentrates,Export,0,0
Moldova,2007,titanium ores and concentrates,Export,76,39
Moldova,2008,titanium ores and concentrates,Export,0,0
Moldova,2009,titanium ores and concentrates,Export,0,0
Moldova,2010,titanium ores and concentrates,Export,0,0
Moldova,2011,titanium ores and concentrates,Export,0,0
Moldova,2012,titanium ores and concentrates,Export,0,0
Moldova,2013,titanium ores and concentrates,Export,0,0
Moldova,2014,titanium ores and concentrates,Export,0,0
Moldova,2015,titanium ores and concentrates,Export,0,0
Moldova,2016,titanium ores and concentrates,Export,0,0
Moldova,2017,titanium ores and concentrates,Export,0,0
Moldova,2018,titanium ores and concentrates,Export,0,0
Moldova,2019,titanium ores and concentrates,Export,0,0
Moldova,2020,titanium ores and concentrates,Export,0,0
Moldova,2021,titanium ores and concentrates,Export,0,0
Moldova,2022,titanium ores and concentrates,Export,0,0
Moldova,2023,titanium ores and concentrates,Export,0,0
Moldova,1992,titanium ores and concentrates,Import,0,0
Moldova,1993,titanium ores and concentrates,Import,0,0
Moldova,1994,titanium ores and concentrates,Import,0,0
Moldova,1995,titanium ores and concentrates,Import,0,0
Moldova,1996,titanium ores and concentrates,Import,0,0
Moldova,1997,titanium ores and concentrates,Import,0,0
Moldova,1998,titanium ores and concentrates,Import,4,3
Moldova,1999,titanium ores and concentrates,Import,0,0
Moldova,2000,titanium ores and concentrates,Import,0,0
Moldova,2001,titanium ores and concentrates,Import,0,0
Moldova,2002,titanium ores and concentrates,Import,268,92
Moldova,2003,titanium ores and concentrates,Import,1831,614
Moldova,2004,titanium ores and concentrates,Import,3524,1258
Moldova,2005,titanium ores and concentrates,Import,0,0
Moldova,2006,titanium ores and concentrates,Import,0,0
Moldova,2007,titanium ores and concentrates,Import,0,0
Moldova,2008,titanium ores and concentrates,Import,0,0
Moldova,2009,titanium ores and concentrates,Import,0,0
Moldova,2010,titanium ores and concentrates,Import,0,0
Moldova,2011,titanium ores and concentrates,Import,0,0
Moldova,2012,titanium ores and concentrates,Import,0,0
Moldova,2013,titanium ores and concentrates,Import,0,0
Moldova,2014,titanium ores and concentrates,Import,0,0
Moldova,2015,titanium ores and concentrates,Import,0,0
Moldova,2016,titanium ores and concentrates,Import,15,16
Moldova,2017,titanium ores and concentrates,Import,11,13
Moldova,2018,titanium ores and concentrates,Import,0,0
Moldova,2019,titanium ores and concentrates,Import,0,0
Moldova,2020,titanium ores and concentrates,Import,0,0
Moldova,2021,titanium ores and concentrates,Import,0,0
Moldova,2022,titanium ores and concentrates,Import,0,0
Moldova,2023,titanium ores and concentrates,Import,0,0
Montenegro,1992,titanium ores and concentrates,Export,0,0
Montenegro,1993,titanium ores and concentrates,Export,0,0
Montenegro,1994,titanium ores and concentrates,Export,0,0
Montenegro,1995,titanium ores and concentrates,Export,0,0
Montenegro,1996,titanium ores and concentrates,Export,0,0
Montenegro,1997,titanium ores and concentrates,Export,0,0
Montenegro,1998,titanium ores and concentrates,Export,0,0
Montenegro,1999,titanium ores and concentrates,Export,0,0
Montenegro,2000,titanium ores and concentrates,Export,0,0
Montenegro,2001,titanium ores and concentrates,Export,0,0
Montenegro,2002,titanium ores and concentrates,Export,0,0
Montenegro,2003,titanium ores and concentrates,Export,0,0
Montenegro,2004,titanium ores and concentrates,Export,0,0
Montenegro,2005,titanium ores and concentrates,Export,0,0
Montenegro,2006,titanium ores and concentrates,Export,0,0
Montenegro,2007,titanium ores and concentrates,Export,0,0
Montenegro,2008,titanium ores and concentrates,Export,0,0
Montenegro,2009,titanium ores and concentrates,Export,0,0
Montenegro,2010,titanium ores and concentrates,Export,0,0
Montenegro,2011,titanium ores and concentrates,Export,0,0
Montenegro,2012,titanium ores and concentrates,Export,0,0
Montenegro,2013,titanium ores and concentrates,Export,0,0
Montenegro,2014,titanium ores and concentrates,Export,0,0
Montenegro,2015,titanium ores and concentrates,Export,0,0
Montenegro,2016,titanium ores and concentrates,Export,0,0
Montenegro,2017,titanium ores and concentrates,Export,0,0
Montenegro,2018,titanium ores and concentrates,Export,0,0
Montenegro,2019,titanium ores and concentrates,Export,0,0
Montenegro,2020,titanium ores and concentrates,Export,0,0
Montenegro,2021,titanium ores and concentrates,Export,0,0
Montenegro,2022,titanium ores and concentrates,Export,0,0
Montenegro,2023,titanium ores and concentrates,Export,0,0
Montenegro,1992,titanium ores and concentrates,Import,0,0
Montenegro,1993,titanium ores and concentrates,Import,0,0
Montenegro,1994,titanium ores and concentrates,Import,0,0
Montenegro,1995,titanium ores and concentrates,Import,0,0
Montenegro,1996,titanium ores and concentrates,Import,0,0
Montenegro,1997,titanium ores and concentrates,Import,0,0
Montenegro,1998,titanium ores and concentrates,Import,0,0
Montenegro,1999,titanium ores and concentrates,Import,0,0
Montenegro,2000,titanium ores and concentrates,Import,0,0
Montenegro,2001,titanium ores and concentrates,Import,0,0
Montenegro,2002,titanium ores and concentrates,Import,0,0
Montenegro,2003,titanium ores and concentrates,Import,0,0
Montenegro,2004,titanium ores and concentrates,Import,0,0
Montenegro,2005,titanium ores and concentrates,Import,0,0
Montenegro,2006,titanium ores and concentrates,Import,94,77
Montenegro,2007,titanium ores and concentrates,Import,75,62
Montenegro,2008,titanium ores and concentrates,Import,48,41
Montenegro,2009,titanium ores and concentrates,Import,20,16
Montenegro,2010,titanium ores and concentrates,Import,31,28
Montenegro,2011,titanium ores and concentrates,Import,15,26
Montenegro,2012,titanium ores and concentrates,Import,0,0
Montenegro,2013,titanium ores and concentrates,Import,0,0
Montenegro,2014,titanium ores and concentrates,Import,0,0
Montenegro,2015,titanium ores and concentrates,Import,0,0
Montenegro,2016,titanium ores and concentrates,Import,0,0
Montenegro,2017,titanium ores and concentrates,Import,0,0
Montenegro,2018,titanium ores and concentrates,Import,0,0
Montenegro,2019,titanium ores and concentrates,Import,0,0
Montenegro,2020,titanium ores and concentrates,Import,0,0
Montenegro,2021,titanium ores and concentrates,Import,0,0
Montenegro,2022,titanium ores and concentrates,Import,0,0
Montenegro,2023,titanium ores and concentrates,Import,0,0
Morocco,1992,titanium ores and concentrates,Export,0,0
Morocco,1993,titanium ores and concentrates,Export,0,0
Morocco,1994,titanium ores and concentrates,Export,0,0
Morocco,1995,titanium ores and concentrates,Export,0,0
Morocco,1996,titanium ores and concentrates,Export,0,0
Morocco,1997,titanium ores and concentrates,Export,0,0
Morocco,1998,titanium ores and concentrates,Export,0,0
Morocco,1999,titanium ores and concentrates,Export,0,0
Morocco,2000,titanium ores and concentrates,Export,0,0
Morocco,2001,titanium ores and concentrates,Export,0,0
Morocco,2002,titanium ores and concentrates,Export,0,0
Morocco,2003,titanium ores and concentrates,Export,0,0
Morocco,2004,titanium ores and concentrates,Export,0,0
Morocco,2005,titanium ores and concentrates,Export,0,0
Morocco,2006,titanium ores and concentrates,Export,0,0
Morocco,2007,titanium ores and concentrates,Export,0,0
Morocco,2008,titanium ores and concentrates,Export,0,0
Morocco,2009,titanium ores and concentrates,Export,0,0
Morocco,2010,titanium ores and concentrates,Export,0,0
Morocco,2011,titanium ores and concentrates,Export,0,0
Morocco,2012,titanium ores and concentrates,Export,0,0
Morocco,2013,titanium ores and concentrates,Export,0,0
Morocco,2014,titanium ores and concentrates,Export,0,0
Morocco,2015,titanium ores and concentrates,Export,0,0
Morocco,2016,titanium ores and concentrates,Export,0,0
Morocco,2017,titanium ores and concentrates,Export,0,0
Morocco,2018,titanium ores and concentrates,Export,0,0
Morocco,2019,titanium ores and concentrates,Export,0,0
Morocco,2020,titanium ores and concentrates,Export,0,0
Morocco,2021,titanium ores and concentrates,Export,0,0
Morocco,2022,titanium ores and concentrates,Export,0,0
Morocco,2023,titanium ores and concentrates,Export,18.176,1.54
Morocco,1992,titanium ores and concentrates,Import,0,0
Morocco,1993,titanium ores and concentrates,Import,N/A,249
Morocco,1994,titanium ores and concentrates,Import,210,218
Morocco,1995,titanium ores and concentrates,Import,168,203
Morocco,1996,titanium ores and concentrates,Import,174,245
Morocco,1997,titanium ores and concentrates,Import,217,267
Morocco,1998,titanium ores and concentrates,Import,303,331
Morocco,1999,titanium ores and concentrates,Import,376,375
Morocco,2000,titanium ores and concentrates,Import,339,258
Morocco,2001,titanium ores and concentrates,Import,428,258
Morocco,2002,titanium ores and concentrates,Import,385,204
Morocco,2003,titanium ores and concentrates,Import,398,234
Morocco,2004,titanium ores and concentrates,Import,316,208
Morocco,2005,titanium ores and concentrates,Import,438,349
Morocco,2006,titanium ores and concentrates,Import,263,209
Morocco,2007,titanium ores and concentrates,Import,445,370
Morocco,2008,titanium ores and concentrates,Import,472,397
Morocco,2009,titanium ores and concentrates,Import,332,297
Morocco,2010,titanium ores and concentrates,Import,461,401
Morocco,2011,titanium ores and concentrates,Import,938,1218
Morocco,2012,titanium ores and concentrates,Import,700,1629
Morocco,2013,titanium ores and concentrates,Import,648,1001
Morocco,2014,titanium ores and concentrates,Import,616,743
Morocco,2015,titanium ores and concentrates,Import,1137,1320
Morocco,2016,titanium ores and concentrates,Import,611,575
Morocco,2017,titanium ores and concentrates,Import,827,814
Morocco,2018,titanium ores and concentrates,Import,697,819
Morocco,2019,titanium ores and concentrates,Import,697,971
Morocco,2020,titanium ores and concentrates,Import,466,676
Morocco,2021,titanium ores and concentrates,Import,795,1246
Morocco,2022,titanium ores and concentrates,Import,625,1450
Morocco,2023,titanium ores and concentrates,Import,496,1084
Mozambique,1992,titanium ores and concentrates,Export,0,0
Mozambique,1993,titanium ores and concentrates,Export,0,0
Mozambique,1994,titanium ores and concentrates,Export,0,0
Mozambique,1995,titanium ores and concentrates,Export,0,0
Mozambique,1996,titanium ores and concentrates,Export,0,0
Mozambique,1997,titanium ores and concentrates,Export,0,0
Mozambique,1998,titanium ores and concentrates,Export,0,0
Mozambique,1999,titanium ores and concentrates,Export,0,0
Mozambique,2000,titanium ores and concentrates,Export,0,0
Mozambique,2001,titanium ores and concentrates,Export,N/A,0
Mozambique,2002,titanium ores and concentrates,Export,0,0
Mozambique,2003,titanium ores and concentrates,Export,52.185,2.56
Mozambique,2004,titanium ores and concentrates,Export,51.061,9.1
Mozambique,2005,titanium ores and concentrates,Export,0,0
Mozambique,2006,titanium ores and concentrates,Export,0,0
Mozambique,2007,titanium ores and concentrates,Export,12442.3,5133.69
Mozambique,2008,titanium ores and concentrates,Export,69423.3,28803.71
Mozambique,2009,titanium ores and concentrates,Export,83631.1,43810.98
Mozambique,2010,titanium ores and concentrates,Export,35317.7,19709.1
Mozambique,2011,titanium ores and concentrates,Export,993843,121975
Mozambique,2012,titanium ores and concentrates,Export,927816,211504.79
Mozambique,2013,titanium ores and concentrates,Export,1126930,126559.42
Mozambique,2014,titanium ores and concentrates,Export,89993400,134307.16
Mozambique,2015,titanium ores and concentrates,Export,484255,110122.9
Mozambique,2016,titanium ores and concentrates,Export,N/A,138945.13
Mozambique,2017,titanium ores and concentrates,Export,920000,156548.15
Mozambique,2018,titanium ores and concentrates,Export,1200350,193233.61
Mozambique,2019,titanium ores and concentrates,Export,1096010,199307.81
Mozambique,2020,titanium ores and concentrates,Export,1119260,188259.05
Mozambique,2021,titanium ores and concentrates,Export,1227900,372614.21
Mozambique,2022,titanium ores and concentrates,Export,N/A,406767.93
Mozambique,2023,titanium ores and concentrates,Export,1279410,371759
Mozambique,1992,titanium ores and concentrates,Import,0,0
Mozambique,1993,titanium ores and concentrates,Import,0,0
Mozambique,1994,titanium ores and concentrates,Import,0,0
Mozambique,1995,titanium ores and concentrates,Import,0,0
Mozambique,1996,titanium ores and concentrates,Import,0,0
Mozambique,1997,titanium ores and concentrates,Import,0,0
Mozambique,1998,titanium ores and concentrates,Import,0,0
Mozambique,1999,titanium ores and concentrates,Import,0,0
Mozambique,2000,titanium ores and concentrates,Import,0,0
Mozambique,2001,titanium ores and concentrates,Import,0,0
Mozambique,2002,titanium ores and concentrates,Import,0,0
Mozambique,2003,titanium ores and concentrates,Import,5,15.93
Mozambique,2004,titanium ores and concentrates,Import,0.04,0.75
Mozambique,2005,titanium ores and concentrates,Import,0,0.08
Mozambique,2006,titanium ores and concentrates,Import,N/A,6.73
Mozambique,2007,titanium ores and concentrates,Import,N/A,0.1
Mozambique,2008,titanium ores and concentrates,Import,0,0
Mozambique,2009,titanium ores and concentrates,Import,0,0
Mozambique,2010,titanium ores and concentrates,Import,0,0
Mozambique,2011,titanium ores and concentrates,Import,0,0
Mozambique,2012,titanium ores and concentrates,Import,0,0
Mozambique,2013,titanium ores and concentrates,Import,0,0
Mozambique,2014,titanium ores and concentrates,Import,0,0
Mozambique,2015,titanium ores and concentrates,Import,0,0
Mozambique,2016,titanium ores and concentrates,Import,6.313,24.03
Mozambique,2017,titanium ores and concentrates,Import,8.85384,29.91
Mozambique,2018,titanium ores and concentrates,Import,4.466,19.85
Mozambique,2019,titanium ores and concentrates,Import,0,0
Mozambique,2020,titanium ores and concentrates,Import,2,5.39
Mozambique,2021,titanium ores and concentrates,Import,0,0
Mozambique,2022,titanium ores and concentrates,Import,0,0
Mozambique,2023,titanium ores and concentrates,Import,0,0
Netherlands,1992,titanium ores and concentrates,Export,42413.1,16495.47
Netherlands,1993,titanium ores and concentrates,Export,64552.5,8898.47
Netherlands,1994,titanium ores and concentrates,Export,12704.6,4677.42
Netherlands,1995,titanium ores and concentrates,Export,6226.14,3797.23
Netherlands,1996,titanium ores and concentrates,Export,7992.33,6055.32
Netherlands,1997,titanium ores and concentrates,Export,8692.98,4538.42
Netherlands,1998,titanium ores and concentrates,Export,0,0
Netherlands,1999,titanium ores and concentrates,Export,3718.58,1831.33
Netherlands,2000,titanium ores and concentrates,Export,1834.9,891.06
Netherlands,2001,titanium ores and concentrates,Export,1988.4,977
Netherlands,2002,titanium ores and concentrates,Export,1092.83,422.32
Netherlands,2003,titanium ores and concentrates,Export,3610.81,1724.82
Netherlands,2004,titanium ores and concentrates,Export,4050.15,773.83
Netherlands,2005,titanium ores and concentrates,Export,1390.42,1175.27
Netherlands,2006,titanium ores and concentrates,Export,1660.46,1202.32
Netherlands,2007,titanium ores and concentrates,Export,449.32,451.66
Netherlands,2008,titanium ores and concentrates,Export,1341.36,1304.12
Netherlands,2009,titanium ores and concentrates,Export,13663.6,7157.8
Netherlands,2010,titanium ores and concentrates,Export,101840,29808.91
Netherlands,2011,titanium ores and concentrates,Export,69170.5,32062.12
Netherlands,2012,titanium ores and concentrates,Export,66912.5,53642.52
Netherlands,2013,titanium ores and concentrates,Export,3395.66,7621.96
Netherlands,2014,titanium ores and concentrates,Export,2503.4,3361.02
Netherlands,2015,titanium ores and concentrates,Export,2224.85,2759.58
Netherlands,2016,titanium ores and concentrates,Export,2164.45,2319.59
Netherlands,2017,titanium ores and concentrates,Export,11707.7,11418.68
Netherlands,2018,titanium ores and concentrates,Export,6263.18,7509.25
Netherlands,2019,titanium ores and concentrates,Export,7459.22,9564.64
Netherlands,2020,titanium ores and concentrates,Export,12597.6,15397.33
Netherlands,2021,titanium ores and concentrates,Export,31929.3,37634.41
Netherlands,2022,titanium ores and concentrates,Export,35200.8,52328.59
Netherlands,2023,titanium ores and concentrates,Export,33790.4,57161.81
Netherlands,1992,titanium ores and concentrates,Import,118049,38286.53
Netherlands,1993,titanium ores and concentrates,Import,122306,22289.45
Netherlands,1994,titanium ores and concentrates,Import,79293.9,27299.53
Netherlands,1995,titanium ores and concentrates,Import,57271,26489.49
Netherlands,1996,titanium ores and concentrates,Import,62819.8,34819
Netherlands,1997,titanium ores and concentrates,Import,47130.1,25793.2
Netherlands,1998,titanium ores and concentrates,Import,34600.6,17974.65
Netherlands,1999,titanium ores and concentrates,Import,60010.7,14373.45
Netherlands,2000,titanium ores and concentrates,Import,98042,22552.88
Netherlands,2001,titanium ores and concentrates,Import,103962,32610.61
Netherlands,2002,titanium ores and concentrates,Import,104309,28426.16
Netherlands,2003,titanium ores and concentrates,Import,123129,35083.93
Netherlands,2004,titanium ores and concentrates,Import,154460,40916.88
Netherlands,2005,titanium ores and concentrates,Import,127941,38808.04
Netherlands,2006,titanium ores and concentrates,Import,79376.8,41939.01
Netherlands,2007,titanium ores and concentrates,Import,103580,51948.61
Netherlands,2008,titanium ores and concentrates,Import,87769,47269.46
Netherlands,2009,titanium ores and concentrates,Import,N/A,53705.41
Netherlands,2010,titanium ores and concentrates,Import,238199,81965.66
Netherlands,2011,titanium ores and concentrates,Import,196960,115838.26
Netherlands,2012,titanium ores and concentrates,Import,158667,187868.8
Netherlands,2013,titanium ores and concentrates,Import,83675.3,102189.33
Netherlands,2014,titanium ores and concentrates,Import,114467,94569.44
Netherlands,2015,titanium ores and concentrates,Import,108341,84155.67
Netherlands,2016,titanium ores and concentrates,Import,104686,70781.54
Netherlands,2017,titanium ores and concentrates,Import,115351,84585.22
Netherlands,2018,titanium ores and concentrates,Import,104338,83157.84
Netherlands,2019,titanium ores and concentrates,Import,124726,101543.06
Netherlands,2020,titanium ores and concentrates,Import,102460,72652.6
Netherlands,2021,titanium ores and concentrates,Import,128707,104695.65
Netherlands,2022,titanium ores and concentrates,Import,154938,134646.44
Netherlands,2023,titanium ores and concentrates,Import,68055.6,71772.99
New Zealand,1992,titanium ores and concentrates,Export,0,0
New Zealand,1993,titanium ores and concentrates,Export,0,0
New Zealand,1994,titanium ores and concentrates,Export,10.875,0.01
New Zealand,1995,titanium ores and concentrates,Export,0,0
New Zealand,1996,titanium ores and concentrates,Export,0,0
New Zealand,1997,titanium ores and concentrates,Export,0.199,0.01
New Zealand,1998,titanium ores and concentrates,Export,0,0
New Zealand,1999,titanium ores and concentrates,Export,0,0
New Zealand,2000,titanium ores and concentrates,Export,0,0
New Zealand,2001,titanium ores and concentrates,Export,0,0
New Zealand,2002,titanium ores and concentrates,Export,0,0
New Zealand,2003,titanium ores and concentrates,Export,0,0
New Zealand,2004,titanium ores and concentrates,Export,20.028,0.89
New Zealand,2005,titanium ores and concentrates,Export,0,0
New Zealand,2006,titanium ores and concentrates,Export,0,0
New Zealand,2007,titanium ores and concentrates,Export,0,0
New Zealand,2008,titanium ores and concentrates,Export,0,0
New Zealand,2009,titanium ores and concentrates,Export,0,0
New Zealand,2010,titanium ores and concentrates,Export,0,0
New Zealand,2011,titanium ores and concentrates,Export,0,0
New Zealand,2012,titanium ores and concentrates,Export,0,0
New Zealand,2013,titanium ores and concentrates,Export,0,0
New Zealand,2014,titanium ores and concentrates,Export,0,0
New Zealand,2015,titanium ores and concentrates,Export,0,0
New Zealand,2016,titanium ores and concentrates,Export,0,0
New Zealand,2017,titanium ores and concentrates,Export,0,0
New Zealand,2018,titanium ores and concentrates,Export,0,0
New Zealand,2019,titanium ores and concentrates,Export,0,0
New Zealand,2020,titanium ores and concentrates,Export,0,0
New Zealand,2021,titanium ores and concentrates,Export,65.764,7.07
New Zealand,2022,titanium ores and concentrates,Export,0,0
New Zealand,2023,titanium ores and concentrates,Export,30327.5,4038.68
New Zealand,1992,titanium ores and concentrates,Import,10,7.74
New Zealand,1993,titanium ores and concentrates,Import,10.062,28.99
New Zealand,1994,titanium ores and concentrates,Import,6,3.14
New Zealand,1995,titanium ores and concentrates,Import,28,17.27
New Zealand,1996,titanium ores and concentrates,Import,12.625,7.75
New Zealand,1997,titanium ores and concentrates,Import,6.375,18.38
New Zealand,1998,titanium ores and concentrates,Import,622.792,771.99
New Zealand,1999,titanium ores and concentrates,Import,311.503,513.35
New Zealand,2000,titanium ores and concentrates,Import,0,0
New Zealand,2001,titanium ores and concentrates,Import,0,0
New Zealand,2002,titanium ores and concentrates,Import,0.02,0.03
New Zealand,2003,titanium ores and concentrates,Import,1.2,1.11
New Zealand,2004,titanium ores and concentrates,Import,6.048,5.98
New Zealand,2005,titanium ores and concentrates,Import,1,1.01
New Zealand,2006,titanium ores and concentrates,Import,23.43,17.78
New Zealand,2007,titanium ores and concentrates,Import,21.275,38.33
New Zealand,2008,titanium ores and concentrates,Import,1,1.63
New Zealand,2009,titanium ores and concentrates,Import,2.676,9.2
New Zealand,2010,titanium ores and concentrates,Import,1.3,2.25
New Zealand,2011,titanium ores and concentrates,Import,76.5,83.79
New Zealand,2012,titanium ores and concentrates,Import,54.738,185.18
New Zealand,2013,titanium ores and concentrates,Import,52.5,116.47
New Zealand,2014,titanium ores and concentrates,Import,31.15,103.87
New Zealand,2015,titanium ores and concentrates,Import,35,38.03
New Zealand,2016,titanium ores and concentrates,Import,90,85.04
New Zealand,2017,titanium ores and concentrates,Import,59.01,59.93
New Zealand,2018,titanium ores and concentrates,Import,54,53.53
New Zealand,2019,titanium ores and concentrates,Import,79.05,88.38
New Zealand,2020,titanium ores and concentrates,Import,22.53,87.17
New Zealand,2021,titanium ores and concentrates,Import,29.423,73.13
New Zealand,2022,titanium ores and concentrates,Import,72.13,169.21
New Zealand,2023,titanium ores and concentrates,Import,4.251,5.31
Nepal,1992,titanium ores and concentrates,Export,0,0
Nepal,1993,titanium ores and concentrates,Export,0,0
Nepal,1994,titanium ores and concentrates,Export,0,0
Nepal,1995,titanium ores and concentrates,Export,0,0
Nepal,1996,titanium ores and concentrates,Export,0,0
Nepal,1997,titanium ores and concentrates,Export,0,0
Nepal,1998,titanium ores and concentrates,Export,2207.42,1220.54
Nepal,1999,titanium ores and concentrates,Export,0,0
Nepal,2000,titanium ores and concentrates,Export,0,0
Nepal,2001,titanium ores and concentrates,Export,0,0
Nepal,2002,titanium ores and concentrates,Export,0,0
Nepal,2003,titanium ores and concentrates,Export,0,0
Nepal,2004,titanium ores and concentrates,Export,0,0
Nepal,2005,titanium ores and concentrates,Export,0,0
Nepal,2006,titanium ores and concentrates,Export,0,0
Nepal,2007,titanium ores and concentrates,Export,0,0
Nepal,2008,titanium ores and concentrates,Export,0,0
Nepal,2009,titanium ores and concentrates,Export,0,0
Nepal,2010,titanium ores and concentrates,Export,0,0
Nepal,2011,titanium ores and concentrates,Export,0,0
Nepal,2012,titanium ores and concentrates,Export,0,0
Nepal,2013,titanium ores and concentrates,Export,0,0
Nepal,2014,titanium ores and concentrates,Export,0,0
Nepal,2015,titanium ores and concentrates,Export,0,0
Nepal,2016,titanium ores and concentrates,Export,0,0
Nepal,2017,titanium ores and concentrates,Export,0,0
Nepal,2018,titanium ores and concentrates,Export,0,0
Nepal,2019,titanium ores and concentrates,Export,0,0
Nepal,2020,titanium ores and concentrates,Export,0,0
Nepal,2021,titanium ores and concentrates,Export,0,0
Nepal,2022,titanium ores and concentrates,Export,0,0
Nepal,2023,titanium ores and concentrates,Export,0,0
Nepal,1992,titanium ores and concentrates,Import,0,0
Nepal,1993,titanium ores and concentrates,Import,0,0
Nepal,1994,titanium ores and concentrates,Import,0,0
Nepal,1995,titanium ores and concentrates,Import,0,0
Nepal,1996,titanium ores and concentrates,Import,0,0
Nepal,1997,titanium ores and concentrates,Import,0,0
Nepal,1998,titanium ores and concentrates,Import,0,0
Nepal,1999,titanium ores and concentrates,Import,0,0
Nepal,2000,titanium ores and concentrates,Import,0,0
Nepal,2001,titanium ores and concentrates,Import,0,0
Nepal,2002,titanium ores and concentrates,Import,0,0
Nepal,2003,titanium ores and concentrates,Import,16,5
Nepal,2004,titanium ores and concentrates,Import,0,0
Nepal,2005,titanium ores and concentrates,Import,0,0
Nepal,2006,titanium ores and concentrates,Import,0,0
Nepal,2007,titanium ores and concentrates,Import,0,0
Nepal,2008,titanium ores and concentrates,Import,0,0
Nepal,2009,titanium ores and concentrates,Import,0,0
Nepal,2010,titanium ores and concentrates,Import,0,0
Nepal,2011,titanium ores and concentrates,Import,0,0
Nepal,2012,titanium ores and concentrates,Import,0,0
Nepal,2013,titanium ores and concentrates,Import,0,0
Nepal,2014,titanium ores and concentrates,Import,0,0
Nepal,2015,titanium ores and concentrates,Import,0,0
Nepal,2016,titanium ores and concentrates,Import,0,0
Nepal,2017,titanium ores and concentrates,Import,0,0
Nepal,2018,titanium ores and concentrates,Import,0,0
Nepal,2019,titanium ores and concentrates,Import,0,0
Nepal,2020,titanium ores and concentrates,Import,0,0
Nepal,2021,titanium ores and concentrates,Import,0,0
Nepal,2022,titanium ores and concentrates,Import,0,0
Nepal,2023,titanium ores and concentrates,Import,0,0
Myanmar,1992,titanium ores and concentrates,Export,0,0
Myanmar,1993,titanium ores and concentrates,Export,0,0
Myanmar,1994,titanium ores and concentrates,Export,0,0
Myanmar,1995,titanium ores and concentrates,Export,0,0
Myanmar,1996,titanium ores and concentrates,Export,0,0
Myanmar,1997,titanium ores and concentrates,Export,0,0
Myanmar,1998,titanium ores and concentrates,Export,0,0
Myanmar,1999,titanium ores and concentrates,Export,0,0
Myanmar,2000,titanium ores and concentrates,Export,0,0
Myanmar,2001,titanium ores and concentrates,Export,0,0
Myanmar,2002,titanium ores and concentrates,Export,0,0
Myanmar,2003,titanium ores and concentrates,Export,0,0
Myanmar,2004,titanium ores and concentrates,Export,0,0
Myanmar,2005,titanium ores and concentrates,Export,0,0
Myanmar,2006,titanium ores and concentrates,Export,0,0
Myanmar,2007,titanium ores and concentrates,Export,0,0
Myanmar,2008,titanium ores and concentrates,Export,0,0
Myanmar,2009,titanium ores and concentrates,Export,0,0
Myanmar,2010,titanium ores and concentrates,Export,0,0
Myanmar,2011,titanium ores and concentrates,Export,0,0
Myanmar,2012,titanium ores and concentrates,Export,0,0
Myanmar,2013,titanium ores and concentrates,Export,0,0
Myanmar,2014,titanium ores and concentrates,Export,0,0
Myanmar,2015,titanium ores and concentrates,Export,0,0
Myanmar,2016,titanium ores and concentrates,Export,0,0
Myanmar,2017,titanium ores and concentrates,Export,0,0
Myanmar,2018,titanium ores and concentrates,Export,0,0
Myanmar,2019,titanium ores and concentrates,Export,0,0
Myanmar,2020,titanium ores and concentrates,Export,0,0
Myanmar,2021,titanium ores and concentrates,Export,0,0
Myanmar,2022,titanium ores and concentrates,Export,0,0
Myanmar,2023,titanium ores and concentrates,Export,0,0
Myanmar,1992,titanium ores and concentrates,Import,0,0
Myanmar,1993,titanium ores and concentrates,Import,0,0
Myanmar,1994,titanium ores and concentrates,Import,0,0
Myanmar,1995,titanium ores and concentrates,Import,0,0
Myanmar,1996,titanium ores and concentrates,Import,0,0
Myanmar,1997,titanium ores and concentrates,Import,0,0
Myanmar,1998,titanium ores and concentrates,Import,0,0
Myanmar,1999,titanium ores and concentrates,Import,0,0
Myanmar,2000,titanium ores and concentrates,Import,0,0
Myanmar,2001,titanium ores and concentrates,Import,0,0
Myanmar,2002,titanium ores and concentrates,Import,0,0
Myanmar,2003,titanium ores and concentrates,Import,0,0
Myanmar,2004,titanium ores and concentrates,Import,0,0
Myanmar,2005,titanium ores and concentrates,Import,0,0
Myanmar,2006,titanium ores and concentrates,Import,0,0
Myanmar,2007,titanium ores and concentrates,Import,0,0
Myanmar,2008,titanium ores and concentrates,Import,0,0
Myanmar,2009,titanium ores and concentrates,Import,0,0
Myanmar,2010,titanium ores and concentrates,Import,0,0
Myanmar,2011,titanium ores and concentrates,Import,0,0
Myanmar,2012,titanium ores and concentrates,Import,0,0
Myanmar,2013,titanium ores and concentrates,Import,0,0
Myanmar,2014,titanium ores and concentrates,Import,1,0
Myanmar,2015,titanium ores and concentrates,Import,0,0
Myanmar,2016,titanium ores and concentrates,Import,26,53
Myanmar,2017,titanium ores and concentrates,Import,0,1
Myanmar,2018,titanium ores and concentrates,Import,0,0
Myanmar,2019,titanium ores and concentrates,Import,0,0
Myanmar,2020,titanium ores and concentrates,Import,20,33
Myanmar,2021,titanium ores and concentrates,Import,65,129
Myanmar,2022,titanium ores and concentrates,Import,0,0
Myanmar,2023,titanium ores and concentrates,Import,0,0
Nigeria,1992,titanium ores and concentrates,Export,0,0
Nigeria,1993,titanium ores and concentrates,Export,0,0
Nigeria,1994,titanium ores and concentrates,Export,0,0
Nigeria,1995,titanium ores and concentrates,Export,0,0
Nigeria,1996,titanium ores and concentrates,Export,0,0
Nigeria,1997,titanium ores and concentrates,Export,0,0
Nigeria,1998,titanium ores and concentrates,Export,0,0
Nigeria,1999,titanium ores and concentrates,Export,0,0
Nigeria,2000,titanium ores and concentrates,Export,0,0
Nigeria,2001,titanium ores and concentrates,Export,0,0
Nigeria,2002,titanium ores and concentrates,Export,0,0
Nigeria,2003,titanium ores and concentrates,Export,0,0
Nigeria,2004,titanium ores and concentrates,Export,0,0
Nigeria,2005,titanium ores and concentrates,Export,0,0
Nigeria,2006,titanium ores and concentrates,Export,0,0
Nigeria,2007,titanium ores and concentrates,Export,288.831,119.17
Nigeria,2008,titanium ores and concentrates,Export,143.455,59.52
Nigeria,2009,titanium ores and concentrates,Export,0,0
Nigeria,2010,titanium ores and concentrates,Export,8,10.35
Nigeria,2011,titanium ores and concentrates,Export,0,0
Nigeria,2012,titanium ores and concentrates,Export,371.834,420.82
Nigeria,2013,titanium ores and concentrates,Export,181.5,146.59
Nigeria,2014,titanium ores and concentrates,Export,3.069,2.56
Nigeria,2015,titanium ores and concentrates,Export,0,0
Nigeria,2016,titanium ores and concentrates,Export,0,0
Nigeria,2017,titanium ores and concentrates,Export,0,0
Nigeria,2018,titanium ores and concentrates,Export,0,0
Nigeria,2019,titanium ores and concentrates,Export,0,0
Nigeria,2020,titanium ores and concentrates,Export,0,0
Nigeria,2021,titanium ores and concentrates,Export,6816.9,578.36
Nigeria,2022,titanium ores and concentrates,Export,8615.4,1072.64
Nigeria,2023,titanium ores and concentrates,Export,10169.7,1976.95
Nigeria,1992,titanium ores and concentrates,Import,0,0
Nigeria,1993,titanium ores and concentrates,Import,0,0
Nigeria,1994,titanium ores and concentrates,Import,0,0
Nigeria,1995,titanium ores and concentrates,Import,0,0
Nigeria,1996,titanium ores and concentrates,Import,20,22.31
Nigeria,1997,titanium ores and concentrates,Import,60,77.83
Nigeria,1998,titanium ores and concentrates,Import,0,0
Nigeria,1999,titanium ores and concentrates,Import,161.878,224.38
Nigeria,2000,titanium ores and concentrates,Import,0,0
Nigeria,2001,titanium ores and concentrates,Import,0,0
Nigeria,2002,titanium ores and concentrates,Import,0,0
Nigeria,2003,titanium ores and concentrates,Import,0,0
Nigeria,2004,titanium ores and concentrates,Import,0,0
Nigeria,2005,titanium ores and concentrates,Import,0,0
Nigeria,2006,titanium ores and concentrates,Import,0,0
Nigeria,2007,titanium ores and concentrates,Import,0,0
Nigeria,2008,titanium ores and concentrates,Import,0,0
Nigeria,2009,titanium ores and concentrates,Import,0,0
Nigeria,2010,titanium ores and concentrates,Import,0,0
Nigeria,2011,titanium ores and concentrates,Import,22.088,26.9
Nigeria,2012,titanium ores and concentrates,Import,42.168,103.65
Nigeria,2013,titanium ores and concentrates,Import,0,0
Nigeria,2014,titanium ores and concentrates,Import,N/A,224.34
Nigeria,2015,titanium ores and concentrates,Import,20.272,17.3
Nigeria,2016,titanium ores and concentrates,Import,61.264,50.14
Nigeria,2017,titanium ores and concentrates,Import,28.7456,21.88
Nigeria,2018,titanium ores and concentrates,Import,4.085,52.88
Nigeria,2019,titanium ores and concentrates,Import,2.418,27.03
Nigeria,2020,titanium ores and concentrates,Import,2,18.14
Nigeria,2021,titanium ores and concentrates,Import,96.08,160.99
Nigeria,2022,titanium ores and concentrates,Import,7.208,31.64
Nigeria,2023,titanium ores and concentrates,Import,57.286,154.49
Norway,1992,titanium ores and concentrates,Export,0,0
Norway,1993,titanium ores and concentrates,Export,0,0
Norway,1994,titanium ores and concentrates,Export,0,0
Norway,1995,titanium ores and concentrates,Export,0,0
Norway,1996,titanium ores and concentrates,Export,0,0
Norway,1997,titanium ores and concentrates,Export,0,0
Norway,1998,titanium ores and concentrates,Export,0,0
Norway,1999,titanium ores and concentrates,Export,0,0
Norway,2000,titanium ores and concentrates,Export,0,0
Norway,2001,titanium ores and concentrates,Export,0,0
Norway,2002,titanium ores and concentrates,Export,0,0
Norway,2003,titanium ores and concentrates,Export,0,0
Norway,2004,titanium ores and concentrates,Export,0,0
Norway,2005,titanium ores and concentrates,Export,0,0
Norway,2006,titanium ores and concentrates,Export,0,0
Norway,2007,titanium ores and concentrates,Export,0,0
Norway,2008,titanium ores and concentrates,Export,0,0
Norway,2009,titanium ores and concentrates,Export,0,0
Norway,2010,titanium ores and concentrates,Export,0,0
Norway,2011,titanium ores and concentrates,Export,0,0
Norway,2012,titanium ores and concentrates,Export,0,0
Norway,2013,titanium ores and concentrates,Export,0,0
Norway,2014,titanium ores and concentrates,Export,0,0
Norway,2015,titanium ores and concentrates,Export,0,0
Norway,2016,titanium ores and concentrates,Export,0,0
Norway,2017,titanium ores and concentrates,Export,0,0
Norway,2018,titanium ores and concentrates,Export,0,0
Norway,2019,titanium ores and concentrates,Export,0,0
Norway,2020,titanium ores and concentrates,Export,0,0
Norway,2021,titanium ores and concentrates,Export,0,0
Norway,2022,titanium ores and concentrates,Export,0,0
Norway,2023,titanium ores and concentrates,Export,0,0
Norway,1992,titanium ores and concentrates,Import,0,0
Norway,1993,titanium ores and concentrates,Import,39517.6,3421.54
Norway,1994,titanium ores and concentrates,Import,38997.2,3839.46
Norway,1995,titanium ores and concentrates,Import,13443.9,1837.14
Norway,1996,titanium ores and concentrates,Import,29637.3,3487.4
Norway,1997,titanium ores and concentrates,Import,352.174,362.17
Norway,1998,titanium ores and concentrates,Import,121.858,118.15
Norway,1999,titanium ores and concentrates,Import,18.531,134.19
Norway,2000,titanium ores and concentrates,Import,2,4
Norway,2001,titanium ores and concentrates,Import,10.137,40.31
Norway,2002,titanium ores and concentrates,Import,68.924,90.21
Norway,2003,titanium ores and concentrates,Import,14.735,8.89
Norway,2004,titanium ores and concentrates,Import,0,0
Norway,2005,titanium ores and concentrates,Import,33000,3282.58
Norway,2006,titanium ores and concentrates,Import,73690,7165.12
Norway,2007,titanium ores and concentrates,Import,17600,1968.29
Norway,2008,titanium ores and concentrates,Import,73307.3,11475.97
Norway,2009,titanium ores and concentrates,Import,29808.5,3221.12
Norway,2010,titanium ores and concentrates,Import,45018.1,5583.34
Norway,2011,titanium ores and concentrates,Import,25003.1,3867
Norway,2012,titanium ores and concentrates,Import,0,0
Norway,2013,titanium ores and concentrates,Import,26238.5,5691.52
Norway,2014,titanium ores and concentrates,Import,26780.2,3922.92
Norway,2015,titanium ores and concentrates,Import,75110.2,7516.01
Norway,2016,titanium ores and concentrates,Import,157102,15315.57
Norway,2017,titanium ores and concentrates,Import,289480,50064.84
Norway,2018,titanium ores and concentrates,Import,262968,43580.09
Norway,2019,titanium ores and concentrates,Import,307499,48399.39
Norway,2020,titanium ores and concentrates,Import,303579,59657.87
Norway,2021,titanium ores and concentrates,Import,344126,81303.47
Norway,2022,titanium ores and concentrates,Import,269914,94697.53
Norway,2023,titanium ores and concentrates,Import,215803,73922.72
Pakistan,1992,titanium ores and concentrates,Export,0,0
Pakistan,1993,titanium ores and concentrates,Export,0,0
Pakistan,1994,titanium ores and concentrates,Export,0,0
Pakistan,1995,titanium ores and concentrates,Export,0,0
Pakistan,1996,titanium ores and concentrates,Export,0,0
Pakistan,1997,titanium ores and concentrates,Export,0,0
Pakistan,1998,titanium ores and concentrates,Export,0,0
Pakistan,1999,titanium ores and concentrates,Export,0,0
Pakistan,2000,titanium ores and concentrates,Export,0,0
Pakistan,2001,titanium ores and concentrates,Export,0,0
Pakistan,2002,titanium ores and concentrates,Export,0,0
Pakistan,2003,titanium ores and concentrates,Export,0,0
Pakistan,2004,titanium ores and concentrates,Export,0,0
Pakistan,2005,titanium ores and concentrates,Export,0,0
Pakistan,2006,titanium ores and concentrates,Export,0,0
Pakistan,2007,titanium ores and concentrates,Export,0,0
Pakistan,2008,titanium ores and concentrates,Export,0,0
Pakistan,2009,titanium ores and concentrates,Export,5,2.08
Pakistan,2010,titanium ores and concentrates,Export,0,0
Pakistan,2011,titanium ores and concentrates,Export,0,0
Pakistan,2012,titanium ores and concentrates,Export,0,0
Pakistan,2013,titanium ores and concentrates,Export,0,0
Pakistan,2014,titanium ores and concentrates,Export,0,0
Pakistan,2015,titanium ores and concentrates,Export,0,0
Pakistan,2016,titanium ores and concentrates,Export,0,0
Pakistan,2017,titanium ores and concentrates,Export,0,0
Pakistan,2018,titanium ores and concentrates,Export,0,0
Pakistan,2019,titanium ores and concentrates,Export,2,0.12
Pakistan,2020,titanium ores and concentrates,Export,0,0
Pakistan,2021,titanium ores and concentrates,Export,0,0
Pakistan,2022,titanium ores and concentrates,Export,0,0
Pakistan,2023,titanium ores and concentrates,Export,0,0
Pakistan,1992,titanium ores and concentrates,Import,0,0
Pakistan,1993,titanium ores and concentrates,Import,0,0
Pakistan,1994,titanium ores and concentrates,Import,0,0
Pakistan,1995,titanium ores and concentrates,Import,0,0
Pakistan,1996,titanium ores and concentrates,Import,0,0
Pakistan,1997,titanium ores and concentrates,Import,0,0
Pakistan,1998,titanium ores and concentrates,Import,0,0
Pakistan,1999,titanium ores and concentrates,Import,0,0
Pakistan,2000,titanium ores and concentrates,Import,0,0
Pakistan,2001,titanium ores and concentrates,Import,0,0
Pakistan,2002,titanium ores and concentrates,Import,0,0
Pakistan,2003,titanium ores and concentrates,Import,636,306
Pakistan,2004,titanium ores and concentrates,Import,465,249
Pakistan,2005,titanium ores and concentrates,Import,276,194
Pakistan,2006,titanium ores and concentrates,Import,95,55
Pakistan,2007,titanium ores and concentrates,Import,36,37
Pakistan,2008,titanium ores and concentrates,Import,162,168
Pakistan,2009,titanium ores and concentrates,Import,913,146
Pakistan,2010,titanium ores and concentrates,Import,423,176
Pakistan,2011,titanium ores and concentrates,Import,744,266
Pakistan,2012,titanium ores and concentrates,Import,1054,585
Pakistan,2013,titanium ores and concentrates,Import,508,274
Pakistan,2014,titanium ores and concentrates,Import,470,256
Pakistan,2015,titanium ores and concentrates,Import,697,349
Pakistan,2016,titanium ores and concentrates,Import,542,261
Pakistan,2017,titanium ores and concentrates,Import,376,181
Pakistan,2018,titanium ores and concentrates,Import,1443,414
Pakistan,2019,titanium ores and concentrates,Import,928,289
Pakistan,2020,titanium ores and concentrates,Import,557,189
Pakistan,2021,titanium ores and concentrates,Import,895,612
Pakistan,2022,titanium ores and concentrates,Import,364,460
Pakistan,2023,titanium ores and concentrates,Import,663,718
Paraguay,1992,titanium ores and concentrates,Export,0,0
Paraguay,1993,titanium ores and concentrates,Export,0,0
Paraguay,1994,titanium ores and concentrates,Export,0,0
Paraguay,1995,titanium ores and concentrates,Export,0,0
Paraguay,1996,titanium ores and concentrates,Export,0,0
Paraguay,1997,titanium ores and concentrates,Export,0,0
Paraguay,1998,titanium ores and concentrates,Export,0,0
Paraguay,1999,titanium ores and concentrates,Export,0,0
Paraguay,2000,titanium ores and concentrates,Export,0,0
Paraguay,2001,titanium ores and concentrates,Export,0,0
Paraguay,2002,titanium ores and concentrates,Export,0,0
Paraguay,2003,titanium ores and concentrates,Export,0,0
Paraguay,2004,titanium ores and concentrates,Export,0,0
Paraguay,2005,titanium ores and concentrates,Export,0,0
Paraguay,2006,titanium ores and concentrates,Export,0,0
Paraguay,2007,titanium ores and concentrates,Export,0,0
Paraguay,2008,titanium ores and concentrates,Export,0,0
Paraguay,2009,titanium ores and concentrates,Export,0,0
Paraguay,2010,titanium ores and concentrates,Export,0,0
Paraguay,2011,titanium ores and concentrates,Export,113,11
Paraguay,2012,titanium ores and concentrates,Export,0,0
Paraguay,2013,titanium ores and concentrates,Export,1,2
Paraguay,2014,titanium ores and concentrates,Export,0,0
Paraguay,2015,titanium ores and concentrates,Export,0,0
Paraguay,2016,titanium ores and concentrates,Export,0,0
Paraguay,2017,titanium ores and concentrates,Export,0,0
Paraguay,2018,titanium ores and concentrates,Export,0,0
Paraguay,2019,titanium ores and concentrates,Export,0,0
Paraguay,2020,titanium ores and concentrates,Export,0,0
Paraguay,2021,titanium ores and concentrates,Export,0,0
Paraguay,2022,titanium ores and concentrates,Export,0,0
Paraguay,2023,titanium ores and concentrates,Export,0,0
Paraguay,1992,titanium ores and concentrates,Import,0,0
Paraguay,1993,titanium ores and concentrates,Import,0,0
Paraguay,1994,titanium ores and concentrates,Import,0,0
Paraguay,1995,titanium ores and concentrates,Import,0,0
Paraguay,1996,titanium ores and concentrates,Import,0,0
Paraguay,1997,titanium ores and concentrates,Import,0,0
Paraguay,1998,titanium ores and concentrates,Import,0,0
Paraguay,1999,titanium ores and concentrates,Import,0,0
Paraguay,2000,titanium ores and concentrates,Import,0,0
Paraguay,2001,titanium ores and concentrates,Import,0,0
Paraguay,2002,titanium ores and concentrates,Import,60,33
Paraguay,2003,titanium ores and concentrates,Import,120,64
Paraguay,2004,titanium ores and concentrates,Import,60,38
Paraguay,2005,titanium ores and concentrates,Import,60,39
Paraguay,2006,titanium ores and concentrates,Import,60,39
Paraguay,2007,titanium ores and concentrates,Import,86,69
Paraguay,2008,titanium ores and concentrates,Import,60,50
Paraguay,2009,titanium ores and concentrates,Import,104,96
Paraguay,2010,titanium ores and concentrates,Import,60,50
Paraguay,2011,titanium ores and concentrates,Import,76,91
Paraguay,2012,titanium ores and concentrates,Import,100,279
Paraguay,2013,titanium ores and concentrates,Import,100,175
Paraguay,2014,titanium ores and concentrates,Import,74,90
Paraguay,2015,titanium ores and concentrates,Import,113,117
Paraguay,2016,titanium ores and concentrates,Import,8,7
Paraguay,2017,titanium ores and concentrates,Import,113,105
Paraguay,2018,titanium ores and concentrates,Import,90,110
Paraguay,2019,titanium ores and concentrates,Import,63,86
Paraguay,2020,titanium ores and concentrates,Import,63,91
Paraguay,2021,titanium ores and concentrates,Import,150,267
Paraguay,2022,titanium ores and concentrates,Import,99,264
Paraguay,2023,titanium ores and concentrates,Import,41,100
Peru,1992,titanium ores and concentrates,Export,0,0
Peru,1993,titanium ores and concentrates,Export,0,0
Peru,1994,titanium ores and concentrates,Export,0,0
Peru,1995,titanium ores and concentrates,Export,0,0
Peru,1996,titanium ores and concentrates,Export,0,0
Peru,1997,titanium ores and concentrates,Export,0,0
Peru,1998,titanium ores and concentrates,Export,0,0
Peru,1999,titanium ores and concentrates,Export,0,0
Peru,2000,titanium ores and concentrates,Export,0,0
Peru,2001,titanium ores and concentrates,Export,0,0
Peru,2002,titanium ores and concentrates,Export,6.003,4.63
Peru,2003,titanium ores and concentrates,Export,0,0
Peru,2004,titanium ores and concentrates,Export,0,0
Peru,2005,titanium ores and concentrates,Export,0,0
Peru,2006,titanium ores and concentrates,Export,0,0
Peru,2007,titanium ores and concentrates,Export,0,0
Peru,2008,titanium ores and concentrates,Export,0,0
Peru,2009,titanium ores and concentrates,Export,0,0
Peru,2010,titanium ores and concentrates,Export,0,0
Peru,2011,titanium ores and concentrates,Export,0,0
Peru,2012,titanium ores and concentrates,Export,0,0
Peru,2013,titanium ores and concentrates,Export,3,19.82
Peru,2014,titanium ores and concentrates,Export,0,0
Peru,2015,titanium ores and concentrates,Export,0,0
Peru,2016,titanium ores and concentrates,Export,0,0
Peru,2017,titanium ores and concentrates,Export,0,0
Peru,2018,titanium ores and concentrates,Export,0,0
Peru,2019,titanium ores and concentrates,Export,0,0
Peru,2020,titanium ores and concentrates,Export,24.97,41.33
Peru,2021,titanium ores and concentrates,Export,65.98,121.65
Peru,2022,titanium ores and concentrates,Export,0,0
Peru,2023,titanium ores and concentrates,Export,0.5679,2.47
Peru,1992,titanium ores and concentrates,Import,123,94
Peru,1993,titanium ores and concentrates,Import,0,0
Peru,1994,titanium ores and concentrates,Import,166,121
Peru,1995,titanium ores and concentrates,Import,247,207
Peru,1996,titanium ores and concentrates,Import,100,121
Peru,1997,titanium ores and concentrates,Import,232,214
Peru,1998,titanium ores and concentrates,Import,222,176
Peru,1999,titanium ores and concentrates,Import,228,155
Peru,2000,titanium ores and concentrates,Import,179,120
Peru,2001,titanium ores and concentrates,Import,116,78
Peru,2002,titanium ores and concentrates,Import,219,135
Peru,2003,titanium ores and concentrates,Import,284,167
Peru,2004,titanium ores and concentrates,Import,154,101
Peru,2005,titanium ores and concentrates,Import,255,213
Peru,2006,titanium ores and concentrates,Import,300,240
Peru,2007,titanium ores and concentrates,Import,470,441
Peru,2008,titanium ores and concentrates,Import,501,511
Peru,2009,titanium ores and concentrates,Import,82,71
Peru,2010,titanium ores and concentrates,Import,534,463
Peru,2011,titanium ores and concentrates,Import,288,520
Peru,2012,titanium ores and concentrates,Import,306,1043
Peru,2013,titanium ores and concentrates,Import,407,630
Peru,2014,titanium ores and concentrates,Import,360,380
Peru,2015,titanium ores and concentrates,Import,362,317
Peru,2016,titanium ores and concentrates,Import,380,297
Peru,2017,titanium ores and concentrates,Import,395,336
Peru,2018,titanium ores and concentrates,Import,477,476
Peru,2019,titanium ores and concentrates,Import,286,346
Peru,2020,titanium ores and concentrates,Import,312,441
Peru,2021,titanium ores and concentrates,Import,412,775
Peru,2022,titanium ores and concentrates,Import,289,665
Peru,2023,titanium ores and concentrates,Import,240,439
Philippines,1992,titanium ores and concentrates,Export,0,0
Philippines,1993,titanium ores and concentrates,Export,0,0
Philippines,1994,titanium ores and concentrates,Export,0,0
Philippines,1995,titanium ores and concentrates,Export,0,0
Philippines,1996,titanium ores and concentrates,Export,0,0
Philippines,1997,titanium ores and concentrates,Export,0,0
Philippines,1998,titanium ores and concentrates,Export,0,0
Philippines,1999,titanium ores and concentrates,Export,0,0
Philippines,2000,titanium ores and concentrates,Export,0,0
Philippines,2001,titanium ores and concentrates,Export,0,0
Philippines,2002,titanium ores and concentrates,Export,0,0
Philippines,2003,titanium ores and concentrates,Export,0,0
Philippines,2004,titanium ores and concentrates,Export,0,0
Philippines,2005,titanium ores and concentrates,Export,0,0
Philippines,2006,titanium ores and concentrates,Export,0,0
Philippines,2007,titanium ores and concentrates,Export,0,0
Philippines,2008,titanium ores and concentrates,Export,0,0
Philippines,2009,titanium ores and concentrates,Export,0,0
Philippines,2010,titanium ores and concentrates,Export,0,0
Philippines,2011,titanium ores and concentrates,Export,0,0
Philippines,2012,titanium ores and concentrates,Export,0,0
Philippines,2013,titanium ores and concentrates,Export,0,0
Philippines,2014,titanium ores and concentrates,Export,0,0
Philippines,2015,titanium ores and concentrates,Export,0,0
Philippines,2016,titanium ores and concentrates,Export,0,0
Philippines,2017,titanium ores and concentrates,Export,0,0
Philippines,2018,titanium ores and concentrates,Export,0,0
Philippines,2019,titanium ores and concentrates,Export,0,0
Philippines,2020,titanium ores and concentrates,Export,0,0
Philippines,2021,titanium ores and concentrates,Export,0,0
Philippines,2022,titanium ores and concentrates,Export,0,0
Philippines,2023,titanium ores and concentrates,Export,0,0
Philippines,1992,titanium ores and concentrates,Import,0,0
Philippines,1993,titanium ores and concentrates,Import,0,0
Philippines,1994,titanium ores and concentrates,Import,0,0
Philippines,1995,titanium ores and concentrates,Import,0,0
Philippines,1996,titanium ores and concentrates,Import,2416,2009
Philippines,1997,titanium ores and concentrates,Import,1521,1133
Philippines,1998,titanium ores and concentrates,Import,920,575
Philippines,1999,titanium ores and concentrates,Import,1346,775
Philippines,2000,titanium ores and concentrates,Import,1921,890
Philippines,2001,titanium ores and concentrates,Import,1338,603
Philippines,2002,titanium ores and concentrates,Import,2934,654
Philippines,2003,titanium ores and concentrates,Import,1701,577
Philippines,2004,titanium ores and concentrates,Import,2059,760
Philippines,2005,titanium ores and concentrates,Import,1159,434
Philippines,2006,titanium ores and concentrates,Import,1966,900
Philippines,2007,titanium ores and concentrates,Import,1580,651
Philippines,2008,titanium ores and concentrates,Import,1832,804
Philippines,2009,titanium ores and concentrates,Import,835,389
Philippines,2010,titanium ores and concentrates,Import,2728,1298
Philippines,2011,titanium ores and concentrates,Import,1745,1411
Philippines,2012,titanium ores and concentrates,Import,1864,2785
Philippines,2013,titanium ores and concentrates,Import,1911,1440
Philippines,2014,titanium ores and concentrates,Import,749,643
Philippines,2015,titanium ores and concentrates,Import,1616,1380
Philippines,2016,titanium ores and concentrates,Import,1876,1065
Philippines,2017,titanium ores and concentrates,Import,N/A,1847
Philippines,2018,titanium ores and concentrates,Import,3361,3431
Philippines,2019,titanium ores and concentrates,Import,N/A,1873
Philippines,2020,titanium ores and concentrates,Import,2153,2659
Philippines,2021,titanium ores and concentrates,Import,2941,3882
Philippines,2022,titanium ores and concentrates,Import,1737,3447
Philippines,2023,titanium ores and concentrates,Import,1524,2718
Poland,1992,titanium ores and concentrates,Export,0,0
Poland,1993,titanium ores and concentrates,Export,0,0
Poland,1994,titanium ores and concentrates,Export,0,0
Poland,1995,titanium ores and concentrates,Export,0,0
Poland,1996,titanium ores and concentrates,Export,0,0
Poland,1997,titanium ores and concentrates,Export,0,0
Poland,1998,titanium ores and concentrates,Export,0,0
Poland,1999,titanium ores and concentrates,Export,0,0
Poland,2000,titanium ores and concentrates,Export,0,0
Poland,2001,titanium ores and concentrates,Export,0,0
Poland,2002,titanium ores and concentrates,Export,0,0
Poland,2003,titanium ores and concentrates,Export,192,115
Poland,2004,titanium ores and concentrates,Export,29,17
Poland,2005,titanium ores and concentrates,Export,53,40
Poland,2006,titanium ores and concentrates,Export,0,21
Poland,2007,titanium ores and concentrates,Export,45,32
Poland,2008,titanium ores and concentrates,Export,25,19
Poland,2009,titanium ores and concentrates,Export,11,9
Poland,2010,titanium ores and concentrates,Export,0,0
Poland,2011,titanium ores and concentrates,Export,77,125
Poland,2012,titanium ores and concentrates,Export,36,114
Poland,2013,titanium ores and concentrates,Export,24,35
Poland,2014,titanium ores and concentrates,Export,49,69
Poland,2015,titanium ores and concentrates,Export,21,21
Poland,2016,titanium ores and concentrates,Export,0,0
Poland,2017,titanium ores and concentrates,Export,0,0
Poland,2018,titanium ores and concentrates,Export,0,0
Poland,2019,titanium ores and concentrates,Export,112,144
Poland,2020,titanium ores and concentrates,Export,1,2
Poland,2021,titanium ores and concentrates,Export,21,37
Poland,2022,titanium ores and concentrates,Export,144,412
Poland,2023,titanium ores and concentrates,Export,66,160
Poland,1992,titanium ores and concentrates,Import,90034,7740
Poland,1993,titanium ores and concentrates,Import,70585,10644
Poland,1994,titanium ores and concentrates,Import,62573,13119
Poland,1995,titanium ores and concentrates,Import,69870,11758
Poland,1996,titanium ores and concentrates,Import,87225,13791
Poland,1997,titanium ores and concentrates,Import,74197,16016
Poland,1998,titanium ores and concentrates,Import,87037,13791
Poland,1999,titanium ores and concentrates,Import,95334,16648
Poland,2000,titanium ores and concentrates,Import,73611,13421
Poland,2001,titanium ores and concentrates,Import,101284,17998
Poland,2002,titanium ores and concentrates,Import,98214,17126
Poland,2003,titanium ores and concentrates,Import,100538,19119
Poland,2004,titanium ores and concentrates,Import,95057,17363
Poland,2005,titanium ores and concentrates,Import,100022,19375
Poland,2006,titanium ores and concentrates,Import,91205,19046
Poland,2007,titanium ores and concentrates,Import,84398,15853
Poland,2008,titanium ores and concentrates,Import,105378,21134
Poland,2009,titanium ores and concentrates,Import,99056,25149
Poland,2010,titanium ores and concentrates,Import,84143,45876
Poland,2011,titanium ores and concentrates,Import,96895,38009
Poland,2012,titanium ores and concentrates,Import,92439,26600
Poland,2013,titanium ores and concentrates,Import,89042,20796
Poland,2014,titanium ores and concentrates,Import,81038,16338
Poland,2015,titanium ores and concentrates,Import,103063,26238
Poland,2016,titanium ores and concentrates,Import,75061,23525
Poland,2017,titanium ores and concentrates,Import,85285,23139
Poland,2018,titanium ores and concentrates,Import,95323,21672
Poland,2019,titanium ores and concentrates,Import,81788,20832
Poland,2020,titanium ores and concentrates,Import,64999,21627
Poland,2021,titanium ores and concentrates,Import,56859,16025
Poland,2022,titanium ores and concentrates,Import,N/A,N/A
Poland,2023,titanium ores and concentrates,Import,N/A,N/A
Portugal,1992,titanium ores and concentrates,Export,0,0
Portugal,1993,titanium ores and concentrates,Export,0,0
Portugal,1994,titanium ores and concentrates,Export,13,6
Portugal,1995,titanium ores and concentrates,Export,0,0
Portugal,1996,titanium ores and concentrates,Export,0,0
Portugal,1997,titanium ores and concentrates,Export,0,0
Portugal,1998,titanium ores and concentrates,Export,0,0
Portugal,1999,titanium ores and concentrates,Export,0,0
Portugal,2000,titanium ores and concentrates,Export,0,0
Portugal,2001,titanium ores and concentrates,Export,0,0
Portugal,2002,titanium ores and concentrates,Export,0,0
Portugal,2003,titanium ores and concentrates,Export,4,7
Portugal,2004,titanium ores and concentrates,Export,0,0
Portugal,2005,titanium ores and concentrates,Export,0,0
Portugal,2006,titanium ores and concentrates,Export,0,0
Portugal,2007,titanium ores and concentrates,Export,0,0
Portugal,2008,titanium ores and concentrates,Export,0,0
Portugal,2009,titanium ores and concentrates,Export,0,0
Portugal,2010,titanium ores and concentrates,Export,24,20
Portugal,2011,titanium ores and concentrates,Export,0,2
Portugal,2012,titanium ores and concentrates,Export,9,23
Portugal,2013,titanium ores and concentrates,Export,8,22
Portugal,2014,titanium ores and concentrates,Export,3,10
Portugal,2015,titanium ores and concentrates,Export,0,0
Portugal,2016,titanium ores and concentrates,Export,0,0
Portugal,2017,titanium ores and concentrates,Export,0,0
Portugal,2018,titanium ores and concentrates,Export,0,0
Portugal,2019,titanium ores and concentrates,Export,0,0
Portugal,2020,titanium ores and concentrates,Export,12,22
Portugal,2021,titanium ores and concentrates,Export,0,0
Portugal,2022,titanium ores and concentrates,Export,0,0
Portugal,2023,titanium ores and concentrates,Export,0,0
Portugal,1992,titanium ores and concentrates,Import,1108,1457
Portugal,1993,titanium ores and concentrates,Import,807,897
Portugal,1994,titanium ores and concentrates,Import,390,190
Portugal,1995,titanium ores and concentrates,Import,337,221
Portugal,1996,titanium ores and concentrates,Import,338,356
Portugal,1997,titanium ores and concentrates,Import,339,267
Portugal,1998,titanium ores and concentrates,Import,319,203
Portugal,1999,titanium ores and concentrates,Import,1607,735
Portugal,2000,titanium ores and concentrates,Import,3867,375
Portugal,2001,titanium ores and concentrates,Import,435,344
Portugal,2002,titanium ores and concentrates,Import,452,261
Portugal,2003,titanium ores and concentrates,Import,32,19
Portugal,2004,titanium ores and concentrates,Import,367,249
Portugal,2005,titanium ores and concentrates,Import,52,43
Portugal,2006,titanium ores and concentrates,Import,120,127
Portugal,2007,titanium ores and concentrates,Import,420,407
Portugal,2008,titanium ores and concentrates,Import,264,263
Portugal,2009,titanium ores and concentrates,Import,359,293
Portugal,2010,titanium ores and concentrates,Import,714,525
Portugal,2011,titanium ores and concentrates,Import,808,828
Portugal,2012,titanium ores and concentrates,Import,449,1071
Portugal,2013,titanium ores and concentrates,Import,568,774
Portugal,2014,titanium ores and concentrates,Import,1137,1122
Portugal,2015,titanium ores and concentrates,Import,828,716
Portugal,2016,titanium ores and concentrates,Import,787,643
Portugal,2017,titanium ores and concentrates,Import,563,532
Portugal,2018,titanium ores and concentrates,Import,325,336
Portugal,2019,titanium ores and concentrates,Import,162,240
Portugal,2020,titanium ores and concentrates,Import,220,320
Portugal,2021,titanium ores and concentrates,Import,266,426
Portugal,2022,titanium ores and concentrates,Import,99,205
Portugal,2023,titanium ores and concentrates,Import,206,472
Qatar,1992,titanium ores and concentrates,Export,0,0
Qatar,1993,titanium ores and concentrates,Export,0,0
Qatar,1994,titanium ores and concentrates,Export,0,0
Qatar,1995,titanium ores and concentrates,Export,0,0
Qatar,1996,titanium ores and concentrates,Export,0,0
Qatar,1997,titanium ores and concentrates,Export,0,0
Qatar,1998,titanium ores and concentrates,Export,0,0
Qatar,1999,titanium ores and concentrates,Export,0,0
Qatar,2000,titanium ores and concentrates,Export,0,0
Qatar,2001,titanium ores and concentrates,Export,0,0
Qatar,2002,titanium ores and concentrates,Export,0,0
Qatar,2003,titanium ores and concentrates,Export,0,0
Qatar,2004,titanium ores and concentrates,Export,0,0
Qatar,2005,titanium ores and concentrates,Export,0,0
Qatar,2006,titanium ores and concentrates,Export,0,0
Qatar,2007,titanium ores and concentrates,Export,0,0
Qatar,2008,titanium ores and concentrates,Export,0,30
Qatar,2009,titanium ores and concentrates,Export,0,0
Qatar,2010,titanium ores and concentrates,Export,0,0
Qatar,2011,titanium ores and concentrates,Export,0,0
Qatar,2012,titanium ores and concentrates,Export,0,0
Qatar,2013,titanium ores and concentrates,Export,0,0
Qatar,2014,titanium ores and concentrates,Export,0,0
Qatar,2015,titanium ores and concentrates,Export,0,0
Qatar,2016,titanium ores and concentrates,Export,0,0
Qatar,2017,titanium ores and concentrates,Export,0,0
Qatar,2018,titanium ores and concentrates,Export,0,0
Qatar,2019,titanium ores and concentrates,Export,0,0
Qatar,2020,titanium ores and concentrates,Export,0,0
Qatar,2021,titanium ores and concentrates,Export,0,0
Qatar,2022,titanium ores and concentrates,Export,0,0
Qatar,2023,titanium ores and concentrates,Export,0,0
Qatar,1992,titanium ores and concentrates,Import,0,0
Qatar,1993,titanium ores and concentrates,Import,0,0
Qatar,1994,titanium ores and concentrates,Import,0,0
Qatar,1995,titanium ores and concentrates,Import,0,0
Qatar,1996,titanium ores and concentrates,Import,0,0
Qatar,1997,titanium ores and concentrates,Import,0,0
Qatar,1998,titanium ores and concentrates,Import,0,0
Qatar,1999,titanium ores and concentrates,Import,0,0
Qatar,2000,titanium ores and concentrates,Import,0,0
Qatar,2001,titanium ores and concentrates,Import,0,0
Qatar,2002,titanium ores and concentrates,Import,0,0
Qatar,2003,titanium ores and concentrates,Import,0,0
Qatar,2004,titanium ores and concentrates,Import,0,0
Qatar,2005,titanium ores and concentrates,Import,0,0
Qatar,2006,titanium ores and concentrates,Import,23,30
Qatar,2007,titanium ores and concentrates,Import,33,266
Qatar,2008,titanium ores and concentrates,Import,0,0
Qatar,2009,titanium ores and concentrates,Import,0,0
Qatar,2010,titanium ores and concentrates,Import,21,27
Qatar,2011,titanium ores and concentrates,Import,0,0
Qatar,2012,titanium ores and concentrates,Import,0,0
Qatar,2013,titanium ores and concentrates,Import,0,0
Qatar,2014,titanium ores and concentrates,Import,0,0
Qatar,2015,titanium ores and concentrates,Import,28,34
Qatar,2016,titanium ores and concentrates,Import,0,0
Qatar,2017,titanium ores and concentrates,Import,0,0
Qatar,2018,titanium ores and concentrates,Import,0,0
Qatar,2019,titanium ores and concentrates,Import,26,46
Qatar,2020,titanium ores and concentrates,Import,20,31
Qatar,2021,titanium ores and concentrates,Import,0,0
Qatar,2022,titanium ores and concentrates,Import,0,0
Qatar,2023,titanium ores and concentrates,Import,25,38
Romania,1992,titanium ores and concentrates,Export,0,0
Romania,1993,titanium ores and concentrates,Export,0,0
Romania,1994,titanium ores and concentrates,Export,0,0
Romania,1995,titanium ores and concentrates,Export,0,0
Romania,1996,titanium ores and concentrates,Export,0,0
Romania,1997,titanium ores and concentrates,Export,0,0
Romania,1998,titanium ores and concentrates,Export,0,0
Romania,1999,titanium ores and concentrates,Export,0,0
Romania,2000,titanium ores and concentrates,Export,0,0
Romania,2001,titanium ores and concentrates,Export,0,0
Romania,2002,titanium ores and concentrates,Export,0,0
Romania,2003,titanium ores and concentrates,Export,0,0
Romania,2004,titanium ores and concentrates,Export,0,0
Romania,2005,titanium ores and concentrates,Export,6,5
Romania,2006,titanium ores and concentrates,Export,0,70
Romania,2007,titanium ores and concentrates,Export,180,162
Romania,2008,titanium ores and concentrates,Export,155,151
Romania,2009,titanium ores and concentrates,Export,125,123
Romania,2010,titanium ores and concentrates,Export,154,144
Romania,2011,titanium ores and concentrates,Export,1126,318
Romania,2012,titanium ores and concentrates,Export,1523,592
Romania,2013,titanium ores and concentrates,Export,263,509
Romania,2014,titanium ores and concentrates,Export,197,259
Romania,2015,titanium ores and concentrates,Export,42,43
Romania,2016,titanium ores and concentrates,Export,1,1
Romania,2017,titanium ores and concentrates,Export,0,0
Romania,2018,titanium ores and concentrates,Export,2,1
Romania,2019,titanium ores and concentrates,Export,2,3
Romania,2020,titanium ores and concentrates,Export,1,45
Romania,2021,titanium ores and concentrates,Export,25,25
Romania,2022,titanium ores and concentrates,Export,12,19
Romania,2023,titanium ores and concentrates,Export,84,183
Romania,1992,titanium ores and concentrates,Import,2543,1205
Romania,1993,titanium ores and concentrates,Import,904,443
Romania,1994,titanium ores and concentrates,Import,1405,1111
Romania,1995,titanium ores and concentrates,Import,2296,1736
Romania,1996,titanium ores and concentrates,Import,2219,1697
Romania,1997,titanium ores and concentrates,Import,3281,1812
Romania,1998,titanium ores and concentrates,Import,1517,758
Romania,1999,titanium ores and concentrates,Import,3017,1373
Romania,2000,titanium ores and concentrates,Import,2544,1238
Romania,2001,titanium ores and concentrates,Import,1992,939
Romania,2002,titanium ores and concentrates,Import,2192,1030
Romania,2003,titanium ores and concentrates,Import,2334,1298
Romania,2004,titanium ores and concentrates,Import,2111,1323
Romania,2005,titanium ores and concentrates,Import,1809,1156
Romania,2006,titanium ores and concentrates,Import,2093,1342
Romania,2007,titanium ores and concentrates,Import,2171,1470
Romania,2008,titanium ores and concentrates,Import,N/A,1094
Romania,2009,titanium ores and concentrates,Import,2095,1537
Romania,2010,titanium ores and concentrates,Import,5393,2038
Romania,2011,titanium ores and concentrates,Import,1354,3056
Romania,2012,titanium ores and concentrates,Import,1721,2532
Romania,2013,titanium ores and concentrates,Import,1930,1840
Romania,2014,titanium ores and concentrates,Import,1897,1593
Romania,2015,titanium ores and concentrates,Import,1857,1493
Romania,2016,titanium ores and concentrates,Import,1859,1533
Romania,2017,titanium ores and concentrates,Import,1262,1366
Romania,2018,titanium ores and concentrates,Import,1465,1855
Romania,2019,titanium ores and concentrates,Import,1998,2633
Romania,2020,titanium ores and concentrates,Import,2107,3123
Romania,2021,titanium ores and concentrates,Import,832,1754
Romania,2022,titanium ores and concentrates,Import,1172,2526
Romania,2023,titanium ores and concentrates,Import,0,0
Russian Federation,1992,titanium ores and concentrates,Export,0,0
Russian Federation,1993,titanium ores and concentrates,Export,0,0
Russian Federation,1994,titanium ores and concentrates,Export,0,0
Russian Federation,1995,titanium ores and concentrates,Export,0,0
Russian Federation,1996,titanium ores and concentrates,Export,206,58
Russian Federation,1997,titanium ores and concentrates,Export,54,6
Russian Federation,1998,titanium ores and concentrates,Export,0,0
Russian Federation,1999,titanium ores and concentrates,Export,0,0
Russian Federation,2000,titanium ores and concentrates,Export,61,47
Russian Federation,2001,titanium ores and concentrates,Export,0,41
Russian Federation,2002,titanium ores and concentrates,Export,0,0
Russian Federation,2003,titanium ores and concentrates,Export,12,12
Russian Federation,2004,titanium ores and concentrates,Export,1000,560
Russian Federation,2005,titanium ores and concentrates,Export,10,11
Russian Federation,2006,titanium ores and concentrates,Export,0,9
Russian Federation,2007,titanium ores and concentrates,Export,65,50
Russian Federation,2008,titanium ores and concentrates,Export,0,0
Russian Federation,2009,titanium ores and concentrates,Export,0,0
Russian Federation,2010,titanium ores and concentrates,Export,4,2
Russian Federation,2011,titanium ores and concentrates,Export,27129,5251
Russian Federation,2012,titanium ores and concentrates,Export,112531,30155
Russian Federation,2013,titanium ores and concentrates,Export,142104,31866
Russian Federation,2014,titanium ores and concentrates,Export,143770,22487
Russian Federation,2015,titanium ores and concentrates,Export,223699,27201
Russian Federation,2016,titanium ores and concentrates,Export,72318,8328
Russian Federation,2017,titanium ores and concentrates,Export,837,340
Russian Federation,2018,titanium ores and concentrates,Export,1319,593
Russian Federation,2019,titanium ores and concentrates,Export,726,395
Russian Federation,2020,titanium ores and concentrates,Export,239,309
Russian Federation,2021,titanium ores and concentrates,Export,1068,851
Russian Federation,2022,titanium ores and concentrates,Export,0,0
Russian Federation,2023,titanium ores and concentrates,Export,0,0
Russian Federation,1992,titanium ores and concentrates,Import,0,0
Russian Federation,1993,titanium ores and concentrates,Import,0,0
Russian Federation,1994,titanium ores and concentrates,Import,0,0
Russian Federation,1995,titanium ores and concentrates,Import,0,0
Russian Federation,1996,titanium ores and concentrates,Import,76518,12047
Russian Federation,1997,titanium ores and concentrates,Import,89925,16240
Russian Federation,1998,titanium ores and concentrates,Import,93599,17937
Russian Federation,1999,titanium ores and concentrates,Import,63408,9922
Russian Federation,2000,titanium ores and concentrates,Import,75478,11375
Russian Federation,2001,titanium ores and concentrates,Import,104445,14438
Russian Federation,2002,titanium ores and concentrates,Import,71466,9301
Russian Federation,2003,titanium ores and concentrates,Import,82231,10891
Russian Federation,2004,titanium ores and concentrates,Import,111356,14667
Russian Federation,2005,titanium ores and concentrates,Import,108131,15717
Russian Federation,2006,titanium ores and concentrates,Import,130282,24218
Russian Federation,2007,titanium ores and concentrates,Import,136312,29067
Russian Federation,2008,titanium ores and concentrates,Import,119039,26866
Russian Federation,2009,titanium ores and concentrates,Import,40113,11873
Russian Federation,2010,titanium ores and concentrates,Import,90932,21731
Russian Federation,2011,titanium ores and concentrates,Import,105561,38167
Russian Federation,2012,titanium ores and concentrates,Import,158991,118336
Russian Federation,2013,titanium ores and concentrates,Import,120634,51685
Russian Federation,2014,titanium ores and concentrates,Import,129026,49319
Russian Federation,2015,titanium ores and concentrates,Import,312222,56100
Russian Federation,2016,titanium ores and concentrates,Import,237689,44347
Russian Federation,2017,titanium ores and concentrates,Import,270607,81633
Russian Federation,2018,titanium ores and concentrates,Import,268480,99177
Russian Federation,2019,titanium ores and concentrates,Import,304519,115052
Russian Federation,2020,titanium ores and concentrates,Import,207400,73061
Russian Federation,2021,titanium ores and concentrates,Import,219069,89072
Russian Federation,2022,titanium ores and concentrates,Import,0,0
Russian Federation,2023,titanium ores and concentrates,Import,0,0
Saudi Arabia,1992,titanium ores and concentrates,Export,0,0
Saudi Arabia,1993,titanium ores and concentrates,Export,40,62.88
Saudi Arabia,1994,titanium ores and concentrates,Export,0,0
Saudi Arabia,1995,titanium ores and concentrates,Export,0,0
Saudi Arabia,1996,titanium ores and concentrates,Export,0,0
Saudi Arabia,1997,titanium ores and concentrates,Export,0,0
Saudi Arabia,1998,titanium ores and concentrates,Export,0,0
Saudi Arabia,1999,titanium ores and concentrates,Export,0,0
Saudi Arabia,2000,titanium ores and concentrates,Export,0,0
Saudi Arabia,2001,titanium ores and concentrates,Export,3547.5,5945.42
Saudi Arabia,2002,titanium ores and concentrates,Export,2085,3948.27
Saudi Arabia,2003,titanium ores and concentrates,Export,4040,6872.54
Saudi Arabia,2004,titanium ores and concentrates,Export,3060,5105.07
Saudi Arabia,2005,titanium ores and concentrates,Export,0,0
Saudi Arabia,2006,titanium ores and concentrates,Export,24,41.33
Saudi Arabia,2007,titanium ores and concentrates,Export,0,0
Saudi Arabia,2008,titanium ores and concentrates,Export,0,0
Saudi Arabia,2009,titanium ores and concentrates,Export,0,0
Saudi Arabia,2010,titanium ores and concentrates,Export,0,0
Saudi Arabia,2011,titanium ores and concentrates,Export,0,0
Saudi Arabia,2012,titanium ores and concentrates,Export,0,0
Saudi Arabia,2013,titanium ores and concentrates,Export,6789,17410.96
Saudi Arabia,2014,titanium ores and concentrates,Export,0,0
Saudi Arabia,2015,titanium ores and concentrates,Export,0,0
Saudi Arabia,2016,titanium ores and concentrates,Export,0,0
Saudi Arabia,2017,titanium ores and concentrates,Export,50000,6240
Saudi Arabia,2018,titanium ores and concentrates,Export,0,0
Saudi Arabia,2019,titanium ores and concentrates,Export,0,0
Saudi Arabia,2020,titanium ores and concentrates,Export,0,0
Saudi Arabia,2021,titanium ores and concentrates,Export,0,0
Saudi Arabia,2022,titanium ores and concentrates,Export,0,0
Saudi Arabia,2023,titanium ores and concentrates,Export,N/A,4.19
Saudi Arabia,1992,titanium ores and concentrates,Import,30143,11436
Saudi Arabia,1993,titanium ores and concentrates,Import,50048,15898
Saudi Arabia,1994,titanium ores and concentrates,Import,60690,19867
Saudi Arabia,1995,titanium ores and concentrates,Import,122414,15830
Saudi Arabia,1996,titanium ores and concentrates,Import,69311,30692
Saudi Arabia,1997,titanium ores and concentrates,Import,0,0
Saudi Arabia,1998,titanium ores and concentrates,Import,50157,22963
Saudi Arabia,1999,titanium ores and concentrates,Import,85253,39918
Saudi Arabia,2000,titanium ores and concentrates,Import,30090,14101
Saudi Arabia,2001,titanium ores and concentrates,Import,275109,44390
Saudi Arabia,2002,titanium ores and concentrates,Import,131303,26749
Saudi Arabia,2003,titanium ores and concentrates,Import,32890,15712
Saudi Arabia,2004,titanium ores and concentrates,Import,86004,39065
Saudi Arabia,2005,titanium ores and concentrates,Import,141952,63626
Saudi Arabia,2006,titanium ores and concentrates,Import,129247,60274
Saudi Arabia,2007,titanium ores and concentrates,Import,95446,61142
Saudi Arabia,2008,titanium ores and concentrates,Import,183403,88555
Saudi Arabia,2009,titanium ores and concentrates,Import,174969,87671
Saudi Arabia,2010,titanium ores and concentrates,Import,154829,94467
Saudi Arabia,2011,titanium ores and concentrates,Import,196182,114942
Saudi Arabia,2012,titanium ores and concentrates,Import,213632,147116
Saudi Arabia,2013,titanium ores and concentrates,Import,106168,83212
Saudi Arabia,2014,titanium ores and concentrates,Import,408445,156016
Saudi Arabia,2015,titanium ores and concentrates,Import,160526,88081
Saudi Arabia,2016,titanium ores and concentrates,Import,126340,94056
Saudi Arabia,2017,titanium ores and concentrates,Import,138635,109410
Saudi Arabia,2018,titanium ores and concentrates,Import,N/A,120082
Saudi Arabia,2019,titanium ores and concentrates,Import,97372,113443
Saudi Arabia,2020,titanium ores and concentrates,Import,80067,83123
Saudi Arabia,2021,titanium ores and concentrates,Import,170079,128613
Saudi Arabia,2022,titanium ores and concentrates,Import,174328,116547
Saudi Arabia,2023,titanium ores and concentrates,Import,75742,111994
