Country,Year,Sub-commodity,Quantity in metric tons,Source
Australia,1970,Ilmenite,886452,BGS
Australia,1970,Leucoxene,10593,BGS
Australia,1970,Rutile,370867,BGS
Australia,1970,titanium ores and concentrates,1267912,BGS
Australia,1971,Ilmenite,813800,BGS
Australia,1971,Leucoxene,14560,BGS
Australia,1971,Rutile,374705,BGS
Australia,1971,titanium ores and concentrates,1203065,BGS
Australia,1972,Ilmenite,707413,BGS
Australia,1972,Leucoxene,10730,BGS
Australia,1972,Rutile,313139,BGS
Australia,1972,titanium ores and concentrates,1031282,BGS
Australia,1973,Ilmenite,719601,BGS
Australia,1973,Leucoxene,11097,BGS
Australia,1973,Rutile,335231,BGS
Australia,1973,titanium ores and concentrates,1065929,BGS
Australia,1974,Ilmenite,816746,BGS
Australia,1974,Leucoxene,14782,BGS
Australia,1974,Rutile,318702,BGS
Australia,1974,titanium ores and concentrates,1150230,BGS
Australia,1975,Ilmenite,991433,BGS
Australia,1975,Leucoxene,16871,BGS
Australia,1975,Rutile,348350,BGS
Australia,1975,titanium ores and concentrates,1356654,BGS
Australia,1976,Ilmenite,959203,BGS
Australia,1976,Leucoxene,12223,BGS
Australia,1976,Rutile,389750,BGS
Australia,1976,titanium ores and concentrates,1361176,BGS
Australia,1977,Ilmenite,1033358,BGS
Australia,1977,Leucoxene,10621,BGS
Australia,1977,Rutile,325281,BGS
Australia,1977,titanium ores and concentrates,1369260,BGS
Australia,1978,Ilmenite,1254994,BGS
Australia,1978,Leucoxene,16103,BGS
Australia,1978,Rutile,257075,BGS
Australia,1978,titanium ores and concentrates,1528172,BGS
Australia,1979,Ilmenite,1181010,BGS
Australia,1979,Leucoxene,22470,BGS
Australia,1979,Rutile,274533,BGS
Australia,1979,titanium ores and concentrates,1478013,BGS
Australia,1980,Ilmenite,1384563,BGS
Australia,1980,Leucoxene,23943,BGS
Australia,1980,Rutile,311744,BGS
Australia,1980,titanium ores and concentrates,1720250,BGS
Australia,1981,Ilmenite,1321137,BGS
Australia,1981,Leucoxene,19261,BGS
Australia,1981,Rutile,230817,BGS
Australia,1981,titanium ores and concentrates,1571215,BGS
Australia,1982,Ilmenite,1149212,BGS
Australia,1982,Leucoxene,19739,BGS
Australia,1982,Rutile,220697,BGS
Australia,1982,titanium ores and concentrates,1389648,BGS
Australia,1983,Ilmenite,892570,BGS
Australia,1983,Leucoxene,13358,BGS
Australia,1983,Rutile,163374,BGS
Australia,1983,titanium ores and concentrates,1069302,BGS
Australia,1984,Ilmenite,1493171,BGS
Australia,1984,Leucoxene,32110,BGS
Australia,1984,Rutile,170424,BGS
Australia,1984,titanium ores and concentrates,1695705,BGS
Australia,1985,Ilmenite,1418867,BGS
Australia,1985,Leucoxene,13809,BGS
Australia,1985,Rutile,211615,BGS
Australia,1985,titanium ores and concentrates,1644291,BGS
Australia,1986,Ilmenite,1237694,BGS
Australia,1986,Leucoxene,14143,BGS
Australia,1986,Rutile,215774,BGS
Australia,1986,titanium ores and concentrates,1467611,BGS
Australia,1987,Ilmenite,1498087,BGS
Australia,1987,Leucoxene,11290,BGS
Australia,1987,Rutile,246263,BGS
Australia,1987,titanium ores and concentrates,1755640,BGS
Australia,1988,Ilmenite,1610000,BGS
Australia,1988,Leucoxene,12946,BGS
Australia,1988,Rutile,231000,BGS
Australia,1988,titanium ores and concentrates,1853946,BGS
Australia,1989,Ilmenite,1696000,BGS
Australia,1989,Leucoxene,18000,BGS
Australia,1989,Rutile,243000,BGS
Australia,1989,titanium ores and concentrates,1957000,BGS
Australia,1990,Ilmenite,1602000,BGS
Australia,1990,Leucoxene,19000,BGS
Australia,1990,Rutile,245000,BGS
Australia,1990,titanium ores and concentrates,1866000,BGS
Australia,1991,Ilmenite,1476000,BGS
Australia,1991,Leucoxene,20000,BGS
Australia,1991,Rutile,193000,BGS
Australia,1991,titanium ores and concentrates,1689000,BGS
Australia,1992,Ilmenite,1787000,BGS
Australia,1992,Leucoxene,20000,BGS
Australia,1992,Rutile,183000,BGS
Australia,1992,titanium ores and concentrates,1990000,BGS
Australia,1993,Ilmenite,1795000,BGS
Australia,1993,Leucoxene,21000,BGS
Australia,1993,Rutile,187000,BGS
Australia,1993,titanium ores and concentrates,2003000,BGS
Australia,1994,Ilmenite,1777000,BGS
Australia,1994,Leucoxene,33000,BGS
Australia,1994,Rutile,233000,BGS
Australia,1994,titanium ores and concentrates,2043000,BGS
Australia,1995,Ilmenite,1980000,BGS
Australia,1995,Leucoxene,31000,BGS
Australia,1995,Rutile,204000,BGS
Australia,1995,titanium ores and concentrates,2215000,BGS
Australia,1996,Ilmenite,2030000,BGS
Australia,1996,Leucoxene,30000,BGS
Australia,1996,Rutile,183000,BGS
Australia,1996,titanium ores and concentrates,2243000,BGS
Australia,1997,Ilmenite,2233000,BGS
Australia,1997,Leucoxene,32000,BGS
Australia,1997,Rutile,233000,BGS
Australia,1997,titanium ores and concentrates,2498000,BGS
Australia,1998,Ilmenite,2413000,BGS
Australia,1998,Leucoxene,32000,BGS
Australia,1998,Rutile,244000,BGS
Australia,1998,titanium ores and concentrates,2689000,BGS
Australia,1999,Ilmenite,1936000,BGS
Australia,1999,Leucoxene,33000,BGS
Australia,1999,Rutile,182000,BGS
Australia,1999,titanium ores and concentrates,2151000,BGS
Australia,2000,Ilmenite,2146000,BGS
Australia,2000,Leucoxene,37000,BGS
Australia,2000,Rutile,207000,BGS
Australia,2000,titanium ores and concentrates,2390000,BGS
Australia,2001,Ilmenite,2019000,BGS
Australia,2001,Leucoxene,30000,BGS
Australia,2001,Rutile,207000,BGS
Australia,2001,titanium ores and concentrates,2256000,BGS
Australia,2002,Ilmenite,2092000,BGS
Australia,2002,Leucoxene,38000,BGS
Australia,2002,Rutile,219000,BGS
Australia,2002,titanium ores and concentrates,2349000,BGS
Australia,2003,Ilmenite,2006000,BGS
Australia,2003,Leucoxene,57000,BGS
Australia,2003,Rutile,173000,BGS
Australia,2003,titanium ores and concentrates,2236000,BGS
Australia,2004,Ilmenite,1934000,BGS
Australia,2004,Leucoxene,44000,BGS
Australia,2004,Rutile,162000,BGS
Australia,2004,titanium ores and concentrates,2140000,BGS
Australia,2005,Ilmenite,2034000,BGS
Australia,2005,Leucoxene,62000,BGS
Australia,2005,Rutile,177000,BGS
Australia,2005,titanium ores and concentrates,2273000,BGS
Australia,2006,Ilmenite,2378000,BGS
Australia,2006,Leucoxene,135000,BGS
Australia,2006,Rutile,232000,BGS
Australia,2006,titanium ores and concentrates,2745000,BGS
Australia,2007,Ilmenite,2339000,BGS
Australia,2007,Leucoxene,164000,BGS
Australia,2007,Rutile,312000,BGS
Australia,2007,titanium ores and concentrates,2815000,BGS
Australia,2008,Ilmenite,2060000,BGS
Australia,2008,Leucoxene,126000,BGS
Australia,2008,Rutile,318000,BGS
Australia,2008,titanium ores and concentrates,2504000,BGS
Australia,2009,Ilmenite,1577000,BGS
Australia,2009,Leucoxene,137000,BGS
Australia,2009,Rutile,285000,BGS
Australia,2009,titanium ores and concentrates,1999000,BGS
Australia,2010,Ilmenite,1339000,BGS
Australia,2010,Leucoxene,160000,BGS
Australia,2010,Rutile,438000,BGS
Australia,2010,titanium ores and concentrates,1937000,BGS
Australia,2011,Ilmenite,1275400,BGS
Australia,2011,Leucoxene,200000,BGS
Australia,2011,Rutile,466700,BGS
Australia,2011,titanium ores and concentrates,1942100,BGS
Australia,2012,Ilmenite,1331400,BGS
Australia,2012,Leucoxene,228000,BGS
Australia,2012,Rutile,439600,BGS
Australia,2012,titanium ores and concentrates,1999000,BGS
Australia,2013,Ilmenite,1313800,BGS
Australia,2013,Leucoxene,225500,BGS
Australia,2013,Rutile,250400,BGS
Australia,2013,titanium ores and concentrates,1789700,BGS
Australia,2014,Ilmenite,1138000,BGS
Australia,2014,Leucoxene,241000,BGS
Australia,2014,Rutile,340700,BGS
Australia,2014,titanium ores and concentrates,1719700,BGS
Australia,2015,Ilmenite,1146935,BGS
Australia,2015,Leucoxene,246000,BGS
Australia,2015,Rutile,294600,BGS
Australia,2015,titanium ores and concentrates,1687535,BGS
Australia,2016,Ilmenite,765399,BGS
Australia,2016,Leucoxene,73380,BGS
Australia,2016,Rutile,284772,BGS
Australia,2016,titanium ores and concentrates,1123551,BGS
Australia,2017,Ilmenite,693763,BGS
Australia,2017,Leucoxene,57148,BGS
Australia,2017,Rutile,227462,BGS
Australia,2017,titanium ores and concentrates,978373,BGS
Australia,2018,Ilmenite,569472,BGS
Australia,2018,Leucoxene,69183,BGS
Australia,2018,Rutile,209762,BGS
Australia,2018,titanium ores and concentrates,848417,BGS
Australia,2019,Ilmenite,596288,BGS
Australia,2019,Leucoxene,46743,BGS
Australia,2019,Rutile,154507,BGS
Australia,2019,titanium ores and concentrates,797538,BGS
Australia,2020,Ilmenite,634165,BGS
Australia,2020,Leucoxene,79058,BGS
Australia,2020,Rutile,156389,BGS
Australia,2020,titanium ores and concentrates,869612,BGS
Australia,2021,Ilmenite,519875,BGS
Australia,2021,Leucoxene,31754,BGS
Australia,2021,Rutile,138906,BGS
Australia,2021,titanium ores and concentrates,690535,BGS
Australia,2022,Ilmenite,500000,BGS
Australia,2022,Leucoxene,38453,BGS
Australia,2022,Rutile,99995,BGS
Australia,2022,titanium ores and concentrates,638448,BGS
Brazil,1970,Ilmenite,20644,BGS
Brazil,1970,Rutile,1,BGS
Brazil,1970,titanium ores and concentrates,20645,BGS
Brazil,1971,Ilmenite,11198,BGS
Brazil,1971,Rutile,0,BGS
Brazil,1971,titanium ores and concentrates,11198,BGS
Brazil,1972,Ilmenite,3791,BGS
Brazil,1972,Rutile,316,BGS
Brazil,1972,titanium ores and concentrates,4107,BGS
Brazil,1973,Ilmenite,6400,BGS
Brazil,1973,Rutile,178,BGS
Brazil,1973,titanium ores and concentrates,6578,BGS
Brazil,1974,Ilmenite,6743,BGS
Brazil,1974,Rutile,146,BGS
Brazil,1974,titanium ores and concentrates,6889,BGS
Brazil,1975,Ilmenite,4596,BGS
Brazil,1975,Rutile,104,BGS
Brazil,1975,titanium ores and concentrates,4700,BGS
Brazil,1976,Ilmenite,14615,BGS
Brazil,1976,Rutile,51,BGS
Brazil,1976,titanium ores and concentrates,14666,BGS
Brazil,1977,Ilmenite,13268,BGS
Brazil,1977,Rutile,128,BGS
Brazil,1977,titanium ores and concentrates,13396,BGS
Brazil,1978,Ilmenite,20077,BGS
Brazil,1978,Rutile,365,BGS
Brazil,1978,titanium ores and concentrates,20442,BGS
Brazil,1979,Ilmenite,13191,BGS
Brazil,1979,Rutile,439,BGS
Brazil,1979,titanium ores and concentrates,13630,BGS
Brazil,1980,Ilmenite,16839,BGS
Brazil,1980,Rutile,428,BGS
Brazil,1980,titanium ores and concentrates,17267,BGS
Brazil,1981,Ilmenite,19889,BGS
Brazil,1981,Rutile,205,BGS
Brazil,1981,titanium ores and concentrates,20094,BGS
Brazil,1982,Ilmenite,11322,BGS
Brazil,1982,Rutile,234,BGS
Brazil,1982,titanium ores and concentrates,11556,BGS
Brazil,1983,Ilmenite,48193,BGS
Brazil,1983,Rutile,1058,BGS
Brazil,1983,titanium ores and concentrates,49251,BGS
Brazil,1984,Ilmenite,61227,BGS
Brazil,1984,Rutile,682,BGS
Brazil,1984,titanium ores and concentrates,61909,BGS
Brazil,1985,Ilmenite,68827,BGS
Brazil,1985,Rutile,389,BGS
Brazil,1985,titanium ores and concentrates,69216,BGS
Brazil,1986,Ilmenite,61414,BGS
Brazil,1986,Rutile,311,BGS
Brazil,1986,titanium ores and concentrates,61725,BGS
Brazil,1987,Ilmenite,169303,BGS
Brazil,1987,Rutile,392,BGS
Brazil,1987,titanium ores and concentrates,169695,BGS
Brazil,1988,Ilmenite,142167,BGS
Brazil,1988,Rutile,1514,BGS
Brazil,1988,titanium ores and concentrates,143681,BGS
Brazil,1989,Ilmenite,144212,BGS
Brazil,1989,Rutile,2613,BGS
Brazil,1989,titanium ores and concentrates,146825,BGS
Brazil,1990,Ilmenite,101264,BGS
Brazil,1990,Rutile,2350,BGS
Brazil,1990,titanium ores and concentrates,103614,BGS
Brazil,1991,Ilmenite,69064,BGS
Brazil,1991,Rutile,1094,BGS
Brazil,1991,titanium ores and concentrates,70158,BGS
Brazil,1992,Ilmenite,77104,BGS
Brazil,1992,Rutile,1826,BGS
Brazil,1992,titanium ores and concentrates,78930,BGS
Brazil,1993,Ilmenite,101255,BGS
Brazil,1993,Rutile,1744,BGS
Brazil,1993,titanium ores and concentrates,102999,BGS
Brazil,1994,Ilmenite,97439,BGS
Brazil,1994,Rutile,1911,BGS
Brazil,1994,titanium ores and concentrates,99350,BGS
Brazil,1995,Ilmenite,102125,BGS
Brazil,1995,Rutile,1985,BGS
Brazil,1995,titanium ores and concentrates,104110,BGS
Brazil,1996,Ilmenite,125520,BGS
Brazil,1996,Rutile,1771,BGS
Brazil,1996,titanium ores and concentrates,127291,BGS
Brazil,1997,Ilmenite,184655,BGS
Brazil,1997,Rutile,2196,BGS
Brazil,1997,titanium ores and concentrates,186851,BGS
Brazil,1998,Ilmenite,115444,BGS
Brazil,1998,Rutile,2323,BGS
Brazil,1998,titanium ores and concentrates,117767,BGS
Brazil,1999,Ilmenite,234209,BGS
Brazil,1999,Rutile,3388,BGS
Brazil,1999,titanium ores and concentrates,237597,BGS
Brazil,2000,Ilmenite,123000,BGS
Brazil,2000,Rutile,3162,BGS
Brazil,2000,titanium ores and concentrates,126162,BGS
Brazil,2001,Ilmenite,162000,BGS
Brazil,2001,Rutile,2500,BGS
Brazil,2001,titanium ores and concentrates,164500,BGS
Brazil,2002,Ilmenite,174382,BGS
Brazil,2002,Rutile,2645,BGS
Brazil,2002,titanium ores and concentrates,177027,BGS
Brazil,2003,Ilmenite,120160,BGS
Brazil,2003,Rutile,2500,BGS
Brazil,2003,titanium ores and concentrates,122660,BGS
Brazil,2004,Ilmenite,133000,BGS
Brazil,2004,Rutile,3000,BGS
Brazil,2004,titanium ores and concentrates,136000,BGS
Brazil,2005,Ilmenite,127142,BGS
Brazil,2005,Rutile,2782,BGS
Brazil,2005,titanium ores and concentrates,129924,BGS
Brazil,2006,Ilmenite,130000,BGS
Brazil,2006,Rutile,3000,BGS
Brazil,2006,titanium ores and concentrates,133000,BGS
Brazil,2007,Ilmenite,130000,BGS
Brazil,2007,Rutile,3000,BGS
Brazil,2007,titanium ores and concentrates,133000,BGS
Brazil,2008,Ilmenite,110000,BGS
Brazil,2008,Rutile,3000,BGS
Brazil,2008,titanium ores and concentrates,113000,BGS
Brazil,2009,Ilmenite,39000,BGS
Brazil,2009,Rutile,3000,BGS
Brazil,2009,titanium ores and concentrates,42000,BGS
Brazil,2010,Ilmenite,53928,BGS
Brazil,2010,Rutile,2331,BGS
Brazil,2010,titanium ores and concentrates,56259,BGS
Brazil,2011,Ilmenite,68804,BGS
Brazil,2011,Rutile,2350,BGS
Brazil,2011,titanium ores and concentrates,71154,BGS
Brazil,2012,Ilmenite,69071,BGS
Brazil,2012,Rutile,1881,BGS
Brazil,2012,titanium ores and concentrates,70952,BGS
Brazil,2013,Ilmenite,78264,BGS
Brazil,2013,Rutile,2021,BGS
Brazil,2013,titanium ores and concentrates,80285,BGS
Brazil,2014,Ilmenite,81278,BGS
Brazil,2014,Rutile,1834,BGS
Brazil,2014,titanium ores and concentrates,83112,BGS
Brazil,2015,Ilmenite,80975,BGS
Brazil,2015,Rutile,0,BGS
Brazil,2015,titanium ores and concentrates,80975,BGS
Brazil,2016,Ilmenite,66500,BGS
Brazil,2016,Rutile,0,BGS
Brazil,2016,titanium ores and concentrates,66500,BGS
Brazil,2017,Ilmenite,50000,BGS
Brazil,2017,Rutile,0,BGS
Brazil,2017,titanium ores and concentrates,50000,BGS
Brazil,2018,Ilmenite,76039,BGS
Brazil,2018,Rutile,0,BGS
Brazil,2018,titanium ores and concentrates,76039,BGS
Brazil,2019,Ilmenite,90070,BGS
Brazil,2019,Rutile,0,BGS
Brazil,2019,titanium ores and concentrates,90070,BGS
Brazil,2020,Ilmenite,61848,BGS
Brazil,2020,Rutile,0,BGS
Brazil,2020,titanium ores and concentrates,61848,BGS
Brazil,2021,Ilmenite,132998,BGS
Brazil,2021,Rutile,0,BGS
Brazil,2021,titanium ores and concentrates,132998,BGS
Brazil,2022,Ilmenite,17369,BGS
Brazil,2022,Rutile,0,BGS
Brazil,2022,titanium ores and concentrates,17369,BGS
Burundi,1970,titanium ores and concentrates,0,BGS
Burundi,1971,titanium ores and concentrates,0,BGS
Burundi,1972,titanium ores and concentrates,0,BGS
Burundi,1973,titanium ores and concentrates,0,BGS
Burundi,1974,titanium ores and concentrates,0,BGS
Burundi,1975,titanium ores and concentrates,0,BGS
Burundi,1976,titanium ores and concentrates,0,BGS
Burundi,1977,titanium ores and concentrates,0,BGS
Burundi,1978,titanium ores and concentrates,0,BGS
Burundi,1979,titanium ores and concentrates,0,BGS
Burundi,1980,titanium ores and concentrates,0,BGS
Burundi,1981,titanium ores and concentrates,0,BGS
Burundi,1982,titanium ores and concentrates,0,BGS
Burundi,1983,titanium ores and concentrates,0,BGS
Burundi,1984,titanium ores and concentrates,0,BGS
Burundi,1985,titanium ores and concentrates,0,BGS
Burundi,1986,titanium ores and concentrates,0,BGS
Burundi,1987,titanium ores and concentrates,0,BGS
Burundi,1988,titanium ores and concentrates,0,BGS
Burundi,1989,titanium ores and concentrates,0,BGS
Burundi,1990,titanium ores and concentrates,0,BGS
Burundi,1991,titanium ores and concentrates,0,BGS
Burundi,1992,titanium ores and concentrates,0,BGS
Burundi,1993,titanium ores and concentrates,0,BGS
Burundi,1994,titanium ores and concentrates,0,BGS
Burundi,1995,titanium ores and concentrates,0,BGS
Burundi,1996,titanium ores and concentrates,0,BGS
Burundi,1997,titanium ores and concentrates,0,BGS
Burundi,1998,titanium ores and concentrates,0,BGS
Burundi,1999,titanium ores and concentrates,0,BGS
Burundi,2000,titanium ores and concentrates,0,BGS
Burundi,2001,titanium ores and concentrates,0,BGS
Burundi,2002,titanium ores and concentrates,0,BGS
Burundi,2003,titanium ores and concentrates,0,BGS
Burundi,2004,titanium ores and concentrates,0,BGS
Burundi,2005,titanium ores and concentrates,0,BGS
Burundi,2006,titanium ores and concentrates,0,BGS
Burundi,2007,titanium ores and concentrates,0,BGS
Burundi,2008,titanium ores and concentrates,0,BGS
Burundi,2009,titanium ores and concentrates,0,BGS
Burundi,2010,titanium ores and concentrates,0,BGS
Burundi,2011,titanium ores and concentrates,21,BGS
Burundi,2012,titanium ores and concentrates,0,BGS
Burundi,2013,titanium ores and concentrates,0,BGS
Burundi,2014,titanium ores and concentrates,0,BGS
Burundi,2015,titanium ores and concentrates,0,BGS
Burundi,2016,titanium ores and concentrates,0,BGS
Burundi,2017,titanium ores and concentrates,0,BGS
Burundi,2018,titanium ores and concentrates,0,BGS
Burundi,2019,titanium ores and concentrates,0,BGS
Burundi,2020,titanium ores and concentrates,0,BGS
Burundi,2021,titanium ores and concentrates,0,BGS
Burundi,2022,titanium ores and concentrates,0,BGS
Canada,1970,titanium ores and concentrates,1892286,BGS
Canada,1971,titanium ores and concentrates,1893302,BGS
Canada,1972,titanium ores and concentrates,2048879,BGS
Canada,1973,titanium ores and concentrates,2082206,BGS
Canada,1974,titanium ores and concentrates,N/A,BGS
Canada,1975,titanium ores and concentrates,N/A,BGS
Canada,1976,titanium ores and concentrates,N/A,BGS
Canada,1977,titanium ores and concentrates,1442280,BGS
Canada,1978,titanium ores and concentrates,1809990,BGS
Canada,1979,titanium ores and concentrates,1004260,BGS
Canada,1980,titanium ores and concentrates,1853270,BGS
Canada,1981,titanium ores and concentrates,2008117,BGS
Canada,1982,titanium ores and concentrates,1610000,BGS
Canada,1983,titanium ores and concentrates,1865000,BGS
Canada,1984,titanium ores and concentrates,1780000,BGS
Canada,1985,titanium ores and concentrates,2560000,BGS
Canada,1986,titanium ores and concentrates,3000000,BGS
Canada,1987,titanium ores and concentrates,3000000,BGS
Canada,1988,titanium ores and concentrates,2800000,BGS
Canada,1989,titanium ores and concentrates,3400000,BGS
Canada,1990,titanium ores and concentrates,3200000,BGS
Canada,1991,titanium ores and concentrates,2000000,BGS
Canada,1992,titanium ores and concentrates,2200000,BGS
Canada,1993,titanium ores and concentrates,2100000,BGS
Canada,1994,titanium ores and concentrates,2200000,BGS
Canada,1995,titanium ores and concentrates,2200000,BGS
Canada,1996,titanium ores and concentrates,2500000,BGS
Canada,1997,titanium ores and concentrates,2400000,BGS
Canada,1998,titanium ores and concentrates,2700000,BGS
Canada,1999,titanium ores and concentrates,2500000,BGS
Canada,2000,titanium ores and concentrates,2100000,BGS
Canada,2001,titanium ores and concentrates,2300000,BGS
Canada,2002,titanium ores and concentrates,2100000,BGS
Canada,2003,titanium ores and concentrates,1900000,BGS
Canada,2004,titanium ores and concentrates,2100000,BGS
Canada,2005,titanium ores and concentrates,2100000,BGS
Canada,2006,titanium ores and concentrates,2400000,BGS
Canada,2007,titanium ores and concentrates,2500000,BGS
Canada,2008,titanium ores and concentrates,2600000,BGS
Canada,2009,titanium ores and concentrates,2000000,BGS
Canada,2010,titanium ores and concentrates,2400000,BGS
Canada,2011,titanium ores and concentrates,2500000,BGS
Canada,2012,titanium ores and concentrates,2700000,BGS
Canada,2013,titanium ores and concentrates,2800000,BGS
Canada,2014,titanium ores and concentrates,2500000,BGS
Canada,2015,titanium ores and concentrates,1900000,BGS
Canada,2016,titanium ores and concentrates,1800000,BGS
Canada,2017,titanium ores and concentrates,2300000,BGS
Canada,2018,titanium ores and concentrates,2000000,BGS
Canada,2019,titanium ores and concentrates,2100000,BGS
Canada,2020,titanium ores and concentrates,1900000,BGS
Canada,2021,titanium ores and concentrates,1700000,BGS
Canada,2022,titanium ores and concentrates,2100000,BGS
China,1970,titanium ores and concentrates,0,BGS
China,1971,titanium ores and concentrates,0,BGS
China,1972,titanium ores and concentrates,0,BGS
China,1973,titanium ores and concentrates,0,BGS
China,1974,titanium ores and concentrates,0,BGS
China,1975,titanium ores and concentrates,0,BGS
China,1976,titanium ores and concentrates,0,BGS
China,1977,titanium ores and concentrates,0,BGS
China,1978,titanium ores and concentrates,0,BGS
China,1979,titanium ores and concentrates,0,BGS
China,1980,titanium ores and concentrates,0,BGS
China,1981,titanium ores and concentrates,135000,BGS
China,1982,titanium ores and concentrates,135000,BGS
China,1983,titanium ores and concentrates,140000,BGS
China,1984,titanium ores and concentrates,145000,BGS
China,1985,titanium ores and concentrates,145000,BGS
China,1986,titanium ores and concentrates,145000,BGS
China,1987,titanium ores and concentrates,145000,BGS
China,1988,titanium ores and concentrates,150000,BGS
China,1989,titanium ores and concentrates,271000,BGS
China,1990,titanium ores and concentrates,184000,BGS
China,1991,titanium ores and concentrates,229000,BGS
China,1992,titanium ores and concentrates,304900,BGS
China,1993,titanium ores and concentrates,226000,BGS
China,1994,titanium ores and concentrates,216500,BGS
China,1995,titanium ores and concentrates,0,BGS
China,1996,titanium ores and concentrates,0,BGS
China,1997,titanium ores and concentrates,218200,BGS
China,1998,titanium ores and concentrates,58200,BGS
China,1999,titanium ores and concentrates,400000,BGS
China,2000,titanium ores and concentrates,650000,BGS
China,2001,titanium ores and concentrates,750000,BGS
China,2002,titanium ores and concentrates,840000,BGS
China,2003,titanium ores and concentrates,840000,BGS
China,2004,titanium ores and concentrates,840000,BGS
China,2005,titanium ores and concentrates,1060000,BGS
China,2006,titanium ores and concentrates,1260000,BGS
China,2007,titanium ores and concentrates,1260000,BGS
China,2008,titanium ores and concentrates,1080000,BGS
China,2009,titanium ores and concentrates,900000,BGS
China,2010,titanium ores and concentrates,1400000,BGS
China,2011,titanium ores and concentrates,1420000,BGS
China,2012,titanium ores and concentrates,1340000,BGS
China,2013,titanium ores and concentrates,1420000,BGS
China,2014,titanium ores and concentrates,4240000,BGS
China,2015,titanium ores and concentrates,3910000,BGS
China,2016,titanium ores and concentrates,3800000,BGS
China,2017,titanium ores and concentrates,3830000,BGS
China,2018,titanium ores and concentrates,4200000,BGS
China,2019,titanium ores and concentrates,4600000,BGS
China,2020,titanium ores and concentrates,5100000,BGS
China,2021,titanium ores and concentrates,5100000,BGS
China,2022,titanium ores and concentrates,5100000,BGS
Egypt,1970,titanium ores and concentrates,0,BGS
Egypt,1971,titanium ores and concentrates,0,BGS
Egypt,1972,titanium ores and concentrates,0,BGS
Egypt,1973,titanium ores and concentrates,0,BGS
Egypt,1974,titanium ores and concentrates,0,BGS
Egypt,1975,titanium ores and concentrates,0,BGS
Egypt,1976,titanium ores and concentrates,0,BGS
Egypt,1977,titanium ores and concentrates,0,BGS
Egypt,1978,titanium ores and concentrates,0,BGS
Egypt,1979,titanium ores and concentrates,0,BGS
Egypt,1980,titanium ores and concentrates,0,BGS
Egypt,1981,titanium ores and concentrates,0,BGS
Egypt,1982,titanium ores and concentrates,0,BGS
Egypt,1983,titanium ores and concentrates,0,BGS
Egypt,1984,titanium ores and concentrates,0,BGS
Egypt,1985,titanium ores and concentrates,0,BGS
Egypt,1986,titanium ores and concentrates,0,BGS
Egypt,1987,titanium ores and concentrates,0,BGS
Egypt,1988,titanium ores and concentrates,0,BGS
Egypt,1989,titanium ores and concentrates,0,BGS
Egypt,1990,titanium ores and concentrates,0,BGS
Egypt,1991,titanium ores and concentrates,0,BGS
Egypt,1992,titanium ores and concentrates,0,BGS
Egypt,1993,titanium ores and concentrates,0,BGS
Egypt,1994,titanium ores and concentrates,0,BGS
Egypt,1995,titanium ores and concentrates,0,BGS
Egypt,1996,titanium ores and concentrates,57000,BGS
Egypt,1997,titanium ores and concentrates,124180,BGS
Egypt,1998,titanium ores and concentrates,125000,BGS
Egypt,1999,titanium ores and concentrates,130000,BGS
Egypt,2000,titanium ores and concentrates,125000,BGS
Egypt,2001,titanium ores and concentrates,125000,BGS
Egypt,2002,titanium ores and concentrates,125000,BGS
Egypt,2003,titanium ores and concentrates,125000,BGS
Egypt,2004,titanium ores and concentrates,120000,BGS
Egypt,2005,titanium ores and concentrates,120000,BGS
Egypt,2006,titanium ores and concentrates,120000,BGS
Egypt,2007,titanium ores and concentrates,108000,BGS
Egypt,2008,titanium ores and concentrates,88000,BGS
Egypt,2009,titanium ores and concentrates,88000,BGS
Egypt,2010,titanium ores and concentrates,11000,BGS
Egypt,2011,titanium ores and concentrates,0,BGS
Egypt,2012,titanium ores and concentrates,0,BGS
Egypt,2013,titanium ores and concentrates,0,BGS
Egypt,2014,titanium ores and concentrates,0,BGS
Egypt,2015,titanium ores and concentrates,0,BGS
Egypt,2016,titanium ores and concentrates,0,BGS
Egypt,2017,titanium ores and concentrates,0,BGS
Egypt,2018,titanium ores and concentrates,0,BGS
Egypt,2019,titanium ores and concentrates,0,BGS
Egypt,2020,titanium ores and concentrates,0,BGS
Egypt,2021,titanium ores and concentrates,0,BGS
Egypt,2022,titanium ores and concentrates,0,BGS
Finland,1970,Ilmenite,151000,BGS
Finland,1970,titanium ores and concentrates,151000,BGS
Finland,1971,Ilmenite,139500,BGS
Finland,1971,titanium ores and concentrates,139500,BGS
Finland,1972,Ilmenite,149500,BGS
Finland,1972,titanium ores and concentrates,149500,BGS
Finland,1973,Ilmenite,159000,BGS
Finland,1973,titanium ores and concentrates,159000,BGS
Finland,1974,Ilmenite,152000,BGS
Finland,1974,titanium ores and concentrates,152000,BGS
Finland,1975,Ilmenite,122600,BGS
Finland,1975,titanium ores and concentrates,122600,BGS
Finland,1976,Ilmenite,122600,BGS
Finland,1976,titanium ores and concentrates,122600,BGS
Finland,1977,Ilmenite,124700,BGS
Finland,1977,titanium ores and concentrates,124700,BGS
Finland,1978,Ilmenite,131900,BGS
Finland,1978,titanium ores and concentrates,131900,BGS
Finland,1979,Ilmenite,131500,BGS
Finland,1979,titanium ores and concentrates,131500,BGS
Finland,1980,Ilmenite,159000,BGS
Finland,1980,titanium ores and concentrates,159000,BGS
Finland,1981,Ilmenite,161500,BGS
Finland,1981,titanium ores and concentrates,161500,BGS
Finland,1982,Ilmenite,167800,BGS
Finland,1982,titanium ores and concentrates,167800,BGS
Finland,1983,Ilmenite,163900,BGS
Finland,1983,titanium ores and concentrates,163900,BGS
Finland,1984,Ilmenite,167000,BGS
Finland,1984,titanium ores and concentrates,167000,BGS
Finland,1985,Ilmenite,53000,BGS
Finland,1985,titanium ores and concentrates,53000,BGS
Finland,1986,Ilmenite,0,BGS
Finland,1986,titanium ores and concentrates,0,BGS
Finland,1987,Ilmenite,0,BGS
Finland,1987,titanium ores and concentrates,0,BGS
Finland,1988,Ilmenite,0,BGS
Finland,1988,titanium ores and concentrates,0,BGS
Finland,1989,Ilmenite,0,BGS
Finland,1989,titanium ores and concentrates,0,BGS
Finland,1990,Ilmenite,0,BGS
Finland,1990,titanium ores and concentrates,0,BGS
Finland,1991,Ilmenite,0,BGS
Finland,1991,titanium ores and concentrates,0,BGS
Finland,1992,Ilmenite,0,BGS
Finland,1992,titanium ores and concentrates,0,BGS
Finland,1993,Ilmenite,0,BGS
Finland,1993,titanium ores and concentrates,0,BGS
Finland,1994,Ilmenite,0,BGS
Finland,1994,titanium ores and concentrates,0,BGS
Finland,1995,Ilmenite,0,BGS
Finland,1995,titanium ores and concentrates,0,BGS
Finland,1996,Ilmenite,0,BGS
Finland,1996,titanium ores and concentrates,0,BGS
Finland,1997,Ilmenite,0,BGS
Finland,1997,titanium ores and concentrates,0,BGS
Finland,1998,Ilmenite,0,BGS
Finland,1998,titanium ores and concentrates,0,BGS
Finland,1999,Ilmenite,0,BGS
Finland,1999,titanium ores and concentrates,0,BGS
Finland,2000,Ilmenite,0,BGS
Finland,2000,titanium ores and concentrates,0,BGS
Finland,2001,Ilmenite,0,BGS
Finland,2001,titanium ores and concentrates,0,BGS
Finland,2002,Ilmenite,0,BGS
Finland,2002,titanium ores and concentrates,0,BGS
Finland,2003,Ilmenite,0,BGS
Finland,2003,titanium ores and concentrates,0,BGS
Finland,2004,Ilmenite,0,BGS
Finland,2004,titanium ores and concentrates,0,BGS
Finland,2005,Ilmenite,0,BGS
Finland,2005,titanium ores and concentrates,0,BGS
Finland,2006,Ilmenite,0,BGS
Finland,2006,titanium ores and concentrates,0,BGS
Finland,2007,Ilmenite,0,BGS
Finland,2007,titanium ores and concentrates,0,BGS
Finland,2008,Ilmenite,0,BGS
Finland,2008,titanium ores and concentrates,0,BGS
Finland,2009,Ilmenite,0,BGS
Finland,2009,titanium ores and concentrates,0,BGS
Finland,2010,Ilmenite,0,BGS
Finland,2010,titanium ores and concentrates,0,BGS
Finland,2011,Ilmenite,0,BGS
Finland,2011,titanium ores and concentrates,0,BGS
Finland,2012,Ilmenite,0,BGS
Finland,2012,titanium ores and concentrates,0,BGS
Finland,2013,Ilmenite,0,BGS
Finland,2013,titanium ores and concentrates,0,BGS
Finland,2014,Ilmenite,0,BGS
Finland,2014,titanium ores and concentrates,0,BGS
Finland,2015,Ilmenite,0,BGS
Finland,2015,titanium ores and concentrates,0,BGS
Finland,2016,Ilmenite,0,BGS
Finland,2016,titanium ores and concentrates,0,BGS
Finland,2017,Ilmenite,0,BGS
Finland,2017,titanium ores and concentrates,0,BGS
Finland,2018,Ilmenite,0,BGS
Finland,2018,titanium ores and concentrates,0,BGS
Finland,2019,Ilmenite,0,BGS
Finland,2019,titanium ores and concentrates,0,BGS
Finland,2020,Ilmenite,0,BGS
Finland,2020,titanium ores and concentrates,0,BGS
Finland,2021,Ilmenite,0,BGS
Finland,2021,titanium ores and concentrates,0,BGS
Finland,2022,Ilmenite,0,BGS
Finland,2022,titanium ores and concentrates,0,BGS
Gambia,1970,Ilmenite,0,BGS
Gambia,1970,titanium ores and concentrates,0,BGS
Gambia,1971,Ilmenite,0,BGS
Gambia,1971,titanium ores and concentrates,0,BGS
Gambia,1972,Ilmenite,0,BGS
Gambia,1972,titanium ores and concentrates,0,BGS
Gambia,1973,Ilmenite,0,BGS
Gambia,1973,titanium ores and concentrates,0,BGS
Gambia,1974,Ilmenite,0,BGS
Gambia,1974,titanium ores and concentrates,0,BGS
Gambia,1975,Ilmenite,0,BGS
Gambia,1975,titanium ores and concentrates,0,BGS
Gambia,1976,Ilmenite,0,BGS
Gambia,1976,titanium ores and concentrates,0,BGS
Gambia,1977,Ilmenite,0,BGS
Gambia,1977,titanium ores and concentrates,0,BGS
Gambia,1978,Ilmenite,0,BGS
Gambia,1978,titanium ores and concentrates,0,BGS
Gambia,1979,Ilmenite,0,BGS
Gambia,1979,titanium ores and concentrates,0,BGS
Gambia,1980,Ilmenite,0,BGS
Gambia,1980,titanium ores and concentrates,0,BGS
Gambia,1981,Ilmenite,0,BGS
Gambia,1981,titanium ores and concentrates,0,BGS
Gambia,1982,Ilmenite,0,BGS
Gambia,1982,titanium ores and concentrates,0,BGS
Gambia,1983,Ilmenite,0,BGS
Gambia,1983,titanium ores and concentrates,0,BGS
Gambia,1984,Ilmenite,0,BGS
Gambia,1984,titanium ores and concentrates,0,BGS
Gambia,1985,Ilmenite,0,BGS
Gambia,1985,titanium ores and concentrates,0,BGS
Gambia,1986,Ilmenite,0,BGS
Gambia,1986,titanium ores and concentrates,0,BGS
Gambia,1987,Ilmenite,0,BGS
Gambia,1987,titanium ores and concentrates,0,BGS
Gambia,1988,Ilmenite,0,BGS
Gambia,1988,titanium ores and concentrates,0,BGS
Gambia,1989,Ilmenite,0,BGS
Gambia,1989,titanium ores and concentrates,0,BGS
Gambia,1990,Ilmenite,0,BGS
Gambia,1990,titanium ores and concentrates,0,BGS
Gambia,1991,Ilmenite,0,BGS
Gambia,1991,titanium ores and concentrates,0,BGS
Gambia,1992,Ilmenite,0,BGS
Gambia,1992,titanium ores and concentrates,0,BGS
Gambia,1993,Ilmenite,0,BGS
Gambia,1993,titanium ores and concentrates,0,BGS
Gambia,1994,Ilmenite,0,BGS
Gambia,1994,titanium ores and concentrates,0,BGS
Gambia,1995,Ilmenite,0,BGS
Gambia,1995,titanium ores and concentrates,0,BGS
Gambia,1996,Ilmenite,0,BGS
Gambia,1996,titanium ores and concentrates,0,BGS
Gambia,1997,Ilmenite,0,BGS
Gambia,1997,titanium ores and concentrates,0,BGS
Gambia,1998,Ilmenite,0,BGS
Gambia,1998,titanium ores and concentrates,0,BGS
Gambia,1999,Ilmenite,0,BGS
Gambia,1999,titanium ores and concentrates,0,BGS
Gambia,2000,Ilmenite,0,BGS
Gambia,2000,titanium ores and concentrates,0,BGS
Gambia,2001,Ilmenite,0,BGS
Gambia,2001,titanium ores and concentrates,0,BGS
Gambia,2002,Ilmenite,0,BGS
Gambia,2002,titanium ores and concentrates,0,BGS
Gambia,2003,Ilmenite,0,BGS
Gambia,2003,titanium ores and concentrates,0,BGS
Gambia,2004,Ilmenite,0,BGS
Gambia,2004,titanium ores and concentrates,0,BGS
Gambia,2005,Ilmenite,0,BGS
Gambia,2005,titanium ores and concentrates,0,BGS
Gambia,2006,Ilmenite,0,BGS
Gambia,2006,titanium ores and concentrates,0,BGS
Gambia,2007,Ilmenite,672,BGS
Gambia,2007,titanium ores and concentrates,672,BGS
Gambia,2008,Ilmenite,0,BGS
Gambia,2008,titanium ores and concentrates,0,BGS
Gambia,2009,Ilmenite,54655,BGS
Gambia,2009,titanium ores and concentrates,54655,BGS
Gambia,2010,Ilmenite,0,BGS
Gambia,2010,titanium ores and concentrates,0,BGS
Gambia,2011,Ilmenite,0,BGS
Gambia,2011,titanium ores and concentrates,0,BGS
Gambia,2012,Ilmenite,0,BGS
Gambia,2012,titanium ores and concentrates,0,BGS
Gambia,2013,Ilmenite,0,BGS
Gambia,2013,titanium ores and concentrates,0,BGS
Gambia,2014,Ilmenite,0,BGS
Gambia,2014,titanium ores and concentrates,0,BGS
Gambia,2015,Ilmenite,0,BGS
Gambia,2015,titanium ores and concentrates,0,BGS
Gambia,2016,Ilmenite,0,BGS
Gambia,2016,titanium ores and concentrates,0,BGS
Gambia,2017,Ilmenite,3975,BGS
Gambia,2017,titanium ores and concentrates,3975,BGS
Gambia,2018,Ilmenite,1000,BGS
Gambia,2018,titanium ores and concentrates,1000,BGS
Gambia,2019,Ilmenite,9000,BGS
Gambia,2019,titanium ores and concentrates,9000,BGS
Gambia,2020,Ilmenite,6000,BGS
Gambia,2020,titanium ores and concentrates,6000,BGS
Gambia,2021,Ilmenite,14000,BGS
Gambia,2021,titanium ores and concentrates,14000,BGS
Gambia,2022,Ilmenite,12000,BGS
Gambia,2022,titanium ores and concentrates,12000,BGS
India,1970,Ilmenite,78900,BGS
India,1970,Rutile,2500,BGS
India,1970,titanium ores and concentrates,81400,BGS
India,1971,Ilmenite,90700,BGS
India,1971,Rutile,2900,BGS
India,1971,titanium ores and concentrates,93600,BGS
India,1972,Ilmenite,91069,BGS
India,1972,Rutile,3065,BGS
India,1972,titanium ores and concentrates,94134,BGS
India,1973,Ilmenite,77191,BGS
India,1973,Rutile,3400,BGS
India,1973,titanium ores and concentrates,80591,BGS
India,1974,Ilmenite,132000,BGS
India,1974,Rutile,5800,BGS
India,1974,titanium ores and concentrates,137800,BGS
India,1975,Ilmenite,82000,BGS
India,1975,Rutile,3600,BGS
India,1975,titanium ores and concentrates,85600,BGS
India,1976,Ilmenite,175492,BGS
India,1976,Rutile,7005,BGS
India,1976,titanium ores and concentrates,182497,BGS
India,1977,Ilmenite,153979,BGS
India,1977,Rutile,7058,BGS
India,1977,titanium ores and concentrates,161037,BGS
India,1978,Ilmenite,172541,BGS
India,1978,Rutile,7107,BGS
India,1978,titanium ores and concentrates,179648,BGS
India,1979,Ilmenite,162909,BGS
India,1979,Rutile,6642,BGS
India,1979,titanium ores and concentrates,169551,BGS
India,1980,Ilmenite,184556,BGS
India,1980,Rutile,7192,BGS
India,1980,titanium ores and concentrates,191748,BGS
India,1981,Ilmenite,188828,BGS
India,1981,Rutile,8752,BGS
India,1981,titanium ores and concentrates,197580,BGS
India,1982,Ilmenite,177053,BGS
India,1982,Rutile,7866,BGS
India,1982,titanium ores and concentrates,184919,BGS
India,1983,Ilmenite,144804,BGS
India,1983,Rutile,6715,BGS
India,1983,titanium ores and concentrates,151519,BGS
India,1984,Ilmenite,140000,BGS
India,1984,Rutile,6000,BGS
India,1984,titanium ores and concentrates,146000,BGS
India,1985,Ilmenite,143000,BGS
India,1985,Rutile,6800,BGS
India,1985,titanium ores and concentrates,149800,BGS
India,1986,Ilmenite,140000,BGS
India,1986,Rutile,7000,BGS
India,1986,titanium ores and concentrates,147000,BGS
India,1987,Ilmenite,140000,BGS
India,1987,Rutile,7000,BGS
India,1987,titanium ores and concentrates,147000,BGS
India,1988,Ilmenite,229693,BGS
India,1988,Rutile,9584,BGS
India,1988,titanium ores and concentrates,239277,BGS
India,1989,Ilmenite,240656,BGS
India,1989,Rutile,9931,BGS
India,1989,titanium ores and concentrates,250587,BGS
India,1990,Ilmenite,280000,BGS
India,1990,Rutile,11000,BGS
India,1990,titanium ores and concentrates,291000,BGS
India,1991,Ilmenite,311537,BGS
India,1991,Rutile,13635,BGS
India,1991,titanium ores and concentrates,325172,BGS
India,1992,Ilmenite,300000,BGS
India,1992,Rutile,10000,BGS
India,1992,titanium ores and concentrates,310000,BGS
India,1993,Ilmenite,320000,BGS
India,1993,Rutile,13900,BGS
India,1993,titanium ores and concentrates,333900,BGS
India,1994,Ilmenite,297444,BGS
India,1994,Rutile,13438,BGS
India,1994,titanium ores and concentrates,310882,BGS
India,1995,Ilmenite,298369,BGS
India,1995,Rutile,12963,BGS
India,1995,titanium ores and concentrates,311332,BGS
India,1996,Ilmenite,231513,BGS
India,1996,Rutile,9305,BGS
India,1996,titanium ores and concentrates,240818,BGS
India,1997,Ilmenite,332727,BGS
India,1997,Rutile,14365,BGS
India,1997,titanium ores and concentrates,347092,BGS
India,1998,Ilmenite,377907,BGS
India,1998,Rutile,16039,BGS
India,1998,titanium ores and concentrates,393946,BGS
India,1999,Ilmenite,388271,BGS
India,1999,Rutile,17505,BGS
India,1999,titanium ores and concentrates,405776,BGS
India,2000,Ilmenite,429707,BGS
India,2000,Rutile,18974,BGS
India,2000,titanium ores and concentrates,448681,BGS
India,2001,Ilmenite,450678,BGS
India,2001,Rutile,17817,BGS
India,2001,titanium ores and concentrates,468495,BGS
India,2002,Ilmenite,478717,BGS
India,2002,Rutile,14531,BGS
India,2002,titanium ores and concentrates,493248,BGS
India,2003,Ilmenite,589829,BGS
India,2003,Rutile,19646,BGS
India,2003,titanium ores and concentrates,609475,BGS
India,2004,Ilmenite,632025,BGS
India,2004,Rutile,19649,BGS
India,2004,titanium ores and concentrates,651674,BGS
India,2005,Ilmenite,703796,BGS
India,2005,Rutile,20299,BGS
India,2005,titanium ores and concentrates,724095,BGS
India,2006,Ilmenite,692906,BGS
India,2006,Rutile,16157,BGS
India,2006,titanium ores and concentrates,709063,BGS
India,2007,Ilmenite,675967,BGS
India,2007,Rutile,20518,BGS
India,2007,titanium ores and concentrates,696485,BGS
India,2008,Ilmenite,588127,BGS
India,2008,Rutile,19098,BGS
India,2008,titanium ores and concentrates,607225,BGS
India,2009,Ilmenite,713605,BGS
India,2009,Rutile,18573,BGS
India,2009,titanium ores and concentrates,732178,BGS
India,2010,Ilmenite,663217,BGS
India,2010,Rutile,26593,BGS
India,2010,titanium ores and concentrates,689810,BGS
India,2011,Ilmenite,718612,BGS
India,2011,Rutile,20225,BGS
India,2011,titanium ores and concentrates,738837,BGS
India,2012,Ilmenite,738524,BGS
India,2012,Rutile,16527,BGS
India,2012,titanium ores and concentrates,755051,BGS
India,2013,Ilmenite,721959,BGS
India,2013,Rutile,13459,BGS
India,2013,titanium ores and concentrates,735418,BGS
India,2014,Ilmenite,643128,BGS
India,2014,Rutile,15617,BGS
India,2014,titanium ores and concentrates,658745,BGS
India,2015,Ilmenite,626135,BGS
India,2015,Rutile,16723,BGS
India,2015,titanium ores and concentrates,642858,BGS
India,2016,Ilmenite,594978,BGS
India,2016,Rutile,14898,BGS
India,2016,titanium ores and concentrates,609876,BGS
India,2017,Ilmenite,284667,BGS
India,2017,Rutile,11829,BGS
India,2017,titanium ores and concentrates,296496,BGS
India,2018,Ilmenite,265931,BGS
India,2018,Rutile,11045,BGS
India,2018,titanium ores and concentrates,276976,BGS
India,2019,Ilmenite,265000,BGS
India,2019,Rutile,11000,BGS
India,2019,titanium ores and concentrates,276000,BGS
India,2020,Ilmenite,265000,BGS
India,2020,Rutile,11000,BGS
India,2020,titanium ores and concentrates,276000,BGS
India,2021,Ilmenite,265000,BGS
India,2021,Rutile,11000,BGS
India,2021,titanium ores and concentrates,276000,BGS
India,2022,Ilmenite,265000,BGS
India,2022,Rutile,11000,BGS
India,2022,titanium ores and concentrates,276000,BGS
Japan,1970,titanium ores and concentrates,3145,BGS
Japan,1971,titanium ores and concentrates,2376,BGS
Japan,1972,titanium ores and concentrates,2115,BGS
Japan,1973,titanium ores and concentrates,1506,BGS
Japan,1974,titanium ores and concentrates,0,BGS
Japan,1975,titanium ores and concentrates,0,BGS
Japan,1976,titanium ores and concentrates,0,BGS
Japan,1977,titanium ores and concentrates,0,BGS
Japan,1978,titanium ores and concentrates,0,BGS
Japan,1979,titanium ores and concentrates,0,BGS
Japan,1980,titanium ores and concentrates,0,BGS
Japan,1981,titanium ores and concentrates,0,BGS
Japan,1982,titanium ores and concentrates,0,BGS
Japan,1983,titanium ores and concentrates,0,BGS
Japan,1984,titanium ores and concentrates,0,BGS
Japan,1985,titanium ores and concentrates,0,BGS
Japan,1986,titanium ores and concentrates,0,BGS
Japan,1987,titanium ores and concentrates,0,BGS
Japan,1988,titanium ores and concentrates,0,BGS
Japan,1989,titanium ores and concentrates,0,BGS
Japan,1990,titanium ores and concentrates,0,BGS
Japan,1991,titanium ores and concentrates,0,BGS
Japan,1992,titanium ores and concentrates,0,BGS
Japan,1993,titanium ores and concentrates,0,BGS
Japan,1994,titanium ores and concentrates,0,BGS
Japan,1995,titanium ores and concentrates,0,BGS
Japan,1996,titanium ores and concentrates,0,BGS
Japan,1997,titanium ores and concentrates,0,BGS
Japan,1998,titanium ores and concentrates,0,BGS
Japan,1999,titanium ores and concentrates,0,BGS
Japan,2000,titanium ores and concentrates,0,BGS
Japan,2001,titanium ores and concentrates,0,BGS
Japan,2002,titanium ores and concentrates,0,BGS
Japan,2003,titanium ores and concentrates,0,BGS
Japan,2004,titanium ores and concentrates,0,BGS
Japan,2005,titanium ores and concentrates,0,BGS
Japan,2006,titanium ores and concentrates,0,BGS
Japan,2007,titanium ores and concentrates,0,BGS
Japan,2008,titanium ores and concentrates,0,BGS
Japan,2009,titanium ores and concentrates,0,BGS
Japan,2010,titanium ores and concentrates,0,BGS
Japan,2011,titanium ores and concentrates,0,BGS
Japan,2012,titanium ores and concentrates,0,BGS
Japan,2013,titanium ores and concentrates,0,BGS
Japan,2014,titanium ores and concentrates,0,BGS
Japan,2015,titanium ores and concentrates,0,BGS
Japan,2016,titanium ores and concentrates,0,BGS
Japan,2017,titanium ores and concentrates,0,BGS
Japan,2018,titanium ores and concentrates,0,BGS
Japan,2019,titanium ores and concentrates,0,BGS
Japan,2020,titanium ores and concentrates,0,BGS
Japan,2021,titanium ores and concentrates,0,BGS
Japan,2022,titanium ores and concentrates,0,BGS
Kazakhstan,1970,titanium ores and concentrates,0,BGS
Kazakhstan,1971,titanium ores and concentrates,0,BGS
Kazakhstan,1972,titanium ores and concentrates,0,BGS
Kazakhstan,1973,titanium ores and concentrates,0,BGS
Kazakhstan,1974,titanium ores and concentrates,0,BGS
Kazakhstan,1975,titanium ores and concentrates,0,BGS
Kazakhstan,1976,titanium ores and concentrates,0,BGS
Kazakhstan,1977,titanium ores and concentrates,0,BGS
Kazakhstan,1978,titanium ores and concentrates,0,BGS
Kazakhstan,1979,titanium ores and concentrates,0,BGS
Kazakhstan,1980,titanium ores and concentrates,0,BGS
Kazakhstan,1981,titanium ores and concentrates,0,BGS
Kazakhstan,1982,titanium ores and concentrates,0,BGS
Kazakhstan,1983,titanium ores and concentrates,0,BGS
Kazakhstan,1984,titanium ores and concentrates,0,BGS
Kazakhstan,1985,titanium ores and concentrates,0,BGS
Kazakhstan,1986,titanium ores and concentrates,0,BGS
Kazakhstan,1987,titanium ores and concentrates,0,BGS
Kazakhstan,1988,titanium ores and concentrates,0,BGS
Kazakhstan,1989,titanium ores and concentrates,0,BGS
Kazakhstan,1990,titanium ores and concentrates,0,BGS
Kazakhstan,1991,titanium ores and concentrates,0,BGS
Kazakhstan,1992,titanium ores and concentrates,0,BGS
Kazakhstan,1993,titanium ores and concentrates,0,BGS
Kazakhstan,1994,titanium ores and concentrates,0,BGS
Kazakhstan,1995,titanium ores and concentrates,0,BGS
Kazakhstan,1996,titanium ores and concentrates,0,BGS
Kazakhstan,1997,titanium ores and concentrates,0,BGS
Kazakhstan,1998,titanium ores and concentrates,0,BGS
Kazakhstan,1999,titanium ores and concentrates,0,BGS
Kazakhstan,2000,titanium ores and concentrates,0,BGS
Kazakhstan,2001,titanium ores and concentrates,0,BGS
Kazakhstan,2002,titanium ores and concentrates,0,BGS
Kazakhstan,2003,titanium ores and concentrates,9300,BGS
Kazakhstan,2004,titanium ores and concentrates,11670,BGS
Kazakhstan,2005,titanium ores and concentrates,10000,BGS
Kazakhstan,2006,titanium ores and concentrates,13500,BGS
Kazakhstan,2007,titanium ores and concentrates,15700,BGS
Kazakhstan,2008,titanium ores and concentrates,16000,BGS
Kazakhstan,2009,titanium ores and concentrates,17000,BGS
Kazakhstan,2010,titanium ores and concentrates,17000,BGS
Kazakhstan,2011,titanium ores and concentrates,17000,BGS
Kazakhstan,2012,titanium ores and concentrates,17000,BGS
Kazakhstan,2013,titanium ores and concentrates,17000,BGS
Kazakhstan,2014,titanium ores and concentrates,17000,BGS
Kazakhstan,2015,titanium ores and concentrates,17000,BGS
Kazakhstan,2016,titanium ores and concentrates,17000,BGS
Kazakhstan,2017,titanium ores and concentrates,9400,BGS
Kazakhstan,2018,titanium ores and concentrates,10000,BGS
Kazakhstan,2019,titanium ores and concentrates,10000,BGS
Kazakhstan,2020,titanium ores and concentrates,8000,BGS
Kazakhstan,2021,titanium ores and concentrates,10000,BGS
Kazakhstan,2022,titanium ores and concentrates,16000,BGS
Kenya,1970,Ilmenite,0,BGS
Kenya,1970,Rutile,0,BGS
Kenya,1970,titanium ores and concentrates,0,BGS
Kenya,1971,Ilmenite,0,BGS
Kenya,1971,Rutile,0,BGS
Kenya,1971,titanium ores and concentrates,0,BGS
Kenya,1972,Ilmenite,0,BGS
Kenya,1972,Rutile,0,BGS
Kenya,1972,titanium ores and concentrates,0,BGS
Kenya,1973,Ilmenite,0,BGS
Kenya,1973,Rutile,0,BGS
Kenya,1973,titanium ores and concentrates,0,BGS
Kenya,1974,Ilmenite,0,BGS
Kenya,1974,Rutile,0,BGS
Kenya,1974,titanium ores and concentrates,0,BGS
Kenya,1975,Ilmenite,0,BGS
Kenya,1975,Rutile,0,BGS
Kenya,1975,titanium ores and concentrates,0,BGS
Kenya,1976,Ilmenite,0,BGS
Kenya,1976,Rutile,0,BGS
Kenya,1976,titanium ores and concentrates,0,BGS
Kenya,1977,Ilmenite,0,BGS
Kenya,1977,Rutile,0,BGS
Kenya,1977,titanium ores and concentrates,0,BGS
Kenya,1978,Ilmenite,0,BGS
Kenya,1978,Rutile,0,BGS
Kenya,1978,titanium ores and concentrates,0,BGS
Kenya,1979,Ilmenite,0,BGS
Kenya,1979,Rutile,0,BGS
Kenya,1979,titanium ores and concentrates,0,BGS
Kenya,1980,Ilmenite,0,BGS
Kenya,1980,Rutile,0,BGS
Kenya,1980,titanium ores and concentrates,0,BGS
Kenya,1981,Ilmenite,0,BGS
Kenya,1981,Rutile,0,BGS
Kenya,1981,titanium ores and concentrates,0,BGS
Kenya,1982,Ilmenite,0,BGS
Kenya,1982,Rutile,0,BGS
Kenya,1982,titanium ores and concentrates,0,BGS
Kenya,1983,Ilmenite,0,BGS
Kenya,1983,Rutile,0,BGS
Kenya,1983,titanium ores and concentrates,0,BGS
Kenya,1984,Ilmenite,0,BGS
Kenya,1984,Rutile,0,BGS
Kenya,1984,titanium ores and concentrates,0,BGS
Kenya,1985,Ilmenite,0,BGS
Kenya,1985,Rutile,0,BGS
Kenya,1985,titanium ores and concentrates,0,BGS
Kenya,1986,Ilmenite,0,BGS
Kenya,1986,Rutile,0,BGS
Kenya,1986,titanium ores and concentrates,0,BGS
Kenya,1987,Ilmenite,0,BGS
Kenya,1987,Rutile,0,BGS
Kenya,1987,titanium ores and concentrates,0,BGS
Kenya,1988,Ilmenite,0,BGS
Kenya,1988,Rutile,0,BGS
Kenya,1988,titanium ores and concentrates,0,BGS
Kenya,1989,Ilmenite,0,BGS
Kenya,1989,Rutile,0,BGS
Kenya,1989,titanium ores and concentrates,0,BGS
Kenya,1990,Ilmenite,0,BGS
Kenya,1990,Rutile,0,BGS
Kenya,1990,titanium ores and concentrates,0,BGS
Kenya,1991,Ilmenite,0,BGS
Kenya,1991,Rutile,0,BGS
Kenya,1991,titanium ores and concentrates,0,BGS
Kenya,1992,Ilmenite,0,BGS
Kenya,1992,Rutile,0,BGS
Kenya,1992,titanium ores and concentrates,0,BGS
Kenya,1993,Ilmenite,0,BGS
Kenya,1993,Rutile,0,BGS
Kenya,1993,titanium ores and concentrates,0,BGS
Kenya,1994,Ilmenite,0,BGS
Kenya,1994,Rutile,0,BGS
Kenya,1994,titanium ores and concentrates,0,BGS
Kenya,1995,Ilmenite,0,BGS
Kenya,1995,Rutile,0,BGS
Kenya,1995,titanium ores and concentrates,0,BGS
Kenya,1996,Ilmenite,0,BGS
Kenya,1996,Rutile,0,BGS
Kenya,1996,titanium ores and concentrates,0,BGS
Kenya,1997,Ilmenite,0,BGS
Kenya,1997,Rutile,0,BGS
Kenya,1997,titanium ores and concentrates,0,BGS
Kenya,1998,Ilmenite,0,BGS
Kenya,1998,Rutile,0,BGS
Kenya,1998,titanium ores and concentrates,0,BGS
Kenya,1999,Ilmenite,0,BGS
Kenya,1999,Rutile,0,BGS
Kenya,1999,titanium ores and concentrates,0,BGS
Kenya,2000,Ilmenite,0,BGS
Kenya,2000,Rutile,0,BGS
Kenya,2000,titanium ores and concentrates,0,BGS
Kenya,2001,Ilmenite,0,BGS
Kenya,2001,Rutile,0,BGS
Kenya,2001,titanium ores and concentrates,0,BGS
Kenya,2002,Ilmenite,0,BGS
Kenya,2002,Rutile,0,BGS
Kenya,2002,titanium ores and concentrates,0,BGS
Kenya,2003,Ilmenite,0,BGS
Kenya,2003,Rutile,0,BGS
Kenya,2003,titanium ores and concentrates,0,BGS
Kenya,2004,Ilmenite,0,BGS
Kenya,2004,Rutile,0,BGS
Kenya,2004,titanium ores and concentrates,0,BGS
Kenya,2005,Ilmenite,0,BGS
Kenya,2005,Rutile,0,BGS
Kenya,2005,titanium ores and concentrates,0,BGS
Kenya,2006,Ilmenite,0,BGS
Kenya,2006,Rutile,0,BGS
Kenya,2006,titanium ores and concentrates,0,BGS
Kenya,2007,Ilmenite,0,BGS
Kenya,2007,Rutile,0,BGS
Kenya,2007,titanium ores and concentrates,0,BGS
Kenya,2008,Ilmenite,0,BGS
Kenya,2008,Rutile,0,BGS
Kenya,2008,titanium ores and concentrates,0,BGS
Kenya,2009,Ilmenite,0,BGS
Kenya,2009,Rutile,0,BGS
Kenya,2009,titanium ores and concentrates,0,BGS
Kenya,2010,Ilmenite,0,BGS
Kenya,2010,Rutile,0,BGS
Kenya,2010,titanium ores and concentrates,0,BGS
Kenya,2011,Ilmenite,0,BGS
Kenya,2011,Rutile,0,BGS
Kenya,2011,titanium ores and concentrates,0,BGS
Kenya,2012,Ilmenite,0,BGS
Kenya,2012,Rutile,0,BGS
Kenya,2012,titanium ores and concentrates,0,BGS
Kenya,2013,Ilmenite,0,BGS
Kenya,2013,Rutile,0,BGS
Kenya,2013,titanium ores and concentrates,0,BGS
Kenya,2014,Ilmenite,281543,BGS
Kenya,2014,Rutile,52465,BGS
Kenya,2014,titanium ores and concentrates,334008,BGS
Kenya,2015,Ilmenite,444999,BGS
Kenya,2015,Rutile,78947,BGS
Kenya,2015,titanium ores and concentrates,523946,BGS
Kenya,2016,Ilmenite,359885,BGS
Kenya,2016,Rutile,69975,BGS
Kenya,2016,titanium ores and concentrates,429860,BGS
Kenya,2017,Ilmenite,491000,BGS
Kenya,2017,Rutile,87167,BGS
Kenya,2017,titanium ores and concentrates,578167,BGS
Kenya,2018,Ilmenite,463000,BGS
Kenya,2018,Rutile,98132,BGS
Kenya,2018,titanium ores and concentrates,561132,BGS
Kenya,2019,Ilmenite,352000,BGS
Kenya,2019,Rutile,85796,BGS
Kenya,2019,titanium ores and concentrates,437796,BGS
Kenya,2020,Ilmenite,334900,BGS
Kenya,2020,Rutile,72836,BGS
Kenya,2020,titanium ores and concentrates,407736,BGS
Kenya,2021,Ilmenite,345000,BGS
Kenya,2021,Rutile,69844,BGS
Kenya,2021,titanium ores and concentrates,414844,BGS
Kenya,2022,Ilmenite,188000,BGS
Kenya,2022,Rutile,163242,BGS
Kenya,2022,titanium ores and concentrates,351242,BGS
"Korea, Rep. of",1970,titanium ores and concentrates,0,BGS
"Korea, Rep. of",1971,titanium ores and concentrates,0,BGS
"Korea, Rep. of",1972,titanium ores and concentrates,0,BGS
"Korea, Rep. of",1973,titanium ores and concentrates,0,BGS
"Korea, Rep. of",1974,titanium ores and concentrates,0,BGS
"Korea, Rep. of",1975,titanium ores and concentrates,0,BGS
"Korea, Rep. of",1976,titanium ores and concentrates,0,BGS
"Korea, Rep. of",1977,titanium ores and concentrates,0,BGS
"Korea, Rep. of",1978,titanium ores and concentrates,0,BGS
"Korea, Rep. of",1979,titanium ores and concentrates,0,BGS
"Korea, Rep. of",1980,titanium ores and concentrates,0,BGS
"Korea, Rep. of",1981,titanium ores and concentrates,0,BGS
"Korea, Rep. of",1982,titanium ores and concentrates,0,BGS
"Korea, Rep. of",1983,titanium ores and concentrates,0,BGS
"Korea, Rep. of",1984,titanium ores and concentrates,0,BGS
"Korea, Rep. of",1985,titanium ores and concentrates,0,BGS
"Korea, Rep. of",1986,titanium ores and concentrates,0,BGS
"Korea, Rep. of",1987,titanium ores and concentrates,0,BGS
"Korea, Rep. of",1988,titanium ores and concentrates,0,BGS
"Korea, Rep. of",1989,titanium ores and concentrates,0,BGS
"Korea, Rep. of",1990,titanium ores and concentrates,0,BGS
"Korea, Rep. of",1991,titanium ores and concentrates,0,BGS
"Korea, Rep. of",1992,Ilmenite,362791,BGS
"Korea, Rep. of",1992,titanium ores and concentrates,362791,BGS
"Korea, Rep. of",1993,Ilmenite,452175,BGS
"Korea, Rep. of",1993,titanium ores and concentrates,452175,BGS
"Korea, Rep. of",1994,Ilmenite,383051,BGS
"Korea, Rep. of",1994,titanium ores and concentrates,383051,BGS
"Korea, Rep. of",1995,Ilmenite,322637,BGS
"Korea, Rep. of",1995,titanium ores and concentrates,322637,BGS
"Korea, Rep. of",1996,Ilmenite,389992,BGS
"Korea, Rep. of",1996,titanium ores and concentrates,389992,BGS
"Korea, Rep. of",1997,Ilmenite,344808,BGS
"Korea, Rep. of",1997,titanium ores and concentrates,344808,BGS
"Korea, Rep. of",1998,Ilmenite,241865,BGS
"Korea, Rep. of",1998,titanium ores and concentrates,241865,BGS
"Korea, Rep. of",1999,Ilmenite,203413,BGS
"Korea, Rep. of",1999,titanium ores and concentrates,203413,BGS
"Korea, Rep. of",2000,Ilmenite,168664,BGS
"Korea, Rep. of",2000,titanium ores and concentrates,168664,BGS
"Korea, Rep. of",2001,Ilmenite,161988,BGS
"Korea, Rep. of",2001,titanium ores and concentrates,161988,BGS
"Korea, Rep. of",2002,Ilmenite,142726,BGS
"Korea, Rep. of",2002,titanium ores and concentrates,142726,BGS
"Korea, Rep. of",2003,Ilmenite,114660,BGS
"Korea, Rep. of",2003,titanium ores and concentrates,114660,BGS
"Korea, Rep. of",2004,Ilmenite,150744,BGS
"Korea, Rep. of",2004,titanium ores and concentrates,150744,BGS
"Korea, Rep. of",2005,Ilmenite,157433,BGS
"Korea, Rep. of",2005,titanium ores and concentrates,157433,BGS
"Korea, Rep. of",2006,Ilmenite,179982,BGS
"Korea, Rep. of",2006,titanium ores and concentrates,179982,BGS
"Korea, Rep. of",2007,Ilmenite,193953,BGS
"Korea, Rep. of",2007,titanium ores and concentrates,193953,BGS
"Korea, Rep. of",2008,Ilmenite,226069,BGS
"Korea, Rep. of",2008,titanium ores and concentrates,226069,BGS
"Korea, Rep. of",2009,Ilmenite,120236,BGS
"Korea, Rep. of",2009,titanium ores and concentrates,120236,BGS
"Korea, Rep. of",2010,titanium ores and concentrates,0,BGS
"Korea, Rep. of",2011,Ilmenite,183463,BGS
"Korea, Rep. of",2011,titanium ores and concentrates,183463,BGS
"Korea, Rep. of",2012,Ilmenite,201976,BGS
"Korea, Rep. of",2012,titanium ores and concentrates,201976,BGS
"Korea, Rep. of",2013,Ilmenite,229723,BGS
"Korea, Rep. of",2013,titanium ores and concentrates,229723,BGS
"Korea, Rep. of",2014,Ilmenite,240892,BGS
"Korea, Rep. of",2014,titanium ores and concentrates,240892,BGS
"Korea, Rep. of",2015,Ilmenite,204082,BGS
"Korea, Rep. of",2015,titanium ores and concentrates,204082,BGS
"Korea, Rep. of",2016,Ilmenite,166900,BGS
"Korea, Rep. of",2016,titanium ores and concentrates,166900,BGS
"Korea, Rep. of",2017,Ilmenite,223039,BGS
"Korea, Rep. of",2017,titanium ores and concentrates,223039,BGS
"Korea, Rep. of",2018,Ilmenite,213184,BGS
"Korea, Rep. of",2018,titanium ores and concentrates,213184,BGS
"Korea, Rep. of",2019,Ilmenite,295987,BGS
"Korea, Rep. of",2019,titanium ores and concentrates,295987,BGS
"Korea, Rep. of",2020,Ilmenite,287895,BGS
"Korea, Rep. of",2020,titanium ores and concentrates,287895,BGS
"Korea, Rep. of",2021,Ilmenite,322581,BGS
"Korea, Rep. of",2021,titanium ores and concentrates,322581,BGS
"Korea, Rep. of",2022,Ilmenite,137976,BGS
"Korea, Rep. of",2022,titanium ores and concentrates,137976,BGS
Madagascar,1970,Ilmenite,0,BGS
Madagascar,1970,Rutile,0,BGS
Madagascar,1970,titanium ores and concentrates,0,BGS
Madagascar,1971,Ilmenite,0,BGS
Madagascar,1971,Rutile,0,BGS
Madagascar,1971,titanium ores and concentrates,0,BGS
Madagascar,1972,Ilmenite,0,BGS
Madagascar,1972,Rutile,0,BGS
Madagascar,1972,titanium ores and concentrates,0,BGS
Madagascar,1973,Ilmenite,0,BGS
Madagascar,1973,Rutile,0,BGS
Madagascar,1973,titanium ores and concentrates,0,BGS
Madagascar,1974,Ilmenite,0,BGS
Madagascar,1974,Rutile,0,BGS
Madagascar,1974,titanium ores and concentrates,0,BGS
Madagascar,1975,Ilmenite,0,BGS
Madagascar,1975,Rutile,0,BGS
Madagascar,1975,titanium ores and concentrates,0,BGS
Madagascar,1976,Ilmenite,0,BGS
Madagascar,1976,Rutile,0,BGS
Madagascar,1976,titanium ores and concentrates,0,BGS
Madagascar,1977,Ilmenite,0,BGS
Madagascar,1977,Rutile,0,BGS
Madagascar,1977,titanium ores and concentrates,0,BGS
Madagascar,1978,Ilmenite,0,BGS
Madagascar,1978,Rutile,0,BGS
Madagascar,1978,titanium ores and concentrates,0,BGS
Madagascar,1979,Ilmenite,0,BGS
Madagascar,1979,Rutile,0,BGS
Madagascar,1979,titanium ores and concentrates,0,BGS
Madagascar,1980,Ilmenite,0,BGS
Madagascar,1980,Rutile,0,BGS
Madagascar,1980,titanium ores and concentrates,0,BGS
Madagascar,1981,Ilmenite,0,BGS
Madagascar,1981,Rutile,0,BGS
Madagascar,1981,titanium ores and concentrates,0,BGS
Madagascar,1982,Ilmenite,0,BGS
Madagascar,1982,Rutile,0,BGS
Madagascar,1982,titanium ores and concentrates,0,BGS
Madagascar,1983,Ilmenite,0,BGS
Madagascar,1983,Rutile,0,BGS
Madagascar,1983,titanium ores and concentrates,0,BGS
Madagascar,1984,Ilmenite,0,BGS
Madagascar,1984,Rutile,0,BGS
Madagascar,1984,titanium ores and concentrates,0,BGS
Madagascar,1985,Ilmenite,0,BGS
Madagascar,1985,Rutile,0,BGS
Madagascar,1985,titanium ores and concentrates,0,BGS
Madagascar,1986,Ilmenite,0,BGS
Madagascar,1986,Rutile,0,BGS
Madagascar,1986,titanium ores and concentrates,0,BGS
Madagascar,1987,Ilmenite,0,BGS
Madagascar,1987,Rutile,0,BGS
Madagascar,1987,titanium ores and concentrates,0,BGS
Madagascar,1988,Ilmenite,0,BGS
Madagascar,1988,Rutile,0,BGS
Madagascar,1988,titanium ores and concentrates,0,BGS
Madagascar,1989,Ilmenite,0,BGS
Madagascar,1989,Rutile,0,BGS
Madagascar,1989,titanium ores and concentrates,0,BGS
Madagascar,1990,Ilmenite,0,BGS
Madagascar,1990,Rutile,0,BGS
Madagascar,1990,titanium ores and concentrates,0,BGS
Madagascar,1991,Ilmenite,0,BGS
Madagascar,1991,Rutile,0,BGS
Madagascar,1991,titanium ores and concentrates,0,BGS
Madagascar,1992,Ilmenite,0,BGS
Madagascar,1992,Rutile,0,BGS
Madagascar,1992,titanium ores and concentrates,0,BGS
Madagascar,1993,Ilmenite,0,BGS
Madagascar,1993,Rutile,0,BGS
Madagascar,1993,titanium ores and concentrates,0,BGS
Madagascar,1994,Ilmenite,0,BGS
Madagascar,1994,Rutile,0,BGS
Madagascar,1994,titanium ores and concentrates,0,BGS
Madagascar,1995,Ilmenite,0,BGS
Madagascar,1995,Rutile,0,BGS
Madagascar,1995,titanium ores and concentrates,0,BGS
Madagascar,1996,Ilmenite,0,BGS
Madagascar,1996,Rutile,0,BGS
Madagascar,1996,titanium ores and concentrates,0,BGS
Madagascar,1997,Ilmenite,0,BGS
Madagascar,1997,Rutile,0,BGS
Madagascar,1997,titanium ores and concentrates,0,BGS
Madagascar,1998,Ilmenite,0,BGS
Madagascar,1998,Rutile,0,BGS
Madagascar,1998,titanium ores and concentrates,0,BGS
Madagascar,1999,Ilmenite,0,BGS
Madagascar,1999,Rutile,0,BGS
Madagascar,1999,titanium ores and concentrates,0,BGS
Madagascar,2000,Ilmenite,0,BGS
Madagascar,2000,Rutile,0,BGS
Madagascar,2000,titanium ores and concentrates,0,BGS
Madagascar,2001,Ilmenite,0,BGS
Madagascar,2001,Rutile,0,BGS
Madagascar,2001,titanium ores and concentrates,0,BGS
Madagascar,2002,Ilmenite,0,BGS
Madagascar,2002,Rutile,0,BGS
Madagascar,2002,titanium ores and concentrates,0,BGS
Madagascar,2003,Ilmenite,0,BGS
Madagascar,2003,Rutile,0,BGS
Madagascar,2003,titanium ores and concentrates,0,BGS
Madagascar,2004,Ilmenite,0,BGS
Madagascar,2004,Rutile,0,BGS
Madagascar,2004,titanium ores and concentrates,0,BGS
Madagascar,2005,Ilmenite,0,BGS
Madagascar,2005,Rutile,0,BGS
Madagascar,2005,titanium ores and concentrates,0,BGS
Madagascar,2006,Ilmenite,0,BGS
Madagascar,2006,Rutile,0,BGS
Madagascar,2006,titanium ores and concentrates,0,BGS
Madagascar,2007,Ilmenite,0,BGS
Madagascar,2007,Rutile,0,BGS
Madagascar,2007,titanium ores and concentrates,0,BGS
Madagascar,2008,Ilmenite,0,BGS
Madagascar,2008,Rutile,0,BGS
Madagascar,2008,titanium ores and concentrates,0,BGS
Madagascar,2009,Ilmenite,160000,BGS
Madagascar,2009,Rutile,0,BGS
Madagascar,2009,titanium ores and concentrates,160000,BGS
Madagascar,2010,Ilmenite,273000,BGS
Madagascar,2010,Rutile,0,BGS
Madagascar,2010,titanium ores and concentrates,273000,BGS
Madagascar,2011,Ilmenite,511000,BGS
Madagascar,2011,Rutile,0,BGS
Madagascar,2011,titanium ores and concentrates,511000,BGS
Madagascar,2012,Ilmenite,562000,BGS
Madagascar,2012,Rutile,0,BGS
Madagascar,2012,titanium ores and concentrates,562000,BGS
Madagascar,2013,Ilmenite,562000,BGS
Madagascar,2013,Rutile,0,BGS
Madagascar,2013,titanium ores and concentrates,562000,BGS
Madagascar,2014,Ilmenite,353000,BGS
Madagascar,2014,Rutile,0,BGS
Madagascar,2014,titanium ores and concentrates,353000,BGS
Madagascar,2015,Ilmenite,182000,BGS
Madagascar,2015,Rutile,0,BGS
Madagascar,2015,titanium ores and concentrates,182000,BGS
Madagascar,2016,Ilmenite,270000,BGS
Madagascar,2016,Rutile,0,BGS
Madagascar,2016,titanium ores and concentrates,270000,BGS
Madagascar,2017,Ilmenite,350000,BGS
Madagascar,2017,Rutile,0,BGS
Madagascar,2017,titanium ores and concentrates,350000,BGS
Madagascar,2018,Ilmenite,350000,BGS
Madagascar,2018,Rutile,0,BGS
Madagascar,2018,titanium ores and concentrates,350000,BGS
Madagascar,2019,Ilmenite,350000,BGS
Madagascar,2019,Rutile,0,BGS
Madagascar,2019,titanium ores and concentrates,350000,BGS
Madagascar,2020,Ilmenite,350000,BGS
Madagascar,2020,Rutile,0,BGS
Madagascar,2020,titanium ores and concentrates,350000,BGS
Madagascar,2021,Ilmenite,350000,BGS
Madagascar,2021,Rutile,0,BGS
Madagascar,2021,titanium ores and concentrates,350000,BGS
Madagascar,2022,Ilmenite,350000,BGS
Madagascar,2022,Rutile,0,BGS
Madagascar,2022,titanium ores and concentrates,350000,BGS
Malaysia,1970,Ilmenite,0,BGS
Malaysia,1970,titanium ores and concentrates,0,BGS
Malaysia,1971,Ilmenite,0,BGS
Malaysia,1971,titanium ores and concentrates,0,BGS
Malaysia,1972,Ilmenite,0,BGS
Malaysia,1972,titanium ores and concentrates,0,BGS
Malaysia,1973,Ilmenite,0,BGS
Malaysia,1973,titanium ores and concentrates,0,BGS
Malaysia,1974,Ilmenite,0,BGS
Malaysia,1974,titanium ores and concentrates,0,BGS
Malaysia,1975,Ilmenite,0,BGS
Malaysia,1975,titanium ores and concentrates,0,BGS
Malaysia,1976,Ilmenite,180004,BGS
Malaysia,1976,titanium ores and concentrates,180004,BGS
Malaysia,1977,Ilmenite,153679,BGS
Malaysia,1977,titanium ores and concentrates,153679,BGS
Malaysia,1978,Ilmenite,165984,BGS
Malaysia,1978,titanium ores and concentrates,165984,BGS
Malaysia,1979,Ilmenite,212837,BGS
Malaysia,1979,titanium ores and concentrates,212837,BGS
Malaysia,1980,Ilmenite,199486,BGS
Malaysia,1980,titanium ores and concentrates,199486,BGS
Malaysia,1981,Ilmenite,176432,BGS
Malaysia,1981,titanium ores and concentrates,176432,BGS
Malaysia,1982,Ilmenite,77159,BGS
Malaysia,1982,titanium ores and concentrates,77159,BGS
Malaysia,1983,Ilmenite,207297,BGS
Malaysia,1983,titanium ores and concentrates,207297,BGS
Malaysia,1984,Ilmenite,224042,BGS
Malaysia,1984,titanium ores and concentrates,224042,BGS
Malaysia,1985,Ilmenite,315736,BGS
Malaysia,1985,titanium ores and concentrates,315736,BGS
Malaysia,1986,Ilmenite,414941,BGS
Malaysia,1986,titanium ores and concentrates,414941,BGS
Malaysia,1987,Ilmenite,509202,BGS
Malaysia,1987,titanium ores and concentrates,509202,BGS
Malaysia,1988,Ilmenite,486305,BGS
Malaysia,1988,titanium ores and concentrates,486305,BGS
Malaysia,1989,Ilmenite,533637,BGS
Malaysia,1989,titanium ores and concentrates,533637,BGS
Malaysia,1990,Ilmenite,530237,BGS
Malaysia,1990,titanium ores and concentrates,530237,BGS
Malaysia,1991,Ilmenite,336347,BGS
Malaysia,1991,titanium ores and concentrates,336347,BGS
Malaysia,1992,Ilmenite,337744,BGS
Malaysia,1992,titanium ores and concentrates,337744,BGS
Malaysia,1993,Ilmenite,278950,BGS
Malaysia,1993,titanium ores and concentrates,278950,BGS
Malaysia,1994,Ilmenite,116696,BGS
Malaysia,1994,titanium ores and concentrates,116696,BGS
Malaysia,1995,Ilmenite,151680,BGS
Malaysia,1995,titanium ores and concentrates,151680,BGS
Malaysia,1996,Ilmenite,244642,BGS
Malaysia,1996,titanium ores and concentrates,244642,BGS
Malaysia,1997,Ilmenite,167504,BGS
Malaysia,1997,titanium ores and concentrates,167504,BGS
Malaysia,1998,Ilmenite,124689,BGS
Malaysia,1998,titanium ores and concentrates,124689,BGS
Malaysia,1999,Ilmenite,127695,BGS
Malaysia,1999,titanium ores and concentrates,127695,BGS
Malaysia,2000,Ilmenite,124801,BGS
Malaysia,2000,Rutile,0,BGS
Malaysia,2000,titanium ores and concentrates,124801,BGS
Malaysia,2001,Ilmenite,129750,BGS
Malaysia,2001,Rutile,0,BGS
Malaysia,2001,titanium ores and concentrates,129750,BGS
Malaysia,2002,Ilmenite,106198,BGS
Malaysia,2002,Rutile,7059,BGS
Malaysia,2002,titanium ores and concentrates,113257,BGS
Malaysia,2003,Ilmenite,95148,BGS
Malaysia,2003,Rutile,18472,BGS
Malaysia,2003,titanium ores and concentrates,113620,BGS
Malaysia,2004,Ilmenite,61471,BGS
Malaysia,2004,Rutile,27308,BGS
Malaysia,2004,titanium ores and concentrates,88779,BGS
Malaysia,2005,Ilmenite,38195,BGS
Malaysia,2005,Rutile,5509,BGS
Malaysia,2005,titanium ores and concentrates,43704,BGS
Malaysia,2006,Ilmenite,45649,BGS
Malaysia,2006,Rutile,16921,BGS
Malaysia,2006,titanium ores and concentrates,62570,BGS
Malaysia,2007,Ilmenite,59310,BGS
Malaysia,2007,Rutile,1450,BGS
Malaysia,2007,titanium ores and concentrates,60760,BGS
Malaysia,2008,Ilmenite,36779,BGS
Malaysia,2008,Rutile,1834,BGS
Malaysia,2008,titanium ores and concentrates,38613,BGS
Malaysia,2009,Ilmenite,15983,BGS
Malaysia,2009,Rutile,1502,BGS
Malaysia,2009,titanium ores and concentrates,17485,BGS
Malaysia,2010,Ilmenite,19036,BGS
Malaysia,2010,Rutile,7567,BGS
Malaysia,2010,titanium ores and concentrates,26603,BGS
Malaysia,2011,Ilmenite,28782,BGS
Malaysia,2011,Rutile,10810,BGS
Malaysia,2011,titanium ores and concentrates,39592,BGS
Malaysia,2012,Ilmenite,22275,BGS
Malaysia,2012,Rutile,20008,BGS
Malaysia,2012,titanium ores and concentrates,42283,BGS
Malaysia,2013,Ilmenite,16043,BGS
Malaysia,2013,Rutile,5983,BGS
Malaysia,2013,titanium ores and concentrates,22026,BGS
Malaysia,2014,Ilmenite,8159,BGS
Malaysia,2014,Rutile,3069,BGS
Malaysia,2014,titanium ores and concentrates,11228,BGS
Malaysia,2015,Ilmenite,5814,BGS
Malaysia,2015,Rutile,0.198,BGS
Malaysia,2015,titanium ores and concentrates,6012,BGS
Malaysia,2016,Ilmenite,4316,BGS
Malaysia,2016,Rutile,3810,BGS
Malaysia,2016,titanium ores and concentrates,8126,BGS
Malaysia,2017,Ilmenite,6363,BGS
Malaysia,2017,Rutile,5266,BGS
Malaysia,2017,titanium ores and concentrates,11629,BGS
Malaysia,2018,Ilmenite,14158,BGS
Malaysia,2018,Rutile,5070,BGS
Malaysia,2018,titanium ores and concentrates,19228,BGS
Malaysia,2019,Ilmenite,2334,BGS
Malaysia,2019,Rutile,5947,BGS
Malaysia,2019,titanium ores and concentrates,8281,BGS
Malaysia,2020,Ilmenite,2548,BGS
Malaysia,2020,Rutile,5136,BGS
Malaysia,2020,titanium ores and concentrates,7684,BGS
Malaysia,2021,Ilmenite,4598,BGS
Malaysia,2021,Rutile,11513,BGS
Malaysia,2021,titanium ores and concentrates,16111,BGS
Malaysia,2022,Ilmenite,24076,BGS
Malaysia,2022,Rutile,8359,BGS
Malaysia,2022,titanium ores and concentrates,32435,BGS
Mozambique,1970,Ilmenite,0,BGS
Mozambique,1970,Rutile,0,BGS
Mozambique,1970,titanium ores and concentrates,0,BGS
Mozambique,1971,Ilmenite,0,BGS
Mozambique,1971,Rutile,0,BGS
Mozambique,1971,titanium ores and concentrates,0,BGS
Mozambique,1972,Ilmenite,0,BGS
Mozambique,1972,Rutile,0,BGS
Mozambique,1972,titanium ores and concentrates,0,BGS
Mozambique,1973,Ilmenite,0,BGS
Mozambique,1973,Rutile,0,BGS
Mozambique,1973,titanium ores and concentrates,0,BGS
Mozambique,1974,Ilmenite,0,BGS
Mozambique,1974,Rutile,0,BGS
Mozambique,1974,titanium ores and concentrates,0,BGS
Mozambique,1975,Ilmenite,0,BGS
Mozambique,1975,Rutile,0,BGS
Mozambique,1975,titanium ores and concentrates,0,BGS
Mozambique,1976,Ilmenite,0,BGS
Mozambique,1976,Rutile,0,BGS
Mozambique,1976,titanium ores and concentrates,0,BGS
Mozambique,1977,Ilmenite,0,BGS
Mozambique,1977,Rutile,0,BGS
Mozambique,1977,titanium ores and concentrates,0,BGS
Mozambique,1978,Ilmenite,0,BGS
Mozambique,1978,Rutile,0,BGS
Mozambique,1978,titanium ores and concentrates,0,BGS
Mozambique,1979,Ilmenite,0,BGS
Mozambique,1979,Rutile,0,BGS
Mozambique,1979,titanium ores and concentrates,0,BGS
Mozambique,1980,Ilmenite,0,BGS
Mozambique,1980,Rutile,0,BGS
Mozambique,1980,titanium ores and concentrates,0,BGS
Mozambique,1981,Ilmenite,0,BGS
Mozambique,1981,Rutile,0,BGS
Mozambique,1981,titanium ores and concentrates,0,BGS
Mozambique,1982,Ilmenite,0,BGS
Mozambique,1982,Rutile,0,BGS
Mozambique,1982,titanium ores and concentrates,0,BGS
Mozambique,1983,Ilmenite,0,BGS
Mozambique,1983,Rutile,0,BGS
Mozambique,1983,titanium ores and concentrates,0,BGS
Mozambique,1984,Ilmenite,0,BGS
Mozambique,1984,Rutile,0,BGS
Mozambique,1984,titanium ores and concentrates,0,BGS
Mozambique,1985,Ilmenite,0,BGS
Mozambique,1985,Rutile,0,BGS
Mozambique,1985,titanium ores and concentrates,0,BGS
Mozambique,1986,Ilmenite,0,BGS
Mozambique,1986,Rutile,0,BGS
Mozambique,1986,titanium ores and concentrates,0,BGS
Mozambique,1987,Ilmenite,0,BGS
Mozambique,1987,Rutile,0,BGS
Mozambique,1987,titanium ores and concentrates,0,BGS
Mozambique,1988,Ilmenite,0,BGS
Mozambique,1988,Rutile,0,BGS
Mozambique,1988,titanium ores and concentrates,0,BGS
Mozambique,1989,Ilmenite,0,BGS
Mozambique,1989,Rutile,0,BGS
Mozambique,1989,titanium ores and concentrates,0,BGS
Mozambique,1990,Ilmenite,0,BGS
Mozambique,1990,Rutile,0,BGS
Mozambique,1990,titanium ores and concentrates,0,BGS
Mozambique,1991,Ilmenite,0,BGS
Mozambique,1991,Rutile,0,BGS
Mozambique,1991,titanium ores and concentrates,0,BGS
Mozambique,1992,Ilmenite,0,BGS
Mozambique,1992,Rutile,0,BGS
Mozambique,1992,titanium ores and concentrates,0,BGS
Mozambique,1993,Ilmenite,0,BGS
Mozambique,1993,Rutile,0,BGS
Mozambique,1993,titanium ores and concentrates,0,BGS
Mozambique,1994,Ilmenite,0,BGS
Mozambique,1994,Rutile,0,BGS
Mozambique,1994,titanium ores and concentrates,0,BGS
Mozambique,1995,Ilmenite,0,BGS
Mozambique,1995,Rutile,0,BGS
Mozambique,1995,titanium ores and concentrates,0,BGS
Mozambique,1996,Ilmenite,0,BGS
Mozambique,1996,Rutile,0,BGS
Mozambique,1996,titanium ores and concentrates,0,BGS
Mozambique,1997,Ilmenite,0,BGS
Mozambique,1997,Rutile,0,BGS
Mozambique,1997,titanium ores and concentrates,0,BGS
Mozambique,1998,Ilmenite,0,BGS
Mozambique,1998,Rutile,0,BGS
Mozambique,1998,titanium ores and concentrates,0,BGS
Mozambique,1999,Ilmenite,0,BGS
Mozambique,1999,Rutile,0,BGS
Mozambique,2000,Ilmenite,0,BGS
Mozambique,2000,Rutile,0,BGS
Mozambique,2000,titanium ores and concentrates,0,BGS
Mozambique,2001,Ilmenite,0,BGS
Mozambique,2001,Rutile,0,BGS
Mozambique,2001,titanium ores and concentrates,0,BGS
Mozambique,2002,Ilmenite,0,BGS
Mozambique,2002,Rutile,0,BGS
Mozambique,2002,titanium ores and concentrates,0,BGS
Mozambique,2003,Ilmenite,0,BGS
Mozambique,2003,Rutile,0,BGS
Mozambique,2003,titanium ores and concentrates,0,BGS
Mozambique,2004,Ilmenite,0,BGS
Mozambique,2004,Rutile,0,BGS
Mozambique,2004,titanium ores and concentrates,0,BGS
Mozambique,2005,Ilmenite,0,BGS
Mozambique,2005,Rutile,0,BGS
Mozambique,2005,titanium ores and concentrates,0,BGS
Mozambique,2006,Ilmenite,0,BGS
Mozambique,2006,Rutile,0,BGS
Mozambique,2006,titanium ores and concentrates,0,BGS
Mozambique,2007,Ilmenite,140515,BGS
Mozambique,2007,Rutile,8782,BGS
Mozambique,2007,titanium ores and concentrates,149297,BGS
Mozambique,2008,Ilmenite,328875,BGS
Mozambique,2008,Rutile,6552,BGS
Mozambique,2008,titanium ores and concentrates,335427,BGS
Mozambique,2009,Ilmenite,471524,BGS
Mozambique,2009,Rutile,1800,BGS
Mozambique,2009,titanium ores and concentrates,473324,BGS
Mozambique,2010,Ilmenite,678400,BGS
Mozambique,2010,Rutile,4700,BGS
Mozambique,2010,titanium ores and concentrates,683100,BGS
Mozambique,2011,Ilmenite,636800,BGS
Mozambique,2011,Rutile,6500,BGS
Mozambique,2011,titanium ores and concentrates,643300,BGS
Mozambique,2012,Ilmenite,574500,BGS
Mozambique,2012,Rutile,5100,BGS
Mozambique,2012,titanium ores and concentrates,579600,BGS
Mozambique,2013,Ilmenite,720100,BGS
Mozambique,2013,Rutile,4000,BGS
Mozambique,2013,titanium ores and concentrates,724100,BGS
Mozambique,2014,Ilmenite,854600,BGS
Mozambique,2014,Rutile,6100,BGS
Mozambique,2014,titanium ores and concentrates,860700,BGS
Mozambique,2015,Ilmenite,763500,BGS
Mozambique,2015,Rutile,6000,BGS
Mozambique,2015,titanium ores and concentrates,769500,BGS
Mozambique,2016,Ilmenite,903300,BGS
Mozambique,2016,Rutile,7800,BGS
Mozambique,2016,titanium ores and concentrates,911100,BGS
Mozambique,2017,Ilmenite,998200,BGS
Mozambique,2017,Rutile,9133,BGS
Mozambique,2017,titanium ores and concentrates,1007333,BGS
Mozambique,2018,Ilmenite,958500,BGS
Mozambique,2018,Rutile,8154,BGS
Mozambique,2018,titanium ores and concentrates,966654,BGS
Mozambique,2019,Ilmenite,892900,BGS
Mozambique,2019,Rutile,8278,BGS
Mozambique,2019,titanium ores and concentrates,901178,BGS
Mozambique,2020,Ilmenite,756000,BGS
Mozambique,2020,Rutile,5957,BGS
Mozambique,2020,titanium ores and concentrates,761957,BGS
Mozambique,2021,Ilmenite,1119400,BGS
Mozambique,2021,Rutile,8914,BGS
Mozambique,2021,titanium ores and concentrates,1128314,BGS
Mozambique,2022,Ilmenite,1088334,BGS
Mozambique,2022,Rutile,8870,BGS
Mozambique,2022,titanium ores and concentrates,1097204,BGS
Norway,1970,Ilmenite,578961,BGS
Norway,1970,titanium ores and concentrates,578961,BGS
Norway,1971,Ilmenite,641604,BGS
Norway,1971,titanium ores and concentrates,641604,BGS
Norway,1972,Ilmenite,608477,BGS
Norway,1972,titanium ores and concentrates,608477,BGS
Norway,1973,Ilmenite,752934,BGS
Norway,1973,titanium ores and concentrates,752934,BGS
Norway,1974,Ilmenite,848138,BGS
Norway,1974,titanium ores and concentrates,848138,BGS
Norway,1975,Ilmenite,526666,BGS
Norway,1975,titanium ores and concentrates,526666,BGS
Norway,1976,Ilmenite,766664,BGS
Norway,1976,titanium ores and concentrates,766664,BGS
Norway,1977,Ilmenite,828503,BGS
Norway,1977,titanium ores and concentrates,828503,BGS
Norway,1978,Ilmenite,766990,BGS
Norway,1978,titanium ores and concentrates,766990,BGS
Norway,1979,Ilmenite,819815,BGS
Norway,1979,titanium ores and concentrates,819815,BGS
Norway,1980,Ilmenite,827827,BGS
Norway,1980,titanium ores and concentrates,827827,BGS
Norway,1981,Ilmenite,659604,BGS
Norway,1981,titanium ores and concentrates,659604,BGS
Norway,1982,Ilmenite,551764,BGS
Norway,1982,titanium ores and concentrates,551764,BGS
Norway,1983,Ilmenite,555947,BGS
Norway,1983,titanium ores and concentrates,555947,BGS
Norway,1984,Ilmenite,651834,BGS
Norway,1984,titanium ores and concentrates,651834,BGS
Norway,1985,Ilmenite,735842,BGS
Norway,1985,titanium ores and concentrates,735842,BGS
Norway,1986,Ilmenite,802426,BGS
Norway,1986,titanium ores and concentrates,802426,BGS
Norway,1987,Ilmenite,852323,BGS
Norway,1987,titanium ores and concentrates,852323,BGS
Norway,1988,Ilmenite,898035,BGS
Norway,1988,titanium ores and concentrates,898035,BGS
Norway,1989,Ilmenite,929830,BGS
Norway,1989,titanium ores and concentrates,929830,BGS
Norway,1990,Ilmenite,788522,BGS
Norway,1990,titanium ores and concentrates,788522,BGS
Norway,1991,Ilmenite,615416,BGS
Norway,1991,titanium ores and concentrates,615416,BGS
Norway,1992,Ilmenite,708149,BGS
Norway,1992,titanium ores and concentrates,708149,BGS
Norway,1993,Ilmenite,713113,BGS
Norway,1993,titanium ores and concentrates,713113,BGS
Norway,1994,Ilmenite,826391,BGS
Norway,1994,titanium ores and concentrates,826391,BGS
Norway,1995,Ilmenite,857747,BGS
Norway,1995,titanium ores and concentrates,857747,BGS
Norway,1996,Ilmenite,758711,BGS
Norway,1996,titanium ores and concentrates,758711,BGS
Norway,1997,Ilmenite,558000,BGS
Norway,1997,titanium ores and concentrates,558000,BGS
Norway,1998,Ilmenite,589534,BGS
Norway,1998,titanium ores and concentrates,589534,BGS
Norway,1999,Ilmenite,579623,BGS
Norway,1999,titanium ores and concentrates,579623,BGS
Norway,2000,Ilmenite,690900,BGS
Norway,2000,titanium ores and concentrates,690900,BGS
Norway,2001,Ilmenite,777000,BGS
Norway,2001,titanium ores and concentrates,777000,BGS
Norway,2002,Ilmenite,837000,BGS
Norway,2002,titanium ores and concentrates,837000,BGS
Norway,2003,Ilmenite,859000,BGS
Norway,2003,titanium ores and concentrates,859000,BGS
Norway,2004,Ilmenite,866700,BGS
Norway,2004,titanium ores and concentrates,866700,BGS
Norway,2005,Ilmenite,806800,BGS
Norway,2005,titanium ores and concentrates,806800,BGS
Norway,2006,Ilmenite,850000,BGS
Norway,2006,titanium ores and concentrates,850000,BGS
Norway,2007,Ilmenite,882000,BGS
Norway,2007,titanium ores and concentrates,882000,BGS
Norway,2008,Ilmenite,915000,BGS
Norway,2008,titanium ores and concentrates,915000,BGS
Norway,2009,Ilmenite,671000,BGS
Norway,2009,titanium ores and concentrates,671000,BGS
Norway,2010,Ilmenite,864000,BGS
Norway,2010,titanium ores and concentrates,864000,BGS
Norway,2011,Ilmenite,870000,BGS
Norway,2011,titanium ores and concentrates,870000,BGS
Norway,2012,Ilmenite,830614,BGS
Norway,2012,titanium ores and concentrates,830614,BGS
Norway,2013,Ilmenite,826126,BGS
Norway,2013,titanium ores and concentrates,826126,BGS
Norway,2014,Ilmenite,863660,BGS
Norway,2014,titanium ores and concentrates,863660,BGS
Norway,2015,Ilmenite,630323,BGS
Norway,2015,titanium ores and concentrates,630323,BGS
Norway,2016,Ilmenite,630000,BGS
Norway,2016,titanium ores and concentrates,630000,BGS
Norway,2017,Ilmenite,630000,BGS
Norway,2017,titanium ores and concentrates,630000,BGS
Norway,2018,Ilmenite,630000,BGS
Norway,2018,titanium ores and concentrates,630000,BGS
Norway,2019,Ilmenite,630000,BGS
Norway,2019,titanium ores and concentrates,630000,BGS
Norway,2020,Ilmenite,522221,BGS
Norway,2020,titanium ores and concentrates,522221,BGS
Norway,2021,Ilmenite,671833,BGS
Norway,2021,titanium ores and concentrates,671833,BGS
Norway,2022,Ilmenite,615995,BGS
Norway,2022,titanium ores and concentrates,615995,BGS
Portugal,1970,titanium ores and concentrates,238,BGS
Portugal,1971,titanium ores and concentrates,890,BGS
Portugal,1972,titanium ores and concentrates,752,BGS
Portugal,1973,titanium ores and concentrates,610,BGS
Portugal,1974,titanium ores and concentrates,274,BGS
Portugal,1975,titanium ores and concentrates,212,BGS
Portugal,1976,titanium ores and concentrates,367,BGS
Portugal,1977,titanium ores and concentrates,229,BGS
Portugal,1978,titanium ores and concentrates,251,BGS
Portugal,1979,titanium ores and concentrates,268,BGS
Portugal,1980,titanium ores and concentrates,232,BGS
Portugal,1981,titanium ores and concentrates,334,BGS
Portugal,1982,titanium ores and concentrates,472,BGS
Portugal,1983,titanium ores and concentrates,247,BGS
Portugal,1984,titanium ores and concentrates,164,BGS
Portugal,1985,titanium ores and concentrates,227,BGS
Portugal,1986,titanium ores and concentrates,232,BGS
Portugal,1987,titanium ores and concentrates,141,BGS
Portugal,1988,titanium ores and concentrates,59,BGS
Portugal,1989,titanium ores and concentrates,81,BGS
Portugal,1990,titanium ores and concentrates,43,BGS
Portugal,1991,titanium ores and concentrates,9,BGS
Portugal,1992,titanium ores and concentrates,0,BGS
Portugal,1993,titanium ores and concentrates,0,BGS
Portugal,1994,titanium ores and concentrates,0,BGS
Portugal,1995,titanium ores and concentrates,0,BGS
Portugal,1996,titanium ores and concentrates,0,BGS
Portugal,1997,titanium ores and concentrates,0,BGS
Portugal,1998,titanium ores and concentrates,0,BGS
Portugal,1999,titanium ores and concentrates,0,BGS
Portugal,2000,titanium ores and concentrates,0,BGS
Portugal,2001,titanium ores and concentrates,0,BGS
Portugal,2002,titanium ores and concentrates,0,BGS
Portugal,2003,titanium ores and concentrates,0,BGS
Portugal,2004,titanium ores and concentrates,0,BGS
Portugal,2005,titanium ores and concentrates,0,BGS
Portugal,2006,titanium ores and concentrates,0,BGS
Portugal,2007,titanium ores and concentrates,0,BGS
Portugal,2008,titanium ores and concentrates,0,BGS
Portugal,2009,titanium ores and concentrates,0,BGS
Portugal,2010,titanium ores and concentrates,0,BGS
Portugal,2011,titanium ores and concentrates,0,BGS
Portugal,2012,titanium ores and concentrates,0,BGS
Portugal,2013,titanium ores and concentrates,0,BGS
Portugal,2014,titanium ores and concentrates,0,BGS
Portugal,2015,titanium ores and concentrates,0,BGS
Portugal,2016,titanium ores and concentrates,0,BGS
Portugal,2017,titanium ores and concentrates,0,BGS
Portugal,2018,titanium ores and concentrates,0,BGS
Portugal,2019,titanium ores and concentrates,0,BGS
Portugal,2020,titanium ores and concentrates,0,BGS
Portugal,2021,titanium ores and concentrates,0,BGS
Portugal,2022,titanium ores and concentrates,0,BGS
Russia,1970,Ilmenite,0,BGS
Russia,1970,titanium ores and concentrates,0,BGS
Russia,1971,Ilmenite,0,BGS
Russia,1971,titanium ores and concentrates,0,BGS
Russia,1972,Ilmenite,0,BGS
Russia,1972,titanium ores and concentrates,0,BGS
Russia,1973,Ilmenite,0,BGS
Russia,1973,titanium ores and concentrates,0,BGS
Russia,1974,Ilmenite,0,BGS
Russia,1974,titanium ores and concentrates,0,BGS
Russia,1975,Ilmenite,0,BGS
Russia,1975,titanium ores and concentrates,0,BGS
Russia,1976,Ilmenite,0,BGS
Russia,1976,titanium ores and concentrates,0,BGS
Russia,1977,Ilmenite,0,BGS
Russia,1977,titanium ores and concentrates,0,BGS
Russia,1978,Ilmenite,0,BGS
Russia,1978,titanium ores and concentrates,0,BGS
Russia,1979,Ilmenite,0,BGS
Russia,1979,titanium ores and concentrates,0,BGS
Russia,1980,Ilmenite,0,BGS
Russia,1980,titanium ores and concentrates,0,BGS
Russia,1981,Ilmenite,0,BGS
Russia,1981,titanium ores and concentrates,0,BGS
Russia,1982,Ilmenite,0,BGS
Russia,1982,titanium ores and concentrates,0,BGS
Russia,1983,Ilmenite,0,BGS
Russia,1983,titanium ores and concentrates,0,BGS
Russia,1984,Ilmenite,0,BGS
Russia,1984,titanium ores and concentrates,0,BGS
Russia,1985,Ilmenite,0,BGS
Russia,1985,titanium ores and concentrates,0,BGS
Russia,1986,Ilmenite,0,BGS
Russia,1986,titanium ores and concentrates,0,BGS
Russia,1987,Ilmenite,0,BGS
Russia,1987,titanium ores and concentrates,0,BGS
Russia,1988,Ilmenite,0,BGS
Russia,1988,titanium ores and concentrates,0,BGS
Russia,1989,Ilmenite,0,BGS
Russia,1989,titanium ores and concentrates,0,BGS
Russia,1990,Ilmenite,0,BGS
Russia,1990,titanium ores and concentrates,0,BGS
Russia,1991,Ilmenite,0,BGS
Russia,1991,titanium ores and concentrates,0,BGS
Russia,1992,Ilmenite,0,BGS
Russia,1992,titanium ores and concentrates,0,BGS
Russia,1993,Ilmenite,14000,BGS
Russia,1993,titanium ores and concentrates,14000,BGS
Russia,1994,Ilmenite,7000,BGS
Russia,1994,titanium ores and concentrates,7000,BGS
Russia,1995,Ilmenite,0,BGS
Russia,1995,titanium ores and concentrates,0,BGS
Russia,1996,Ilmenite,0,BGS
Russia,1996,titanium ores and concentrates,0,BGS
Russia,1997,Ilmenite,0,BGS
Russia,1997,titanium ores and concentrates,0,BGS
Russia,1998,Ilmenite,0,BGS
Russia,1998,titanium ores and concentrates,0,BGS
Russia,1999,Ilmenite,0,BGS
Russia,1999,titanium ores and concentrates,0,BGS
Russia,2000,Ilmenite,0,BGS
Russia,2000,titanium ores and concentrates,0,BGS
Russia,2001,Ilmenite,0,BGS
Russia,2001,titanium ores and concentrates,0,BGS
Russia,2002,Ilmenite,0,BGS
Russia,2002,titanium ores and concentrates,0,BGS
Russia,2003,Ilmenite,0,BGS
Russia,2003,titanium ores and concentrates,0,BGS
Russia,2004,Ilmenite,0,BGS
Russia,2004,titanium ores and concentrates,0,BGS
Russia,2005,Ilmenite,0,BGS
Russia,2005,titanium ores and concentrates,0,BGS
Russia,2006,Ilmenite,0,BGS
Russia,2006,titanium ores and concentrates,0,BGS
Russia,2007,Ilmenite,0,BGS
Russia,2007,titanium ores and concentrates,0,BGS
Russia,2008,Ilmenite,0,BGS
Russia,2008,titanium ores and concentrates,0,BGS
Russia,2009,Ilmenite,0,BGS
Russia,2009,titanium ores and concentrates,0,BGS
Russia,2010,Ilmenite,2500,BGS
Russia,2010,titanium ores and concentrates,2500,BGS
Russia,2011,Ilmenite,63490,BGS
Russia,2011,titanium ores and concentrates,63490,BGS
Russia,2012,Ilmenite,125095,BGS
Russia,2012,titanium ores and concentrates,125095,BGS
Russia,2013,Ilmenite,150458,BGS
Russia,2013,titanium ores and concentrates,150458,BGS
Russia,2014,Ilmenite,178426,BGS
Russia,2014,titanium ores and concentrates,178426,BGS
Russia,2015,Ilmenite,193236,BGS
Russia,2015,titanium ores and concentrates,193236,BGS
Russia,2016,Ilmenite,60000,BGS
Russia,2016,titanium ores and concentrates,60000,BGS
Russia,2017,Ilmenite,0,BGS
Russia,2017,titanium ores and concentrates,0,BGS
Russia,2018,Ilmenite,0,BGS
Russia,2018,titanium ores and concentrates,0,BGS
Russia,2019,Ilmenite,0,BGS
Russia,2019,titanium ores and concentrates,0,BGS
Russia,2020,Ilmenite,0,BGS
Russia,2020,titanium ores and concentrates,0,BGS
Russia,2021,Ilmenite,1961,BGS
Russia,2021,titanium ores and concentrates,1961,BGS
Russia,2022,Ilmenite,1532,BGS
Russia,2022,titanium ores and concentrates,1532,BGS
Saudi Arabia,1970,Ilmenite,0,BGS
Saudi Arabia,1970,titanium ores and concentrates,0,BGS
Saudi Arabia,1971,Ilmenite,0,BGS
Saudi Arabia,1971,titanium ores and concentrates,0,BGS
Saudi Arabia,1972,Ilmenite,0,BGS
Saudi Arabia,1972,titanium ores and concentrates,0,BGS
Saudi Arabia,1973,Ilmenite,0,BGS
Saudi Arabia,1973,titanium ores and concentrates,0,BGS
Saudi Arabia,1974,Ilmenite,0,BGS
Saudi Arabia,1974,titanium ores and concentrates,0,BGS
Saudi Arabia,1975,Ilmenite,0,BGS
Saudi Arabia,1975,titanium ores and concentrates,0,BGS
Saudi Arabia,1976,Ilmenite,0,BGS
Saudi Arabia,1976,titanium ores and concentrates,0,BGS
Saudi Arabia,1977,Ilmenite,0,BGS
Saudi Arabia,1977,titanium ores and concentrates,0,BGS
Saudi Arabia,1978,Ilmenite,0,BGS
Saudi Arabia,1978,titanium ores and concentrates,0,BGS
Saudi Arabia,1979,Ilmenite,0,BGS
Saudi Arabia,1979,titanium ores and concentrates,0,BGS
Saudi Arabia,1980,Ilmenite,0,BGS
Saudi Arabia,1980,titanium ores and concentrates,0,BGS
Saudi Arabia,1981,Ilmenite,0,BGS
Saudi Arabia,1981,titanium ores and concentrates,0,BGS
Saudi Arabia,1982,Ilmenite,0,BGS
Saudi Arabia,1982,titanium ores and concentrates,0,BGS
Saudi Arabia,1983,Ilmenite,0,BGS
Saudi Arabia,1983,titanium ores and concentrates,0,BGS
Saudi Arabia,1984,Ilmenite,0,BGS
Saudi Arabia,1984,titanium ores and concentrates,0,BGS
Saudi Arabia,1985,Ilmenite,0,BGS
Saudi Arabia,1985,titanium ores and concentrates,0,BGS
Saudi Arabia,1986,Ilmenite,0,BGS
Saudi Arabia,1986,titanium ores and concentrates,0,BGS
Saudi Arabia,1987,Ilmenite,0,BGS
Saudi Arabia,1987,titanium ores and concentrates,0,BGS
Saudi Arabia,1988,Ilmenite,0,BGS
Saudi Arabia,1988,titanium ores and concentrates,0,BGS
Saudi Arabia,1989,Ilmenite,0,BGS
Saudi Arabia,1989,titanium ores and concentrates,0,BGS
Saudi Arabia,1990,Ilmenite,0,BGS
Saudi Arabia,1990,titanium ores and concentrates,0,BGS
Saudi Arabia,1991,Ilmenite,0,BGS
Saudi Arabia,1991,titanium ores and concentrates,0,BGS
Saudi Arabia,1992,Ilmenite,0,BGS
Saudi Arabia,1992,titanium ores and concentrates,0,BGS
Saudi Arabia,1993,Ilmenite,0,BGS
Saudi Arabia,1993,titanium ores and concentrates,0,BGS
Saudi Arabia,1994,Ilmenite,0,BGS
Saudi Arabia,1994,titanium ores and concentrates,0,BGS
Saudi Arabia,1995,Ilmenite,0,BGS
Saudi Arabia,1995,titanium ores and concentrates,0,BGS
Saudi Arabia,1996,Ilmenite,0,BGS
Saudi Arabia,1996,titanium ores and concentrates,0,BGS
Saudi Arabia,1997,Ilmenite,0,BGS
Saudi Arabia,1997,titanium ores and concentrates,0,BGS
Saudi Arabia,1998,Ilmenite,0,BGS
Saudi Arabia,1998,titanium ores and concentrates,0,BGS
Saudi Arabia,1999,Ilmenite,0,BGS
Saudi Arabia,1999,titanium ores and concentrates,0,BGS
Saudi Arabia,2000,Ilmenite,0,BGS
Saudi Arabia,2000,titanium ores and concentrates,0,BGS
Saudi Arabia,2001,Ilmenite,0,BGS
Saudi Arabia,2001,titanium ores and concentrates,0,BGS
Saudi Arabia,2002,Ilmenite,0,BGS
Saudi Arabia,2002,titanium ores and concentrates,0,BGS
Saudi Arabia,2003,Ilmenite,0,BGS
Saudi Arabia,2003,titanium ores and concentrates,0,BGS
Saudi Arabia,2004,Ilmenite,0,BGS
Saudi Arabia,2004,titanium ores and concentrates,0,BGS
Saudi Arabia,2005,Ilmenite,0,BGS
Saudi Arabia,2005,titanium ores and concentrates,0,BGS
Saudi Arabia,2006,Ilmenite,0,BGS
Saudi Arabia,2006,titanium ores and concentrates,0,BGS
Saudi Arabia,2007,Ilmenite,0,BGS
Saudi Arabia,2007,titanium ores and concentrates,0,BGS
Saudi Arabia,2008,Ilmenite,0,BGS
Saudi Arabia,2008,titanium ores and concentrates,0,BGS
Saudi Arabia,2009,Ilmenite,0,BGS
Saudi Arabia,2009,titanium ores and concentrates,0,BGS
Saudi Arabia,2010,Ilmenite,0,BGS
Saudi Arabia,2010,titanium ores and concentrates,0,BGS
Saudi Arabia,2011,Ilmenite,0,BGS
Saudi Arabia,2011,titanium ores and concentrates,0,BGS
Saudi Arabia,2012,Ilmenite,0,BGS
Saudi Arabia,2012,titanium ores and concentrates,0,BGS
Saudi Arabia,2013,Ilmenite,0,BGS
Saudi Arabia,2013,titanium ores and concentrates,0,BGS
Saudi Arabia,2014,Ilmenite,0,BGS
Saudi Arabia,2014,titanium ores and concentrates,0,BGS
Saudi Arabia,2015,Ilmenite,0,BGS
Saudi Arabia,2015,titanium ores and concentrates,0,BGS
Saudi Arabia,2016,Ilmenite,0,BGS
Saudi Arabia,2016,titanium ores and concentrates,0,BGS
Saudi Arabia,2017,Ilmenite,0,BGS
Saudi Arabia,2017,titanium ores and concentrates,0,BGS
Saudi Arabia,2018,Ilmenite,500,BGS
Saudi Arabia,2018,titanium ores and concentrates,500,BGS
Saudi Arabia,2019,Ilmenite,100,BGS
Saudi Arabia,2019,titanium ores and concentrates,100,BGS
Saudi Arabia,2020,Ilmenite,2800,BGS
Saudi Arabia,2020,titanium ores and concentrates,2800,BGS
Saudi Arabia,2021,Ilmenite,3700,BGS
Saudi Arabia,2021,titanium ores and concentrates,3700,BGS
Saudi Arabia,2022,Ilmenite,9700,BGS
Saudi Arabia,2022,titanium ores and concentrates,9700,BGS
Senegal,1970,Ilmenite,0,BGS
Senegal,1970,titanium ores and concentrates,0,BGS
Senegal,1971,Ilmenite,0,BGS
Senegal,1971,titanium ores and concentrates,0,BGS
Senegal,1972,Ilmenite,0,BGS
Senegal,1972,titanium ores and concentrates,0,BGS
Senegal,1973,Ilmenite,0,BGS
Senegal,1973,titanium ores and concentrates,0,BGS
Senegal,1974,Ilmenite,0,BGS
Senegal,1974,titanium ores and concentrates,0,BGS
Senegal,1975,Ilmenite,0,BGS
Senegal,1975,titanium ores and concentrates,0,BGS
Senegal,1976,Ilmenite,0,BGS
Senegal,1976,titanium ores and concentrates,0,BGS
Senegal,1977,Ilmenite,0,BGS
Senegal,1977,titanium ores and concentrates,0,BGS
Senegal,1978,Ilmenite,0,BGS
Senegal,1978,titanium ores and concentrates,0,BGS
Senegal,1979,Ilmenite,0,BGS
Senegal,1979,titanium ores and concentrates,0,BGS
Senegal,1980,Ilmenite,0,BGS
Senegal,1980,titanium ores and concentrates,0,BGS
Senegal,1981,Ilmenite,0,BGS
Senegal,1981,titanium ores and concentrates,0,BGS
Senegal,1982,Ilmenite,0,BGS
Senegal,1982,titanium ores and concentrates,0,BGS
Senegal,1983,Ilmenite,0,BGS
Senegal,1983,titanium ores and concentrates,0,BGS
Senegal,1984,Ilmenite,0,BGS
Senegal,1984,titanium ores and concentrates,0,BGS
Senegal,1985,Ilmenite,0,BGS
Senegal,1985,titanium ores and concentrates,0,BGS
Senegal,1986,Ilmenite,0,BGS
Senegal,1986,titanium ores and concentrates,0,BGS
Senegal,1987,Ilmenite,0,BGS
Senegal,1987,titanium ores and concentrates,0,BGS
Senegal,1988,Ilmenite,0,BGS
Senegal,1988,titanium ores and concentrates,0,BGS
Senegal,1989,Ilmenite,0,BGS
Senegal,1989,titanium ores and concentrates,0,BGS
Senegal,1990,Ilmenite,0,BGS
Senegal,1990,titanium ores and concentrates,0,BGS
Senegal,1991,Ilmenite,0,BGS
Senegal,1991,titanium ores and concentrates,0,BGS
Senegal,1992,Ilmenite,0,BGS
Senegal,1992,titanium ores and concentrates,0,BGS
Senegal,1993,Ilmenite,0,BGS
Senegal,1993,titanium ores and concentrates,0,BGS
Senegal,1994,Ilmenite,0,BGS
Senegal,1994,titanium ores and concentrates,0,BGS
Senegal,1995,Ilmenite,0,BGS
Senegal,1995,titanium ores and concentrates,0,BGS
Senegal,1996,Ilmenite,0,BGS
Senegal,1996,titanium ores and concentrates,0,BGS
Senegal,1997,Ilmenite,0,BGS
Senegal,1997,titanium ores and concentrates,0,BGS
Senegal,1998,Ilmenite,0,BGS
Senegal,1998,titanium ores and concentrates,0,BGS
Senegal,1999,Ilmenite,0,BGS
Senegal,1999,titanium ores and concentrates,0,BGS
Senegal,2000,Ilmenite,0,BGS
Senegal,2000,Leucoxene + Rutile,0,BGS
Senegal,2000,titanium ores and concentrates,0,BGS
Senegal,2001,Ilmenite,0,BGS
Senegal,2001,Leucoxene + Rutile,0,BGS
Senegal,2001,titanium ores and concentrates,0,BGS
Senegal,2002,Ilmenite,0,BGS
Senegal,2002,Leucoxene + Rutile,0,BGS
Senegal,2002,titanium ores and concentrates,0,BGS
Senegal,2003,Ilmenite,0,BGS
Senegal,2003,Leucoxene + Rutile,0,BGS
Senegal,2003,titanium ores and concentrates,0,BGS
Senegal,2004,Ilmenite,0,BGS
Senegal,2004,Leucoxene + Rutile,0,BGS
Senegal,2004,titanium ores and concentrates,0,BGS
Senegal,2005,Ilmenite,0,BGS
Senegal,2005,Leucoxene + Rutile,0,BGS
Senegal,2005,titanium ores and concentrates,0,BGS
Senegal,2006,Ilmenite,0,BGS
Senegal,2006,Leucoxene + Rutile,0,BGS
Senegal,2006,titanium ores and concentrates,0,BGS
Senegal,2007,Ilmenite,0,BGS
Senegal,2007,Leucoxene + Rutile,0,BGS
Senegal,2007,titanium ores and concentrates,0,BGS
Senegal,2008,Ilmenite,0,BGS
Senegal,2008,Leucoxene + Rutile,0,BGS
Senegal,2008,titanium ores and concentrates,0,BGS
Senegal,2009,Ilmenite,0,BGS
Senegal,2009,Leucoxene + Rutile,0,BGS
Senegal,2009,titanium ores and concentrates,0,BGS
Senegal,2010,Ilmenite,0,BGS
Senegal,2010,Leucoxene + Rutile,0,BGS
Senegal,2010,titanium ores and concentrates,0,BGS
Senegal,2011,Ilmenite,0,BGS
Senegal,2011,Leucoxene + Rutile,0,BGS
Senegal,2011,titanium ores and concentrates,0,BGS
Senegal,2012,Ilmenite,0,BGS
Senegal,2012,Leucoxene + Rutile,0,BGS
Senegal,2012,titanium ores and concentrates,0,BGS
Senegal,2013,Ilmenite,0,BGS
Senegal,2013,Leucoxene + Rutile,0,BGS
Senegal,2013,titanium ores and concentrates,0,BGS
Senegal,2014,Ilmenite,100590,BGS
Senegal,2014,Leucoxene + Rutile,663,BGS
Senegal,2014,titanium ores and concentrates,101253,BGS
Senegal,2015,Ilmenite,427690,BGS
Senegal,2015,Leucoxene + Rutile,5311,BGS
Senegal,2015,titanium ores and concentrates,433001,BGS
Senegal,2016,Ilmenite,416249,BGS
Senegal,2016,Leucoxene + Rutile,9664,BGS
Senegal,2016,titanium ores and concentrates,425913,BGS
Senegal,2017,Ilmenite,492441,BGS
Senegal,2017,Leucoxene + Rutile,9975,BGS
Senegal,2017,titanium ores and concentrates,502416,BGS
Senegal,2018,Ilmenite,506938,BGS
Senegal,2018,Leucoxene + Rutile,9605,BGS
Senegal,2018,titanium ores and concentrates,516543,BGS
Senegal,2019,Ilmenite,491602,BGS
Senegal,2019,Leucoxene + Rutile,10130,BGS
Senegal,2019,titanium ores and concentrates,501732,BGS
Senegal,2020,Ilmenite,505000,BGS
Senegal,2020,Leucoxene + Rutile,9500,BGS
Senegal,2020,titanium ores and concentrates,514500,BGS
Senegal,2021,Ilmenite,723600,BGS
Senegal,2021,Leucoxene + Rutile,16400,BGS
Senegal,2021,titanium ores and concentrates,740000,BGS
Senegal,2022,Ilmenite,742000,BGS
Senegal,2022,Leucoxene + Rutile,10487,BGS
Senegal,2022,titanium ores and concentrates,752487,BGS
Sierra Leone,1970,Ilmenite,0,BGS
Sierra Leone,1970,Rutile,44056,BGS
Sierra Leone,1970,titanium ores and concentrates,44056,BGS
Sierra Leone,1971,Ilmenite,0,BGS
Sierra Leone,1971,Rutile,11932,BGS
Sierra Leone,1971,titanium ores and concentrates,11932,BGS
Sierra Leone,1972,Ilmenite,0,BGS
Sierra Leone,1972,Rutile,0,BGS
Sierra Leone,1972,titanium ores and concentrates,0,BGS
Sierra Leone,1973,Ilmenite,0,BGS
Sierra Leone,1973,Rutile,0,BGS
Sierra Leone,1973,titanium ores and concentrates,0,BGS
Sierra Leone,1974,Ilmenite,0,BGS
Sierra Leone,1974,Rutile,0,BGS
Sierra Leone,1974,titanium ores and concentrates,0,BGS
Sierra Leone,1975,Ilmenite,0,BGS
Sierra Leone,1975,Rutile,0,BGS
Sierra Leone,1975,titanium ores and concentrates,0,BGS
Sierra Leone,1976,Ilmenite,0,BGS
Sierra Leone,1976,Rutile,0,BGS
Sierra Leone,1976,titanium ores and concentrates,0,BGS
Sierra Leone,1977,Ilmenite,0,BGS
Sierra Leone,1977,Rutile,0,BGS
Sierra Leone,1977,titanium ores and concentrates,0,BGS
Sierra Leone,1978,Ilmenite,0,BGS
Sierra Leone,1978,Rutile,0,BGS
Sierra Leone,1978,titanium ores and concentrates,0,BGS
Sierra Leone,1979,Ilmenite,0,BGS
Sierra Leone,1979,Rutile,7500,BGS
Sierra Leone,1979,titanium ores and concentrates,7500,BGS
Sierra Leone,1980,Ilmenite,0,BGS
Sierra Leone,1980,Rutile,45440,BGS
Sierra Leone,1980,titanium ores and concentrates,45440,BGS
Sierra Leone,1981,Ilmenite,50795,BGS
Sierra Leone,1981,Rutile,0,BGS
Sierra Leone,1981,titanium ores and concentrates,50795,BGS
Sierra Leone,1982,Ilmenite,46576,BGS
Sierra Leone,1982,Rutile,0,BGS
Sierra Leone,1982,titanium ores and concentrates,46576,BGS
Sierra Leone,1983,Ilmenite,0,BGS
Sierra Leone,1983,Rutile,71801,BGS
Sierra Leone,1983,titanium ores and concentrates,71801,BGS
Sierra Leone,1984,Ilmenite,0,BGS
Sierra Leone,1984,Rutile,91289,BGS
Sierra Leone,1984,titanium ores and concentrates,91289,BGS
Sierra Leone,1985,Ilmenite,0,BGS
Sierra Leone,1985,Rutile,80611,BGS
Sierra Leone,1985,titanium ores and concentrates,80611,BGS
Sierra Leone,1986,Ilmenite,0,BGS
Sierra Leone,1986,Rutile,97101,BGS
Sierra Leone,1986,titanium ores and concentrates,97101,BGS
Sierra Leone,1987,Ilmenite,5600,BGS
Sierra Leone,1987,Rutile,113111,BGS
Sierra Leone,1987,titanium ores and concentrates,118711,BGS
Sierra Leone,1988,Ilmenite,42118,BGS
Sierra Leone,1988,Rutile,126332,BGS
Sierra Leone,1988,titanium ores and concentrates,168450,BGS
Sierra Leone,1989,Ilmenite,62310,BGS
Sierra Leone,1989,Rutile,128198,BGS
Sierra Leone,1989,titanium ores and concentrates,190508,BGS
Sierra Leone,1990,Ilmenite,54639,BGS
Sierra Leone,1990,Rutile,144401,BGS
Sierra Leone,1990,titanium ores and concentrates,199040,BGS
Sierra Leone,1991,Ilmenite,60371,BGS
Sierra Leone,1991,Rutile,154800,BGS
Sierra Leone,1991,titanium ores and concentrates,215171,BGS
Sierra Leone,1992,Ilmenite,60331,BGS
Sierra Leone,1992,Rutile,149000,BGS
Sierra Leone,1992,titanium ores and concentrates,209331,BGS
Sierra Leone,1993,Ilmenite,64400,BGS
Sierra Leone,1993,Rutile,150332,BGS
Sierra Leone,1993,titanium ores and concentrates,214732,BGS
Sierra Leone,1994,Ilmenite,53500,BGS
Sierra Leone,1994,Rutile,144312,BGS
Sierra Leone,1994,titanium ores and concentrates,197812,BGS
Sierra Leone,1995,Ilmenite,0,BGS
Sierra Leone,1995,Rutile,0,BGS
Sierra Leone,1995,titanium ores and concentrates,0,BGS
Sierra Leone,1996,Ilmenite,0,BGS
Sierra Leone,1996,Rutile,0,BGS
Sierra Leone,1996,titanium ores and concentrates,0,BGS
Sierra Leone,1997,Ilmenite,0,BGS
Sierra Leone,1997,Rutile,0,BGS
Sierra Leone,1997,titanium ores and concentrates,0,BGS
Sierra Leone,1998,Ilmenite,0,BGS
Sierra Leone,1998,Rutile,0,BGS
Sierra Leone,1998,titanium ores and concentrates,0,BGS
Sierra Leone,1999,Ilmenite,0,BGS
Sierra Leone,1999,Rutile,0,BGS
Sierra Leone,1999,titanium ores and concentrates,0,BGS
Sierra Leone,2000,Ilmenite,0,BGS
Sierra Leone,2000,Rutile,0,BGS
Sierra Leone,2000,titanium ores and concentrates,0,BGS
Sierra Leone,2001,Ilmenite,0,BGS
Sierra Leone,2001,Rutile,0,BGS
Sierra Leone,2001,titanium ores and concentrates,0,BGS
Sierra Leone,2002,Ilmenite,0,BGS
Sierra Leone,2002,Rutile,0,BGS
Sierra Leone,2002,titanium ores and concentrates,0,BGS
Sierra Leone,2003,Ilmenite,0,BGS
Sierra Leone,2003,Rutile,0,BGS
Sierra Leone,2003,titanium ores and concentrates,0,BGS
Sierra Leone,2004,Ilmenite,0,BGS
Sierra Leone,2004,Rutile,0,BGS
Sierra Leone,2004,titanium ores and concentrates,0,BGS
Sierra Leone,2005,Ilmenite,0,BGS
Sierra Leone,2005,Rutile,0,BGS
Sierra Leone,2005,titanium ores and concentrates,0,BGS
Sierra Leone,2006,Ilmenite,13819,BGS
Sierra Leone,2006,Rutile,73600,BGS
Sierra Leone,2006,titanium ores and concentrates,87419,BGS
Sierra Leone,2007,Ilmenite,15750,BGS
Sierra Leone,2007,Rutile,82805,BGS
Sierra Leone,2007,titanium ores and concentrates,98555,BGS
Sierra Leone,2008,Ilmenite,17260,BGS
Sierra Leone,2008,Rutile,78910,BGS
Sierra Leone,2008,titanium ores and concentrates,96170,BGS
Sierra Leone,2009,Ilmenite,15200,BGS
Sierra Leone,2009,Rutile,63860,BGS
Sierra Leone,2009,titanium ores and concentrates,79060,BGS
Sierra Leone,2010,Ilmenite,18206,BGS
Sierra Leone,2010,Rutile,68198,BGS
Sierra Leone,2010,titanium ores and concentrates,86404,BGS
Sierra Leone,2011,Ilmenite,14576,BGS
Sierra Leone,2011,Rutile,67970,BGS
Sierra Leone,2011,titanium ores and concentrates,82546,BGS
Sierra Leone,2012,Ilmenite,21400,BGS
Sierra Leone,2012,Rutile,94490,BGS
Sierra Leone,2012,titanium ores and concentrates,115890,BGS
Sierra Leone,2013,Ilmenite,32350,BGS
Sierra Leone,2013,Rutile,120350,BGS
Sierra Leone,2013,titanium ores and concentrates,152700,BGS
Sierra Leone,2014,Ilmenite,35839,BGS
Sierra Leone,2014,Rutile,115078,BGS
Sierra Leone,2014,titanium ores and concentrates,150917,BGS
Sierra Leone,2015,Ilmenite,48420,BGS
Sierra Leone,2015,Rutile,126021,BGS
Sierra Leone,2015,titanium ores and concentrates,174441,BGS
Sierra Leone,2016,Ilmenite,28102,BGS
Sierra Leone,2016,Rutile,148541,BGS
Sierra Leone,2016,titanium ores and concentrates,176643,BGS
Sierra Leone,2017,Ilmenite,57040,BGS
Sierra Leone,2017,Rutile,165470,BGS
Sierra Leone,2017,titanium ores and concentrates,222510,BGS
Sierra Leone,2018,Ilmenite,49510,BGS
Sierra Leone,2018,Rutile,108320,BGS
Sierra Leone,2018,titanium ores and concentrates,157830,BGS
Sierra Leone,2019,Ilmenite,63350,BGS
Sierra Leone,2019,Rutile,136790,BGS
Sierra Leone,2019,titanium ores and concentrates,200140,BGS
Sierra Leone,2020,Ilmenite,50963,BGS
Sierra Leone,2020,Rutile,116569,BGS
Sierra Leone,2020,titanium ores and concentrates,167532,BGS
Sierra Leone,2021,Ilmenite,53802,BGS
Sierra Leone,2021,Rutile,131311,BGS
Sierra Leone,2021,titanium ores and concentrates,185113,BGS
Sierra Leone,2022,Ilmenite,58610,BGS
Sierra Leone,2022,Rutile,135818,BGS
Sierra Leone,2022,titanium ores and concentrates,194428,BGS
South Africa,1970,Ilmenite,0,BGS
South Africa,1970,Rutile,0,BGS
South Africa,1970,titanium ores and concentrates,0,BGS
South Africa,1971,Ilmenite,0,BGS
South Africa,1971,Rutile,0,BGS
South Africa,1971,titanium ores and concentrates,0,BGS
South Africa,1972,Ilmenite,0,BGS
South Africa,1972,Rutile,0,BGS
South Africa,1972,titanium ores and concentrates,0,BGS
South Africa,1973,Ilmenite,0,BGS
South Africa,1973,Rutile,0,BGS
South Africa,1973,titanium ores and concentrates,0,BGS
South Africa,1974,Ilmenite,0,BGS
South Africa,1974,Rutile,0,BGS
South Africa,1974,titanium ores and concentrates,0,BGS
South Africa,1975,Ilmenite,0,BGS
South Africa,1975,Rutile,0,BGS
South Africa,1975,titanium ores and concentrates,0,BGS
South Africa,1976,Ilmenite,0,BGS
South Africa,1976,Rutile,0,BGS
South Africa,1976,titanium ores and concentrates,0,BGS
South Africa,1977,Ilmenite,0,BGS
South Africa,1977,Rutile,0,BGS
South Africa,1977,titanium ores and concentrates,0,BGS
South Africa,1978,Ilmenite,0,BGS
South Africa,1978,Rutile,0,BGS
South Africa,1978,titanium ores and concentrates,0,BGS
South Africa,1979,Ilmenite,0,BGS
South Africa,1979,Rutile,0,BGS
South Africa,1979,titanium ores and concentrates,0,BGS
South Africa,1980,Ilmenite,0,BGS
South Africa,1980,Rutile,0,BGS
South Africa,1980,titanium ores and concentrates,272310,BGS
South Africa,1981,Ilmenite,0,BGS
South Africa,1981,Rutile,0,BGS
South Africa,1981,titanium ores and concentrates,267545,BGS
South Africa,1982,Ilmenite,0,BGS
South Africa,1982,Rutile,0,BGS
South Africa,1982,titanium ores and concentrates,211000,BGS
South Africa,1983,Ilmenite,0,BGS
South Africa,1983,Rutile,0,BGS
South Africa,1983,titanium ores and concentrates,0,BGS
South Africa,1984,Ilmenite,0,BGS
South Africa,1984,Rutile,0,BGS
South Africa,1984,titanium ores and concentrates,0,BGS
South Africa,1985,Ilmenite,0,BGS
South Africa,1985,Rutile,0,BGS
South Africa,1985,titanium ores and concentrates,0,BGS
South Africa,1986,Ilmenite,0,BGS
South Africa,1986,Rutile,0,BGS
South Africa,1986,titanium ores and concentrates,0,BGS
South Africa,1987,Ilmenite,0,BGS
South Africa,1987,Rutile,0,BGS
South Africa,1987,titanium ores and concentrates,0,BGS
South Africa,1988,Ilmenite,0,BGS
South Africa,1988,Rutile,0,BGS
South Africa,1988,titanium ores and concentrates,0,BGS
South Africa,1989,Ilmenite,0,BGS
South Africa,1989,Rutile,0,BGS
South Africa,1989,titanium ores and concentrates,0,BGS
South Africa,1990,Ilmenite,1142000,BGS
South Africa,1990,Rutile,64056,BGS
South Africa,1990,titanium ores and concentrates,1206056,BGS
South Africa,1991,Ilmenite,1374000,BGS
South Africa,1991,Rutile,75000,BGS
South Africa,1991,titanium ores and concentrates,1449000,BGS
South Africa,1992,Ilmenite,1502000,BGS
South Africa,1992,Rutile,75000,BGS
South Africa,1992,titanium ores and concentrates,1577000,BGS
South Africa,1993,Ilmenite,1516000,BGS
South Africa,1993,Rutile,100000,BGS
South Africa,1993,titanium ores and concentrates,1616000,BGS
South Africa,1994,Ilmenite,1314000,BGS
South Africa,1994,Rutile,90000,BGS
South Africa,1994,titanium ores and concentrates,1404000,BGS
South Africa,1995,Ilmenite,1680000,BGS
South Africa,1995,Rutile,90000,BGS
South Africa,1995,titanium ores and concentrates,1770000,BGS
South Africa,1996,Ilmenite,1700000,BGS
South Africa,1996,Rutile,110000,BGS
South Africa,1996,titanium ores and concentrates,1810000,BGS
South Africa,1997,Ilmenite,1853000,BGS
South Africa,1997,Rutile,115000,BGS
South Africa,1997,titanium ores and concentrates,1968000,BGS
South Africa,1998,Ilmenite,1836000,BGS
South Africa,1998,Rutile,115000,BGS
South Africa,1998,titanium ores and concentrates,1951000,BGS
South Africa,1999,Ilmenite,1870000,BGS
South Africa,1999,Rutile,123000,BGS
South Africa,1999,titanium ores and concentrates,1993000,BGS
South Africa,2000,Ilmenite,1853000,BGS
South Africa,2000,Rutile,123000,BGS
South Africa,2000,titanium ores and concentrates,1976000,BGS
South Africa,2001,Ilmenite,1751000,BGS
South Africa,2001,Rutile,122000,BGS
South Africa,2001,titanium ores and concentrates,1873000,BGS
South Africa,2002,Ilmenite,1649000,BGS
South Africa,2002,Rutile,140000,BGS
South Africa,2002,titanium ores and concentrates,1789000,BGS
South Africa,2003,Ilmenite,1581000,BGS
South Africa,2003,Rutile,100000,BGS
South Africa,2003,titanium ores and concentrates,1681000,BGS
South Africa,2004,Ilmenite,1730000,BGS
South Africa,2004,Rutile,100000,BGS
South Africa,2004,titanium ores and concentrates,1830000,BGS
South Africa,2005,Ilmenite,973100,BGS
South Africa,2005,Rutile,130000,BGS
South Africa,2005,titanium ores and concentrates,1103100,BGS
South Africa,2006,Ilmenite,1330500,BGS
South Africa,2006,Rutile,125200,BGS
South Africa,2006,titanium ores and concentrates,1455700,BGS
South Africa,2007,Ilmenite,1402500,BGS
South Africa,2007,Rutile,111500,BGS
South Africa,2007,titanium ores and concentrates,1514000,BGS
South Africa,2008,Ilmenite,1360000,BGS
South Africa,2008,Rutile,132000,BGS
South Africa,2008,titanium ores and concentrates,1492000,BGS
South Africa,2009,Ilmenite,1445000,BGS
South Africa,2009,Rutile,134000,BGS
South Africa,2009,titanium ores and concentrates,1579000,BGS
South Africa,2010,Ilmenite,1200000,BGS
South Africa,2010,Rutile,135000,BGS
South Africa,2010,titanium ores and concentrates,1335000,BGS
South Africa,2011,Ilmenite,1369000,BGS
South Africa,2011,Rutile,133000,BGS
South Africa,2011,titanium ores and concentrates,1502000,BGS
South Africa,2012,Ilmenite,1203000,BGS
South Africa,2012,Rutile,141000,BGS
South Africa,2012,titanium ores and concentrates,1344000,BGS
South Africa,2013,Ilmenite,1070000,BGS
South Africa,2013,Rutile,73400,BGS
South Africa,2013,titanium ores and concentrates,1143400,BGS
South Africa,2014,Ilmenite,1105000,BGS
South Africa,2014,Rutile,133000,BGS
South Africa,2014,titanium ores and concentrates,1238000,BGS
South Africa,2015,Ilmenite,1280000,BGS
South Africa,2015,Rutile,67000,BGS
South Africa,2015,titanium ores and concentrates,1347000,BGS
South Africa,2016,Ilmenite,1020000,BGS
South Africa,2016,Rutile,67000,BGS
South Africa,2016,titanium ores and concentrates,1087000,BGS
South Africa,2017,Ilmenite,550000,BGS
South Africa,2017,Rutile,95000,BGS
South Africa,2017,titanium ores and concentrates,645000,BGS
South Africa,2018,Ilmenite,765000,BGS
South Africa,2018,Rutile,103000,BGS
South Africa,2018,titanium ores and concentrates,868000,BGS
South Africa,2019,Ilmenite,1100000,BGS
South Africa,2019,Rutile,110000,BGS
South Africa,2019,titanium ores and concentrates,1210000,BGS
South Africa,2020,Ilmenite,1020000,BGS
South Africa,2020,Rutile,86000,BGS
South Africa,2020,titanium ores and concentrates,1106000,BGS
South Africa,2021,Ilmenite,1000000,BGS
South Africa,2021,Rutile,95000,BGS
South Africa,2021,titanium ores and concentrates,1095000,BGS
South Africa,2022,Ilmenite,900000,BGS
South Africa,2022,Rutile,95000,BGS
South Africa,2022,titanium ores and concentrates,995000,BGS
Soviet Union,1970,Ilmenite,0,BGS
Soviet Union,1970,Rutile,0,BGS
Soviet Union,1970,titanium ores and concentrates,0,BGS
Soviet Union,1971,Ilmenite,0,BGS
Soviet Union,1971,Rutile,0,BGS
Soviet Union,1971,titanium ores and concentrates,0,BGS
Soviet Union,1972,Ilmenite,0,BGS
Soviet Union,1972,Rutile,0,BGS
Soviet Union,1972,titanium ores and concentrates,0,BGS
Soviet Union,1973,Ilmenite,0,BGS
Soviet Union,1973,Rutile,0,BGS
Soviet Union,1973,titanium ores and concentrates,0,BGS
Soviet Union,1974,Ilmenite,307000,BGS
Soviet Union,1974,Rutile,0,BGS
Soviet Union,1974,titanium ores and concentrates,307000,BGS
Soviet Union,1975,Ilmenite,327000,BGS
Soviet Union,1975,Rutile,0,BGS
Soviet Union,1975,titanium ores and concentrates,327000,BGS
Soviet Union,1976,Ilmenite,380000,BGS
Soviet Union,1976,Rutile,9000,BGS
Soviet Union,1976,titanium ores and concentrates,389000,BGS
Soviet Union,1977,Ilmenite,399000,BGS
Soviet Union,1977,Rutile,9000,BGS
Soviet Union,1977,titanium ores and concentrates,408000,BGS
Soviet Union,1978,Ilmenite,410000,BGS
Soviet Union,1978,Rutile,9000,BGS
Soviet Union,1978,titanium ores and concentrates,419000,BGS
Soviet Union,1979,Ilmenite,410000,BGS
Soviet Union,1979,Rutile,10000,BGS
Soviet Union,1979,titanium ores and concentrates,420000,BGS
Soviet Union,1980,Ilmenite,420000,BGS
Soviet Union,1980,Rutile,10000,BGS
Soviet Union,1980,titanium ores and concentrates,430000,BGS
Soviet Union,1981,Ilmenite,430000,BGS
Soviet Union,1981,Rutile,10000,BGS
Soviet Union,1981,titanium ores and concentrates,440000,BGS
Soviet Union,1982,Ilmenite,430000,BGS
Soviet Union,1982,Rutile,10000,BGS
Soviet Union,1982,titanium ores and concentrates,440000,BGS
Soviet Union,1983,Ilmenite,435000,BGS
Soviet Union,1983,Rutile,10000,BGS
Soviet Union,1983,titanium ores and concentrates,445000,BGS
Soviet Union,1984,Ilmenite,440000,BGS
Soviet Union,1984,Rutile,10000,BGS
Soviet Union,1984,titanium ores and concentrates,450000,BGS
Soviet Union,1985,Ilmenite,445000,BGS
Soviet Union,1985,Rutile,10000,BGS
Soviet Union,1985,titanium ores and concentrates,455000,BGS
Soviet Union,1986,Ilmenite,450000,BGS
Soviet Union,1986,Rutile,10000,BGS
Soviet Union,1986,titanium ores and concentrates,460000,BGS
Soviet Union,1987,Ilmenite,455000,BGS
Soviet Union,1987,Rutile,10000,BGS
Soviet Union,1987,titanium ores and concentrates,465000,BGS
Soviet Union,1988,Ilmenite,460000,BGS
Soviet Union,1988,Rutile,10000,BGS
Soviet Union,1988,titanium ores and concentrates,470000,BGS
Soviet Union,1989,Ilmenite,460000,BGS
Soviet Union,1989,Rutile,10000,BGS
Soviet Union,1989,titanium ores and concentrates,470000,BGS
Soviet Union,1990,Ilmenite,430000,BGS
Soviet Union,1990,Rutile,9500,BGS
Soviet Union,1990,titanium ores and concentrates,439500,BGS
Soviet Union,1991,Ilmenite,400000,BGS
Soviet Union,1991,Rutile,9000,BGS
Soviet Union,1991,titanium ores and concentrates,409000,BGS
Soviet Union,1992,Ilmenite,0,BGS
Soviet Union,1992,Rutile,0,BGS
Soviet Union,1992,titanium ores and concentrates,0,BGS
Soviet Union,1993,Ilmenite,0,BGS
Soviet Union,1993,Rutile,0,BGS
Soviet Union,1993,titanium ores and concentrates,0,BGS
Soviet Union,1994,Ilmenite,0,BGS
Soviet Union,1994,Rutile,0,BGS
Soviet Union,1994,titanium ores and concentrates,0,BGS
Soviet Union,1995,Ilmenite,0,BGS
Soviet Union,1995,Rutile,0,BGS
Soviet Union,1995,titanium ores and concentrates,0,BGS
Soviet Union,1996,Ilmenite,0,BGS
Soviet Union,1996,Rutile,0,BGS
Soviet Union,1996,titanium ores and concentrates,0,BGS
Soviet Union,1997,Ilmenite,0,BGS
Soviet Union,1997,Rutile,0,BGS
Soviet Union,1997,titanium ores and concentrates,0,BGS
Soviet Union,1998,Ilmenite,0,BGS
Soviet Union,1998,Rutile,0,BGS
Soviet Union,1998,titanium ores and concentrates,0,BGS
Soviet Union,1999,Ilmenite,0,BGS
Soviet Union,1999,Rutile,0,BGS
Soviet Union,1999,titanium ores and concentrates,0,BGS
Soviet Union,2000,Ilmenite,0,BGS
Soviet Union,2000,Rutile,0,BGS
Soviet Union,2000,titanium ores and concentrates,0,BGS
Soviet Union,2001,Ilmenite,0,BGS
Soviet Union,2001,Rutile,0,BGS
Soviet Union,2001,titanium ores and concentrates,0,BGS
Soviet Union,2002,Ilmenite,0,BGS
Soviet Union,2002,Rutile,0,BGS
Soviet Union,2002,titanium ores and concentrates,0,BGS
Soviet Union,2003,Ilmenite,0,BGS
Soviet Union,2003,Rutile,0,BGS
Soviet Union,2003,titanium ores and concentrates,0,BGS
Soviet Union,2004,Ilmenite,0,BGS
Soviet Union,2004,Rutile,0,BGS
Soviet Union,2004,titanium ores and concentrates,0,BGS
Soviet Union,2005,Ilmenite,0,BGS
Soviet Union,2005,Rutile,0,BGS
Soviet Union,2005,titanium ores and concentrates,0,BGS
Soviet Union,2006,Ilmenite,0,BGS
Soviet Union,2006,Rutile,0,BGS
Soviet Union,2006,titanium ores and concentrates,0,BGS
Soviet Union,2007,Ilmenite,0,BGS
Soviet Union,2007,Rutile,0,BGS
Soviet Union,2007,titanium ores and concentrates,0,BGS
Soviet Union,2008,Ilmenite,0,BGS
Soviet Union,2008,Rutile,0,BGS
Soviet Union,2008,titanium ores and concentrates,0,BGS
Soviet Union,2009,Ilmenite,0,BGS
Soviet Union,2009,Rutile,0,BGS
Soviet Union,2009,titanium ores and concentrates,0,BGS
Soviet Union,2010,Ilmenite,0,BGS
Soviet Union,2010,Rutile,0,BGS
Soviet Union,2010,titanium ores and concentrates,0,BGS
Soviet Union,2011,Ilmenite,0,BGS
Soviet Union,2011,Rutile,0,BGS
Soviet Union,2011,titanium ores and concentrates,0,BGS
Soviet Union,2012,Ilmenite,0,BGS
Soviet Union,2012,Rutile,0,BGS
Soviet Union,2012,titanium ores and concentrates,0,BGS
Soviet Union,2013,Ilmenite,0,BGS
Soviet Union,2013,Rutile,0,BGS
Soviet Union,2013,titanium ores and concentrates,0,BGS
Soviet Union,2014,Ilmenite,0,BGS
Soviet Union,2014,Rutile,0,BGS
Soviet Union,2014,titanium ores and concentrates,0,BGS
Soviet Union,2015,Ilmenite,0,BGS
Soviet Union,2015,Rutile,0,BGS
Soviet Union,2015,titanium ores and concentrates,0,BGS
Soviet Union,2016,Ilmenite,0,BGS
Soviet Union,2016,Rutile,0,BGS
Soviet Union,2016,titanium ores and concentrates,0,BGS
Soviet Union,2017,Ilmenite,0,BGS
Soviet Union,2017,Rutile,0,BGS
Soviet Union,2017,titanium ores and concentrates,0,BGS
Soviet Union,2018,Ilmenite,0,BGS
Soviet Union,2018,Rutile,0,BGS
Soviet Union,2018,titanium ores and concentrates,0,BGS
Soviet Union,2019,Ilmenite,0,BGS
Soviet Union,2019,Rutile,0,BGS
Soviet Union,2019,titanium ores and concentrates,0,BGS
Soviet Union,2020,Ilmenite,0,BGS
Soviet Union,2020,Rutile,0,BGS
Soviet Union,2020,titanium ores and concentrates,0,BGS
Soviet Union,2021,Ilmenite,0,BGS
Soviet Union,2021,Rutile,0,BGS
Soviet Union,2021,titanium ores and concentrates,0,BGS
Soviet Union,2022,Ilmenite,0,BGS
Soviet Union,2022,Rutile,0,BGS
Soviet Union,2022,titanium ores and concentrates,0,BGS
Spain,1970,Ilmenite,27126,BGS
Spain,1970,titanium ores and concentrates,27126,BGS
Spain,1971,Ilmenite,24349,BGS
Spain,1971,titanium ores and concentrates,24349,BGS
Spain,1972,Ilmenite,22483,BGS
Spain,1972,titanium ores and concentrates,22483,BGS
Spain,1973,Ilmenite,5416,BGS
Spain,1973,titanium ores and concentrates,5416,BGS
Spain,1974,Ilmenite,0,BGS
Spain,1974,titanium ores and concentrates,0,BGS
Spain,1975,Ilmenite,0,BGS
Spain,1975,titanium ores and concentrates,0,BGS
Spain,1976,Ilmenite,0,BGS
Spain,1976,titanium ores and concentrates,0,BGS
Spain,1977,Ilmenite,0,BGS
Spain,1977,titanium ores and concentrates,0,BGS
Spain,1978,Ilmenite,0,BGS
Spain,1978,titanium ores and concentrates,0,BGS
Spain,1979,Ilmenite,0,BGS
Spain,1979,titanium ores and concentrates,0,BGS
Spain,1980,Ilmenite,0,BGS
Spain,1980,titanium ores and concentrates,0,BGS
Spain,1981,Ilmenite,0,BGS
Spain,1981,titanium ores and concentrates,0,BGS
Spain,1982,Ilmenite,0,BGS
Spain,1982,titanium ores and concentrates,0,BGS
Spain,1983,Ilmenite,0,BGS
Spain,1983,titanium ores and concentrates,0,BGS
Spain,1984,Ilmenite,0,BGS
Spain,1984,titanium ores and concentrates,0,BGS
Spain,1985,Ilmenite,0,BGS
Spain,1985,titanium ores and concentrates,0,BGS
Spain,1986,Ilmenite,0,BGS
Spain,1986,titanium ores and concentrates,0,BGS
Spain,1987,Ilmenite,0,BGS
Spain,1987,titanium ores and concentrates,0,BGS
Spain,1988,Ilmenite,0,BGS
Spain,1988,titanium ores and concentrates,0,BGS
Spain,1989,Ilmenite,0,BGS
Spain,1989,titanium ores and concentrates,0,BGS
Spain,1990,Ilmenite,0,BGS
Spain,1990,titanium ores and concentrates,0,BGS
Spain,1991,Ilmenite,0,BGS
Spain,1991,titanium ores and concentrates,0,BGS
Spain,1992,Ilmenite,0,BGS
Spain,1992,titanium ores and concentrates,0,BGS
Spain,1993,Ilmenite,0,BGS
Spain,1993,titanium ores and concentrates,0,BGS
Spain,1994,Ilmenite,0,BGS
Spain,1994,titanium ores and concentrates,0,BGS
Spain,1995,Ilmenite,0,BGS
Spain,1995,titanium ores and concentrates,0,BGS
Spain,1996,Ilmenite,0,BGS
Spain,1996,titanium ores and concentrates,0,BGS
Spain,1997,Ilmenite,0,BGS
Spain,1997,titanium ores and concentrates,0,BGS
Spain,1998,Ilmenite,0,BGS
Spain,1998,titanium ores and concentrates,0,BGS
Spain,1999,Ilmenite,0,BGS
Spain,1999,titanium ores and concentrates,0,BGS
Spain,2000,Ilmenite,0,BGS
Spain,2000,titanium ores and concentrates,0,BGS
Spain,2001,Ilmenite,0,BGS
Spain,2001,titanium ores and concentrates,0,BGS
Spain,2002,Ilmenite,0,BGS
Spain,2002,titanium ores and concentrates,0,BGS
Spain,2003,Ilmenite,0,BGS
Spain,2003,titanium ores and concentrates,0,BGS
Spain,2004,Ilmenite,0,BGS
Spain,2004,titanium ores and concentrates,0,BGS
Spain,2005,Ilmenite,0,BGS
Spain,2005,titanium ores and concentrates,0,BGS
Spain,2006,Ilmenite,0,BGS
Spain,2006,titanium ores and concentrates,0,BGS
Spain,2007,Ilmenite,0,BGS
Spain,2007,titanium ores and concentrates,0,BGS
Spain,2008,Ilmenite,0,BGS
Spain,2008,titanium ores and concentrates,0,BGS
Spain,2009,Ilmenite,0,BGS
Spain,2009,titanium ores and concentrates,0,BGS
Spain,2010,Ilmenite,0,BGS
Spain,2010,titanium ores and concentrates,0,BGS
Spain,2011,Ilmenite,0,BGS
Spain,2011,titanium ores and concentrates,0,BGS
Spain,2012,Ilmenite,0,BGS
Spain,2012,titanium ores and concentrates,0,BGS
Spain,2013,Ilmenite,0,BGS
Spain,2013,titanium ores and concentrates,0,BGS
Spain,2014,Ilmenite,0,BGS
Spain,2014,titanium ores and concentrates,0,BGS
Spain,2015,Ilmenite,0,BGS
Spain,2015,titanium ores and concentrates,0,BGS
Spain,2016,Ilmenite,0,BGS
Spain,2016,titanium ores and concentrates,0,BGS
Spain,2017,Ilmenite,0,BGS
Spain,2017,titanium ores and concentrates,0,BGS
Spain,2018,Ilmenite,0,BGS
Spain,2018,titanium ores and concentrates,0,BGS
Spain,2019,Ilmenite,0,BGS
Spain,2019,titanium ores and concentrates,0,BGS
Spain,2020,Ilmenite,0,BGS
Spain,2020,titanium ores and concentrates,0,BGS
Spain,2021,Ilmenite,0,BGS
Spain,2021,titanium ores and concentrates,0,BGS
Spain,2022,Ilmenite,0,BGS
Spain,2022,titanium ores and concentrates,0,BGS
Sri Lanka,1970,Ilmenite,84562,BGS
Sri Lanka,1970,Rutile,2395,BGS
Sri Lanka,1970,titanium ores and concentrates,86957,BGS
Sri Lanka,1971,Ilmenite,92892,BGS
Sri Lanka,1971,Rutile,2586,BGS
Sri Lanka,1971,titanium ores and concentrates,95478,BGS
Sri Lanka,1972,Ilmenite,82503,BGS
Sri Lanka,1972,Rutile,2151,BGS
Sri Lanka,1972,titanium ores and concentrates,84654,BGS
Sri Lanka,1973,Ilmenite,93482,BGS
Sri Lanka,1973,Rutile,2252,BGS
Sri Lanka,1973,titanium ores and concentrates,95734,BGS
Sri Lanka,1974,Ilmenite,81098,BGS
Sri Lanka,1974,Rutile,3051,BGS
Sri Lanka,1974,titanium ores and concentrates,84149,BGS
Sri Lanka,1975,Ilmenite,64010,BGS
Sri Lanka,1975,Rutile,3111,BGS
Sri Lanka,1975,titanium ores and concentrates,67121,BGS
Sri Lanka,1976,Ilmenite,64654,BGS
Sri Lanka,1976,Rutile,1019,BGS
Sri Lanka,1976,titanium ores and concentrates,65673,BGS
Sri Lanka,1977,Ilmenite,33946,BGS
Sri Lanka,1977,Rutile,0.95,BGS
Sri Lanka,1977,titanium ores and concentrates,34896,BGS
Sri Lanka,1978,Ilmenite,35904,BGS
Sri Lanka,1978,Rutile,11497,BGS
Sri Lanka,1978,titanium ores and concentrates,47401,BGS
Sri Lanka,1979,Ilmenite,55370,BGS
Sri Lanka,1979,Rutile,14675,BGS
Sri Lanka,1979,titanium ores and concentrates,70045,BGS
Sri Lanka,1980,Ilmenite,33956,BGS
Sri Lanka,1980,Rutile,12789,BGS
Sri Lanka,1980,titanium ores and concentrates,46745,BGS
Sri Lanka,1981,Ilmenite,80011,BGS
Sri Lanka,1981,Rutile,13301,BGS
Sri Lanka,1981,titanium ores and concentrates,93312,BGS
Sri Lanka,1982,Ilmenite,68282,BGS
Sri Lanka,1982,Rutile,7212,BGS
Sri Lanka,1982,titanium ores and concentrates,75494,BGS
Sri Lanka,1983,Ilmenite,80486,BGS
Sri Lanka,1983,Rutile,8386,BGS
Sri Lanka,1983,titanium ores and concentrates,88872,BGS
Sri Lanka,1984,Ilmenite,102048,BGS
Sri Lanka,1984,Rutile,6467,BGS
Sri Lanka,1984,titanium ores and concentrates,108515,BGS
Sri Lanka,1985,Ilmenite,114954,BGS
Sri Lanka,1985,Rutile,8605,BGS
Sri Lanka,1985,titanium ores and concentrates,123559,BGS
Sri Lanka,1986,Ilmenite,133873,BGS
Sri Lanka,1986,Rutile,8443,BGS
Sri Lanka,1986,titanium ores and concentrates,142316,BGS
Sri Lanka,1987,Ilmenite,128500,BGS
Sri Lanka,1987,Rutile,7200,BGS
Sri Lanka,1987,titanium ores and concentrates,135700,BGS
Sri Lanka,1988,Ilmenite,97085,BGS
Sri Lanka,1988,Rutile,13759,BGS
Sri Lanka,1988,titanium ores and concentrates,110844,BGS
Sri Lanka,1989,Ilmenite,101354,BGS
Sri Lanka,1989,Rutile,5589,BGS
Sri Lanka,1989,titanium ores and concentrates,106943,BGS
Sri Lanka,1990,Ilmenite,74350,BGS
Sri Lanka,1990,Rutile,7580,BGS
Sri Lanka,1990,titanium ores and concentrates,81930,BGS
Sri Lanka,1991,Ilmenite,62823,BGS
Sri Lanka,1991,Rutile,3085,BGS
Sri Lanka,1991,titanium ores and concentrates,65908,BGS
Sri Lanka,1992,Ilmenite,35868,BGS
Sri Lanka,1992,Rutile,2741,BGS
Sri Lanka,1992,titanium ores and concentrates,38609,BGS
Sri Lanka,1993,Ilmenite,71235,BGS
Sri Lanka,1993,Rutile,2643,BGS
Sri Lanka,1993,titanium ores and concentrates,73878,BGS
Sri Lanka,1994,Ilmenite,65458,BGS
Sri Lanka,1994,Rutile,2471,BGS
Sri Lanka,1994,titanium ores and concentrates,67929,BGS
Sri Lanka,1995,Ilmenite,54311,BGS
Sri Lanka,1995,Rutile,2884,BGS
Sri Lanka,1995,titanium ores and concentrates,57195,BGS
Sri Lanka,1996,Ilmenite,66456,BGS
Sri Lanka,1996,Rutile,3532,BGS
Sri Lanka,1996,titanium ores and concentrates,69988,BGS
Sri Lanka,1997,Ilmenite,22533,BGS
Sri Lanka,1997,Rutile,2968,BGS
Sri Lanka,1997,titanium ores and concentrates,25501,BGS
Sri Lanka,1998,Ilmenite,37148,BGS
Sri Lanka,1998,Rutile,1930,BGS
Sri Lanka,1998,titanium ores and concentrates,39078,BGS
Sri Lanka,1999,Ilmenite,0,BGS
Sri Lanka,1999,Rutile,0,BGS
Sri Lanka,1999,titanium ores and concentrates,0,BGS
Sri Lanka,2000,Ilmenite,0,BGS
Sri Lanka,2000,Rutile,0,BGS
Sri Lanka,2000,titanium ores and concentrates,0,BGS
Sri Lanka,2001,Ilmenite,0,BGS
Sri Lanka,2001,Rutile,0,BGS
Sri Lanka,2001,titanium ores and concentrates,0,BGS
Sri Lanka,2002,Ilmenite,0,BGS
Sri Lanka,2002,Rutile,0,BGS
Sri Lanka,2002,titanium ores and concentrates,0,BGS
Sri Lanka,2003,Ilmenite,0,BGS
Sri Lanka,2003,Rutile,0,BGS
Sri Lanka,2003,titanium ores and concentrates,0,BGS
Sri Lanka,2004,Ilmenite,1335,BGS
Sri Lanka,2004,Rutile,2798,BGS
Sri Lanka,2004,titanium ores and concentrates,4133,BGS
Sri Lanka,2005,Ilmenite,36303,BGS
Sri Lanka,2005,Rutile,8162,BGS
Sri Lanka,2005,titanium ores and concentrates,44465,BGS
Sri Lanka,2006,Ilmenite,57033,BGS
Sri Lanka,2006,Rutile,2280,BGS
Sri Lanka,2006,titanium ores and concentrates,59313,BGS
Sri Lanka,2007,Ilmenite,70728,BGS
Sri Lanka,2007,Rutile,4607,BGS
Sri Lanka,2007,titanium ores and concentrates,75335,BGS
Sri Lanka,2008,Ilmenite,56824,BGS
Sri Lanka,2008,Rutile,3405,BGS
Sri Lanka,2008,titanium ores and concentrates,60229,BGS
Sri Lanka,2009,Ilmenite,122424,BGS
Sri Lanka,2009,Rutile,2276,BGS
Sri Lanka,2009,titanium ores and concentrates,124700,BGS
Sri Lanka,2010,Ilmenite,52637,BGS
Sri Lanka,2010,Rutile,2568,BGS
Sri Lanka,2010,titanium ores and concentrates,55205,BGS
Sri Lanka,2011,Ilmenite,68085,BGS
Sri Lanka,2011,Rutile,1970,BGS
Sri Lanka,2011,titanium ores and concentrates,70055,BGS
Sri Lanka,2012,Ilmenite,44707,BGS
Sri Lanka,2012,Rutile,1590,BGS
Sri Lanka,2012,titanium ores and concentrates,46297,BGS
Sri Lanka,2013,Ilmenite,42685,BGS
Sri Lanka,2013,Rutile,1406,BGS
Sri Lanka,2013,titanium ores and concentrates,44091,BGS
Sri Lanka,2014,Ilmenite,32972,BGS
Sri Lanka,2014,Rutile,2111,BGS
Sri Lanka,2014,titanium ores and concentrates,35083,BGS
Sri Lanka,2015,Ilmenite,39439,BGS
Sri Lanka,2015,Rutile,1808,BGS
Sri Lanka,2015,titanium ores and concentrates,41247,BGS
Sri Lanka,2016,Ilmenite,26159,BGS
Sri Lanka,2016,Rutile,2237,BGS
Sri Lanka,2016,titanium ores and concentrates,28396,BGS
Sri Lanka,2017,Ilmenite,53734,BGS
Sri Lanka,2017,Rutile,2174,BGS
Sri Lanka,2017,titanium ores and concentrates,55908,BGS
Sri Lanka,2018,Ilmenite,60847,BGS
Sri Lanka,2018,Rutile,2174,BGS
Sri Lanka,2018,titanium ores and concentrates,63021,BGS
Sri Lanka,2019,Ilmenite,43789,BGS
Sri Lanka,2019,Rutile,1959,BGS
Sri Lanka,2019,titanium ores and concentrates,45748,BGS
Sri Lanka,2020,Ilmenite,18016,BGS
Sri Lanka,2020,Rutile,1311,BGS
Sri Lanka,2020,titanium ores and concentrates,19327,BGS
Sri Lanka,2021,Ilmenite,49068,BGS
Sri Lanka,2021,Rutile,1881,BGS
Sri Lanka,2021,titanium ores and concentrates,50949,BGS
Sri Lanka,2022,Ilmenite,31492,BGS
Sri Lanka,2022,Rutile,0.741,BGS
Sri Lanka,2022,titanium ores and concentrates,32233,BGS
Thailand,1970,Ilmenite,0,BGS
Thailand,1970,Leucoxene,0,BGS
Thailand,1970,titanium ores and concentrates,0,BGS
Thailand,1971,Ilmenite,0,BGS
Thailand,1971,Leucoxene,0,BGS
Thailand,1971,titanium ores and concentrates,0,BGS
Thailand,1972,Ilmenite,0,BGS
Thailand,1972,Leucoxene,0,BGS
Thailand,1972,titanium ores and concentrates,0,BGS
Thailand,1973,Ilmenite,0,BGS
Thailand,1973,Leucoxene,0,BGS
Thailand,1973,titanium ores and concentrates,0,BGS
Thailand,1974,Ilmenite,0,BGS
Thailand,1974,Leucoxene,0,BGS
Thailand,1974,titanium ores and concentrates,0,BGS
Thailand,1975,Ilmenite,0,BGS
Thailand,1975,Leucoxene,0,BGS
Thailand,1975,titanium ores and concentrates,0,BGS
Thailand,1976,Ilmenite,0,BGS
Thailand,1976,Leucoxene,0,BGS
Thailand,1976,titanium ores and concentrates,0,BGS
Thailand,1977,Ilmenite,0,BGS
Thailand,1977,Leucoxene,0,BGS
Thailand,1977,titanium ores and concentrates,0,BGS
Thailand,1978,Ilmenite,0,BGS
Thailand,1978,Leucoxene,0,BGS
Thailand,1978,titanium ores and concentrates,0,BGS
Thailand,1979,Ilmenite,0,BGS
Thailand,1979,Leucoxene,0,BGS
Thailand,1979,titanium ores and concentrates,0,BGS
Thailand,1980,Ilmenite,0,BGS
Thailand,1980,Leucoxene,0,BGS
Thailand,1980,titanium ores and concentrates,0,BGS
Thailand,1981,Ilmenite,0,BGS
Thailand,1981,Leucoxene,0,BGS
Thailand,1981,titanium ores and concentrates,0,BGS
Thailand,1982,Ilmenite,18,BGS
Thailand,1982,Leucoxene,0,BGS
Thailand,1982,titanium ores and concentrates,18,BGS
Thailand,1983,Ilmenite,205,BGS
Thailand,1983,Leucoxene,0,BGS
Thailand,1983,titanium ores and concentrates,205,BGS
Thailand,1984,Ilmenite,148,BGS
Thailand,1984,Leucoxene,388,BGS
Thailand,1984,titanium ores and concentrates,536,BGS
Thailand,1985,Ilmenite,1078,BGS
Thailand,1985,Leucoxene,488,BGS
Thailand,1985,titanium ores and concentrates,1566,BGS
Thailand,1986,Ilmenite,13489,BGS
Thailand,1986,Leucoxene,797,BGS
Thailand,1986,titanium ores and concentrates,14286,BGS
Thailand,1987,Ilmenite,26278,BGS
Thailand,1987,Leucoxene,800,BGS
Thailand,1987,titanium ores and concentrates,27078,BGS
Thailand,1988,Ilmenite,16455,BGS
Thailand,1988,Leucoxene,1798,BGS
Thailand,1988,titanium ores and concentrates,18253,BGS
Thailand,1989,Ilmenite,16955,BGS
Thailand,1989,Leucoxene,30,BGS
Thailand,1989,titanium ores and concentrates,16985,BGS
Thailand,1990,Ilmenite,10554,BGS
Thailand,1990,Leucoxene,120,BGS
Thailand,1990,titanium ores and concentrates,10674,BGS
Thailand,1991,Ilmenite,17071,BGS
Thailand,1991,Leucoxene,4,BGS
Thailand,1991,titanium ores and concentrates,17075,BGS
Thailand,1992,Ilmenite,2922,BGS
Thailand,1992,Leucoxene,45,BGS
Thailand,1992,Rutile,281,BGS
Thailand,1992,titanium ores and concentrates,3248,BGS
Thailand,1993,Ilmenite,20715,BGS
Thailand,1993,Leucoxene,106,BGS
Thailand,1993,Rutile,87,BGS
Thailand,1993,titanium ores and concentrates,20908,BGS
Thailand,1994,Ilmenite,1600,BGS
Thailand,1994,Leucoxene,77,BGS
Thailand,1994,Rutile,49,BGS
Thailand,1994,titanium ores and concentrates,1726,BGS
Thailand,1995,Ilmenite,0,BGS
Thailand,1995,Leucoxene,0,BGS
Thailand,1995,Rutile,0,BGS
Thailand,1995,titanium ores and concentrates,0,BGS
Thailand,1996,Ilmenite,0,BGS
Thailand,1996,Leucoxene,0,BGS
Thailand,1996,Rutile,0,BGS
Thailand,1996,titanium ores and concentrates,0,BGS
Thailand,1997,Ilmenite,0,BGS
Thailand,1997,Leucoxene,0,BGS
Thailand,1997,Rutile,0,BGS
Thailand,1997,titanium ores and concentrates,0,BGS
Thailand,1998,Ilmenite,0,BGS
Thailand,1998,Leucoxene,0,BGS
Thailand,1998,Rutile,0,BGS
Thailand,1998,titanium ores and concentrates,0,BGS
Thailand,1999,Ilmenite,0,BGS
Thailand,1999,Leucoxene,0,BGS
Thailand,1999,Rutile,0,BGS
Thailand,1999,titanium ores and concentrates,0,BGS
Thailand,2000,Ilmenite,0,BGS
Thailand,2000,Leucoxene,0,BGS
Thailand,2000,Rutile,0,BGS
Thailand,2000,titanium ores and concentrates,0,BGS
Thailand,2001,Ilmenite,0,BGS
Thailand,2001,Leucoxene,0,BGS
Thailand,2001,Rutile,0,BGS
Thailand,2001,titanium ores and concentrates,0,BGS
Thailand,2002,Ilmenite,0,BGS
Thailand,2002,Leucoxene,0,BGS
Thailand,2002,Rutile,0,BGS
Thailand,2002,titanium ores and concentrates,0,BGS
Thailand,2003,Ilmenite,0,BGS
Thailand,2003,Leucoxene,0,BGS
Thailand,2003,Rutile,0,BGS
Thailand,2003,titanium ores and concentrates,0,BGS
Thailand,2004,Ilmenite,0,BGS
Thailand,2004,Leucoxene,0,BGS
Thailand,2004,Rutile,0,BGS
Thailand,2004,titanium ores and concentrates,0,BGS
Thailand,2005,Ilmenite,0,BGS
Thailand,2005,Leucoxene,0,BGS
Thailand,2005,Rutile,0,BGS
Thailand,2005,titanium ores and concentrates,0,BGS
Thailand,2006,Ilmenite,0,BGS
Thailand,2006,Leucoxene,0,BGS
Thailand,2006,Rutile,0,BGS
Thailand,2006,titanium ores and concentrates,0,BGS
Thailand,2007,Ilmenite,0,BGS
Thailand,2007,Leucoxene,0,BGS
Thailand,2007,Rutile,0,BGS
Thailand,2007,titanium ores and concentrates,0,BGS
Thailand,2008,Ilmenite,0,BGS
Thailand,2008,Leucoxene,0,BGS
Thailand,2008,Rutile,0,BGS
Thailand,2008,titanium ores and concentrates,0,BGS
Thailand,2009,Ilmenite,0,BGS
Thailand,2009,Leucoxene,0,BGS
Thailand,2009,Rutile,0,BGS
Thailand,2009,titanium ores and concentrates,0,BGS
Thailand,2010,Ilmenite,0,BGS
Thailand,2010,Leucoxene,0,BGS
Thailand,2010,Rutile,0,BGS
Thailand,2010,titanium ores and concentrates,0,BGS
Thailand,2011,Ilmenite,0,BGS
Thailand,2011,Leucoxene,0,BGS
Thailand,2011,Rutile,0,BGS
Thailand,2011,titanium ores and concentrates,0,BGS
Thailand,2012,Ilmenite,0,BGS
Thailand,2012,Leucoxene,0,BGS
Thailand,2012,Rutile,0,BGS
Thailand,2012,titanium ores and concentrates,0,BGS
Thailand,2013,Ilmenite,0,BGS
Thailand,2013,Leucoxene,0,BGS
Thailand,2013,Rutile,0,BGS
Thailand,2013,titanium ores and concentrates,0,BGS
Thailand,2014,Ilmenite,0,BGS
Thailand,2014,Leucoxene,0,BGS
Thailand,2014,Rutile,0,BGS
Thailand,2014,titanium ores and concentrates,0,BGS
Thailand,2015,Ilmenite,0,BGS
Thailand,2015,Leucoxene,0,BGS
Thailand,2015,Rutile,0,BGS
Thailand,2015,titanium ores and concentrates,0,BGS
Thailand,2016,Ilmenite,0,BGS
Thailand,2016,Leucoxene,0,BGS
Thailand,2016,Rutile,0,BGS
Thailand,2016,titanium ores and concentrates,0,BGS
Thailand,2017,Ilmenite,8,BGS
Thailand,2017,Leucoxene,0,BGS
Thailand,2017,Rutile,0,BGS
Thailand,2017,titanium ores and concentrates,8,BGS
Thailand,2018,Ilmenite,41,BGS
Thailand,2018,Leucoxene,0,BGS
Thailand,2018,Rutile,0,BGS
Thailand,2018,titanium ores and concentrates,41,BGS
Thailand,2019,Ilmenite,5095,BGS
Thailand,2019,Leucoxene,0,BGS
Thailand,2019,Rutile,0,BGS
Thailand,2019,titanium ores and concentrates,5095,BGS
Thailand,2020,Ilmenite,153,BGS
Thailand,2020,Leucoxene,0,BGS
Thailand,2020,Rutile,0,BGS
Thailand,2020,titanium ores and concentrates,153,BGS
Thailand,2021,Ilmenite,66,BGS
Thailand,2021,Leucoxene,0,BGS
Thailand,2021,Rutile,0,BGS
Thailand,2021,titanium ores and concentrates,66,BGS
Thailand,2022,Ilmenite,2,BGS
Thailand,2022,Leucoxene,0,BGS
Thailand,2022,Rutile,0,BGS
Thailand,2022,titanium ores and concentrates,2,BGS
Turkey,1970,Rutile,0,BGS
Turkey,1970,titanium ores and concentrates,0,BGS
Turkey,1971,Rutile,0,BGS
Turkey,1971,titanium ores and concentrates,0,BGS
Turkey,1972,Rutile,0,BGS
Turkey,1972,titanium ores and concentrates,0,BGS
Turkey,1973,Rutile,0,BGS
Turkey,1973,titanium ores and concentrates,0,BGS
Turkey,1974,Rutile,0,BGS
Turkey,1974,titanium ores and concentrates,0,BGS
Turkey,1975,Rutile,0,BGS
Turkey,1975,titanium ores and concentrates,0,BGS
Turkey,1976,Rutile,0,BGS
Turkey,1976,titanium ores and concentrates,0,BGS
Turkey,1977,Rutile,0,BGS
Turkey,1977,titanium ores and concentrates,0,BGS
Turkey,1978,Rutile,0,BGS
Turkey,1978,titanium ores and concentrates,0,BGS
Turkey,1979,Rutile,0,BGS
Turkey,1979,titanium ores and concentrates,0,BGS
Turkey,1980,Rutile,0,BGS
Turkey,1980,titanium ores and concentrates,0,BGS
Turkey,1981,Rutile,0,BGS
Turkey,1981,titanium ores and concentrates,0,BGS
Turkey,1982,Rutile,0,BGS
Turkey,1982,titanium ores and concentrates,0,BGS
Turkey,1983,Rutile,0,BGS
Turkey,1983,titanium ores and concentrates,0,BGS
Turkey,1984,Rutile,0,BGS
Turkey,1984,titanium ores and concentrates,0,BGS
Turkey,1985,Rutile,0,BGS
Turkey,1985,titanium ores and concentrates,0,BGS
Turkey,1986,Rutile,0,BGS
Turkey,1986,titanium ores and concentrates,0,BGS
Turkey,1987,Rutile,0,BGS
Turkey,1987,titanium ores and concentrates,0,BGS
Turkey,1988,Rutile,0,BGS
Turkey,1988,titanium ores and concentrates,0,BGS
Turkey,1989,Rutile,0,BGS
Turkey,1989,titanium ores and concentrates,0,BGS
Turkey,1990,Rutile,0,BGS
Turkey,1990,titanium ores and concentrates,0,BGS
Turkey,1991,Rutile,0,BGS
Turkey,1991,titanium ores and concentrates,0,BGS
Turkey,1992,Rutile,0,BGS
Turkey,1992,titanium ores and concentrates,0,BGS
Turkey,1993,Rutile,0,BGS
Turkey,1993,titanium ores and concentrates,0,BGS
Turkey,1994,Rutile,0,BGS
Turkey,1994,titanium ores and concentrates,0,BGS
Turkey,1995,Rutile,0,BGS
Turkey,1995,titanium ores and concentrates,0,BGS
Turkey,1996,Rutile,0,BGS
Turkey,1996,titanium ores and concentrates,0,BGS
Turkey,1997,Rutile,0,BGS
Turkey,1997,titanium ores and concentrates,0,BGS
Turkey,1998,Rutile,0,BGS
Turkey,1998,titanium ores and concentrates,0,BGS
Turkey,1999,Rutile,0,BGS
Turkey,1999,titanium ores and concentrates,0,BGS
Turkey,2000,Rutile,0,BGS
Turkey,2000,titanium ores and concentrates,0,BGS
Turkey,2001,Rutile,0,BGS
Turkey,2001,titanium ores and concentrates,0,BGS
Turkey,2002,Rutile,0,BGS
Turkey,2002,titanium ores and concentrates,0,BGS
Turkey,2003,Rutile,0,BGS
Turkey,2003,titanium ores and concentrates,0,BGS
Turkey,2004,Rutile,0,BGS
Turkey,2004,titanium ores and concentrates,0,BGS
Turkey,2005,Rutile,0,BGS
Turkey,2005,titanium ores and concentrates,0,BGS
Turkey,2006,Rutile,0,BGS
Turkey,2006,titanium ores and concentrates,0,BGS
Turkey,2007,Rutile,0,BGS
Turkey,2007,titanium ores and concentrates,0,BGS
Turkey,2008,Rutile,0,BGS
Turkey,2008,titanium ores and concentrates,0,BGS
Turkey,2009,Rutile,0,BGS
Turkey,2009,titanium ores and concentrates,0,BGS
Turkey,2010,Rutile,0,BGS
Turkey,2010,titanium ores and concentrates,0,BGS
Turkey,2011,Rutile,0,BGS
Turkey,2011,titanium ores and concentrates,0,BGS
Turkey,2012,Rutile,0,BGS
Turkey,2012,titanium ores and concentrates,0,BGS
Turkey,2013,Rutile,0,BGS
Turkey,2013,titanium ores and concentrates,0,BGS
Turkey,2014,Rutile,0,BGS
Turkey,2014,titanium ores and concentrates,0,BGS
Turkey,2015,Rutile,0,BGS
Turkey,2015,titanium ores and concentrates,0,BGS
Turkey,2016,Rutile,0,BGS
Turkey,2016,titanium ores and concentrates,0,BGS
Turkey,2017,Rutile,0,BGS
Turkey,2017,titanium ores and concentrates,0,BGS
Turkey,2018,Rutile,6498,BGS
Turkey,2018,titanium ores and concentrates,6498,BGS
Turkey,2019,Rutile,6450,BGS
Turkey,2019,titanium ores and concentrates,6450,BGS
Turkey,2020,Rutile,6795,BGS
Turkey,2020,titanium ores and concentrates,6795,BGS
Turkey,2021,Rutile,7451,BGS
Turkey,2021,titanium ores and concentrates,7451,BGS
Turkey,2022,Rutile,7226,BGS
Turkey,2022,titanium ores and concentrates,7226,BGS
United States,1970,titanium ores and concentrates,787396,BGS
United States,1971,titanium ores and concentrates,619675,BGS
United States,1972,titanium ores and concentrates,615021,BGS
United States,1973,titanium ores and concentrates,703987,BGS
United States,1974,titanium ores and concentrates,675464,BGS
United States,1975,titanium ores and concentrates,650706,BGS
United States,1976,titanium ores and concentrates,591851,BGS
United States,1977,titanium ores and concentrates,579240,BGS
United States,1978,titanium ores and concentrates,535013,BGS
United States,1979,titanium ores and concentrates,579956,BGS
United States,1980,titanium ores and concentrates,504981,BGS
United States,1981,titanium ores and concentrates,492018,BGS
United States,1982,titanium ores and concentrates,238944,BGS
United States,1983,titanium ores and concentrates,235000,BGS
United States,1984,titanium ores and concentrates,250000,BGS
United States,1985,titanium ores and concentrates,290000,BGS
United States,1986,titanium ores and concentrates,290000,BGS
United States,1987,titanium ores and concentrates,265000,BGS
United States,1988,titanium ores and concentrates,265000,BGS
United States,1989,titanium ores and concentrates,265000,BGS
United States,1990,titanium ores and concentrates,269000,BGS
United States,1991,titanium ores and concentrates,277000,BGS
United States,1992,titanium ores and concentrates,299000,BGS
United States,1993,titanium ores and concentrates,325000,BGS
United States,1994,titanium ores and concentrates,N/A,BGS
United States,1995,titanium ores and concentrates,N/A,BGS
United States,1996,titanium ores and concentrates,400000,BGS
United States,1997,titanium ores and concentrates,800000,BGS
United States,1998,titanium ores and concentrates,800000,BGS
United States,1999,titanium ores and concentrates,600000,BGS
United States,2000,titanium ores and concentrates,400000,BGS
United States,2001,titanium ores and concentrates,500000,BGS
United States,2002,titanium ores and concentrates,400000,BGS
United States,2003,titanium ores and concentrates,500000,BGS
United States,2004,titanium ores and concentrates,500000,BGS
United States,2005,titanium ores and concentrates,500000,BGS
United States,2006,titanium ores and concentrates,300000,BGS
United States,2007,titanium ores and concentrates,300000,BGS
United States,2008,titanium ores and concentrates,200000,BGS
United States,2009,titanium ores and concentrates,200000,BGS
United States,2010,titanium ores and concentrates,200000,BGS
United States,2011,titanium ores and concentrates,300000,BGS
United States,2012,titanium ores and concentrates,200000,BGS
United States,2013,titanium ores and concentrates,200000,BGS
United States,2014,titanium ores and concentrates,100000,BGS
United States,2015,titanium ores and concentrates,300000,BGS
United States,2016,titanium ores and concentrates,100000,BGS
United States,2017,titanium ores and concentrates,100000,BGS
United States,2018,titanium ores and concentrates,100000,BGS
United States,2019,titanium ores and concentrates,100000,BGS
United States,2020,titanium ores and concentrates,100000,BGS
United States,2021,titanium ores and concentrates,100000,BGS
United States,2022,titanium ores and concentrates,200000,BGS
Ukraine,1970,Ilmenite,0,BGS
Ukraine,1970,Rutile,0,BGS
Ukraine,1970,titanium ores and concentrates,0,BGS
Ukraine,1971,Ilmenite,0,BGS
Ukraine,1971,Rutile,0,BGS
Ukraine,1971,titanium ores and concentrates,0,BGS
Ukraine,1972,Ilmenite,0,BGS
Ukraine,1972,Rutile,0,BGS
Ukraine,1972,titanium ores and concentrates,0,BGS
Ukraine,1973,Ilmenite,0,BGS
Ukraine,1973,Rutile,0,BGS
Ukraine,1973,titanium ores and concentrates,0,BGS
Ukraine,1974,Ilmenite,307000,BGS
Ukraine,1974,Rutile,0,BGS
Ukraine,1974,titanium ores and concentrates,307000,BGS
Ukraine,1975,Ilmenite,327000,BGS
Ukraine,1975,Rutile,0,BGS
Ukraine,1975,titanium ores and concentrates,327000,BGS
Ukraine,1976,Ilmenite,380000,BGS
Ukraine,1976,Rutile,9000,BGS
Ukraine,1976,titanium ores and concentrates,389000,BGS
Ukraine,1977,Ilmenite,399000,BGS
Ukraine,1977,Rutile,9000,BGS
Ukraine,1977,titanium ores and concentrates,408000,BGS
Ukraine,1978,Ilmenite,410000,BGS
Ukraine,1978,Rutile,9000,BGS
Ukraine,1978,titanium ores and concentrates,419000,BGS
Ukraine,1979,Ilmenite,410000,BGS
Ukraine,1979,Rutile,10000,BGS
Ukraine,1979,titanium ores and concentrates,420000,BGS
Ukraine,1980,Ilmenite,420000,BGS
Ukraine,1980,Rutile,10000,BGS
Ukraine,1980,titanium ores and concentrates,430000,BGS
Ukraine,1981,Ilmenite,430000,BGS
Ukraine,1981,Rutile,10000,BGS
Ukraine,1981,titanium ores and concentrates,440000,BGS
Ukraine,1982,Ilmenite,430000,BGS
Ukraine,1982,Rutile,10000,BGS
Ukraine,1982,titanium ores and concentrates,440000,BGS
Ukraine,1983,Ilmenite,435000,BGS
Ukraine,1983,Rutile,10000,BGS
Ukraine,1983,titanium ores and concentrates,445000,BGS
Ukraine,1984,Ilmenite,440000,BGS
Ukraine,1984,Rutile,10000,BGS
Ukraine,1984,titanium ores and concentrates,450000,BGS
Ukraine,1985,Ilmenite,445000,BGS
Ukraine,1985,Rutile,10000,BGS
Ukraine,1985,titanium ores and concentrates,455000,BGS
Ukraine,1986,Ilmenite,450000,BGS
Ukraine,1986,Rutile,10000,BGS
Ukraine,1986,titanium ores and concentrates,460000,BGS
Ukraine,1987,Ilmenite,455000,BGS
Ukraine,1987,Rutile,10000,BGS
Ukraine,1987,titanium ores and concentrates,465000,BGS
Ukraine,1988,Ilmenite,460000,BGS
Ukraine,1988,Rutile,10000,BGS
Ukraine,1988,titanium ores and concentrates,470000,BGS
Ukraine,1989,Ilmenite,460000,BGS
Ukraine,1989,Rutile,10000,BGS
Ukraine,1989,titanium ores and concentrates,470000,BGS
Ukraine,1990,Ilmenite,430000,BGS
Ukraine,1990,Rutile,9500,BGS
Ukraine,1990,titanium ores and concentrates,439500,BGS
Ukraine,1991,Ilmenite,400000,BGS
Ukraine,1991,Rutile,9000,BGS
Ukraine,1991,titanium ores and concentrates,409000,BGS
Ukraine,1992,Ilmenite,450000,BGS
Ukraine,1992,Rutile,60000,BGS
Ukraine,1992,titanium ores and concentrates,510000,BGS
Ukraine,1993,Ilmenite,450000,BGS
Ukraine,1993,Rutile,60000,BGS
Ukraine,1993,titanium ores and concentrates,510000,BGS
Ukraine,1994,Ilmenite,530000,BGS
Ukraine,1994,Rutile,80000,BGS
Ukraine,1994,titanium ores and concentrates,610000,BGS
Ukraine,1995,Ilmenite,359000,BGS
Ukraine,1995,Rutile,112000,BGS
Ukraine,1995,titanium ores and concentrates,471000,BGS
Ukraine,1996,Ilmenite,0,BGS
Ukraine,1996,Rutile,0,BGS
Ukraine,1996,titanium ores and concentrates,0,BGS
Ukraine,1997,Ilmenite,0,BGS
Ukraine,1997,Rutile,0,BGS
Ukraine,1997,titanium ores and concentrates,0,BGS
Ukraine,1998,Ilmenite,507435,BGS
Ukraine,1998,Rutile,111923,BGS
Ukraine,1998,titanium ores and concentrates,619358,BGS
Ukraine,1999,Ilmenite,536542,BGS
Ukraine,1999,Rutile,110951,BGS
Ukraine,1999,titanium ores and concentrates,647493,BGS
Ukraine,2000,Ilmenite,576749,BGS
Ukraine,2000,Rutile,132517,BGS
Ukraine,2000,titanium ores and concentrates,709266,BGS
Ukraine,2001,Ilmenite,600000,BGS
Ukraine,2001,Rutile,150000,BGS
Ukraine,2001,titanium ores and concentrates,750000,BGS
Ukraine,2002,Ilmenite,550000,BGS
Ukraine,2002,Rutile,100000,BGS
Ukraine,2002,titanium ores and concentrates,650000,BGS
Ukraine,2003,Ilmenite,420500,BGS
Ukraine,2003,Rutile,60000,BGS
Ukraine,2003,titanium ores and concentrates,480500,BGS
Ukraine,2004,Ilmenite,370000,BGS
Ukraine,2004,Rutile,60000,BGS
Ukraine,2004,titanium ores and concentrates,430000,BGS
Ukraine,2005,Ilmenite,375000,BGS
Ukraine,2005,Rutile,60000,BGS
Ukraine,2005,titanium ores and concentrates,435000,BGS
Ukraine,2006,Ilmenite,470000,BGS
Ukraine,2006,Rutile,60000,BGS
Ukraine,2006,titanium ores and concentrates,530000,BGS
Ukraine,2007,Ilmenite,500000,BGS
Ukraine,2007,Rutile,60000,BGS
Ukraine,2007,titanium ores and concentrates,560000,BGS
Ukraine,2008,Ilmenite,520000,BGS
Ukraine,2008,Rutile,60000,BGS
Ukraine,2008,titanium ores and concentrates,580000,BGS
Ukraine,2009,Ilmenite,500000,BGS
Ukraine,2009,Rutile,60000,BGS
Ukraine,2009,titanium ores and concentrates,560000,BGS
Ukraine,2010,Ilmenite,500000,BGS
Ukraine,2010,Rutile,60000,BGS
Ukraine,2010,titanium ores and concentrates,560000,BGS
Ukraine,2011,Ilmenite,260700,BGS
Ukraine,2011,Rutile,60000,BGS
Ukraine,2011,titanium ores and concentrates,320700,BGS
Ukraine,2012,Ilmenite,246800,BGS
Ukraine,2012,Rutile,58000,BGS
Ukraine,2012,titanium ores and concentrates,304800,BGS
Ukraine,2013,Ilmenite,670000,BGS
Ukraine,2013,Rutile,162000,BGS
Ukraine,2013,titanium ores and concentrates,832000,BGS
Ukraine,2014,Ilmenite,450000,BGS
Ukraine,2014,Rutile,110000,BGS
Ukraine,2014,titanium ores and concentrates,560000,BGS
Ukraine,2015,Ilmenite,500000,BGS
Ukraine,2015,Rutile,90000,BGS
Ukraine,2015,titanium ores and concentrates,590000,BGS
Ukraine,2016,Ilmenite,500000,BGS
Ukraine,2016,Rutile,90000,BGS
Ukraine,2016,titanium ores and concentrates,590000,BGS
Ukraine,2017,Ilmenite,500000,BGS
Ukraine,2017,Rutile,90000,BGS
Ukraine,2017,titanium ores and concentrates,590000,BGS
Ukraine,2018,Ilmenite,745417,BGS
Ukraine,2018,Rutile,106858,BGS
Ukraine,2018,titanium ores and concentrates,852275,BGS
Ukraine,2019,Ilmenite,818543,BGS
Ukraine,2019,Rutile,115500,BGS
Ukraine,2019,titanium ores and concentrates,934043,BGS
Ukraine,2020,Ilmenite,773093,BGS
Ukraine,2020,Rutile,110500,BGS
Ukraine,2020,titanium ores and concentrates,883593,BGS
Ukraine,2021,Ilmenite,702249,BGS
Ukraine,2021,Rutile,97500,BGS
Ukraine,2021,titanium ores and concentrates,799749,BGS
Ukraine,2022,Ilmenite,350000,BGS
Ukraine,2022,Rutile,50000,BGS
Ukraine,2022,titanium ores and concentrates,400000,BGS
Vietnam,1970,Ilmenite,0,BGS
Vietnam,1970,Rutile,0,BGS
Vietnam,1970,titanium ores and concentrates,0,BGS
Vietnam,1971,Ilmenite,0,BGS
Vietnam,1971,Rutile,0,BGS
Vietnam,1971,titanium ores and concentrates,0,BGS
Vietnam,1972,Ilmenite,0,BGS
Vietnam,1972,Rutile,0,BGS
Vietnam,1972,titanium ores and concentrates,0,BGS
Vietnam,1973,Ilmenite,0,BGS
Vietnam,1973,Rutile,0,BGS
Vietnam,1973,titanium ores and concentrates,0,BGS
Vietnam,1974,Ilmenite,0,BGS
Vietnam,1974,Rutile,0,BGS
Vietnam,1974,titanium ores and concentrates,0,BGS
Vietnam,1975,Ilmenite,0,BGS
Vietnam,1975,Rutile,0,BGS
Vietnam,1975,titanium ores and concentrates,0,BGS
Vietnam,1976,Ilmenite,0,BGS
Vietnam,1976,Rutile,0,BGS
Vietnam,1976,titanium ores and concentrates,0,BGS
Vietnam,1977,Ilmenite,0,BGS
Vietnam,1977,Rutile,0,BGS
Vietnam,1977,titanium ores and concentrates,0,BGS
Vietnam,1978,Ilmenite,0,BGS
Vietnam,1978,Rutile,0,BGS
Vietnam,1978,titanium ores and concentrates,0,BGS
Vietnam,1979,Ilmenite,0,BGS
Vietnam,1979,Rutile,0,BGS
Vietnam,1979,titanium ores and concentrates,0,BGS
Vietnam,1980,Ilmenite,0,BGS
Vietnam,1980,Rutile,0,BGS
Vietnam,1980,titanium ores and concentrates,0,BGS
Vietnam,1981,Ilmenite,0,BGS
Vietnam,1981,Rutile,0,BGS
Vietnam,1981,titanium ores and concentrates,0,BGS
Vietnam,1982,Ilmenite,0,BGS
Vietnam,1982,Rutile,0,BGS
Vietnam,1982,titanium ores and concentrates,0,BGS
Vietnam,1983,Ilmenite,0,BGS
Vietnam,1983,Rutile,0,BGS
Vietnam,1983,titanium ores and concentrates,0,BGS
Vietnam,1984,Ilmenite,0,BGS
Vietnam,1984,Rutile,0,BGS
Vietnam,1984,titanium ores and concentrates,0,BGS
Vietnam,1985,Ilmenite,0,BGS
Vietnam,1985,Rutile,0,BGS
Vietnam,1985,titanium ores and concentrates,0,BGS
Vietnam,1986,Ilmenite,0,BGS
Vietnam,1986,Rutile,0,BGS
Vietnam,1986,titanium ores and concentrates,0,BGS
Vietnam,1987,Ilmenite,0,BGS
Vietnam,1987,Rutile,0,BGS
Vietnam,1987,titanium ores and concentrates,0,BGS
Vietnam,1988,Ilmenite,0,BGS
Vietnam,1988,Rutile,0,BGS
Vietnam,1988,titanium ores and concentrates,0,BGS
Vietnam,1989,Ilmenite,0,BGS
Vietnam,1989,Rutile,0,BGS
Vietnam,1989,titanium ores and concentrates,0,BGS
Vietnam,1990,Ilmenite,0,BGS
Vietnam,1990,Rutile,0,BGS
Vietnam,1990,titanium ores and concentrates,0,BGS
Vietnam,1991,Ilmenite,0,BGS
Vietnam,1991,Rutile,0,BGS
Vietnam,1991,titanium ores and concentrates,0,BGS
Vietnam,1992,Ilmenite,0,BGS
Vietnam,1992,Rutile,0,BGS
Vietnam,1992,titanium ores and concentrates,0,BGS
Vietnam,1993,Ilmenite,0,BGS
Vietnam,1993,Rutile,0,BGS
Vietnam,1993,titanium ores and concentrates,0,BGS
Vietnam,1994,Ilmenite,0,BGS
Vietnam,1994,Rutile,0,BGS
Vietnam,1994,titanium ores and concentrates,0,BGS
Vietnam,1995,Ilmenite,50000,BGS
Vietnam,1995,Rutile,0,BGS
Vietnam,1995,titanium ores and concentrates,50000,BGS
Vietnam,1996,Ilmenite,8000,BGS
Vietnam,1996,Rutile,0,BGS
Vietnam,1996,titanium ores and concentrates,8000,BGS
Vietnam,1997,Ilmenite,97000,BGS
Vietnam,1997,Rutile,0,BGS
Vietnam,1997,titanium ores and concentrates,97000,BGS
Vietnam,1998,Ilmenite,130000,BGS
Vietnam,1998,Rutile,0,BGS
Vietnam,1998,titanium ores and concentrates,130000,BGS
Vietnam,1999,Ilmenite,120000,BGS
Vietnam,1999,Rutile,0,BGS
Vietnam,1999,titanium ores and concentrates,120000,BGS
Vietnam,2000,Ilmenite,130000,BGS
Vietnam,2000,Rutile,0,BGS
Vietnam,2000,titanium ores and concentrates,130000,BGS
Vietnam,2001,Ilmenite,170000,BGS
Vietnam,2001,Rutile,400,BGS
Vietnam,2001,titanium ores and concentrates,170400,BGS
Vietnam,2002,Ilmenite,170000,BGS
Vietnam,2002,Rutile,500,BGS
Vietnam,2002,titanium ores and concentrates,170500,BGS
Vietnam,2003,Ilmenite,320000,BGS
Vietnam,2003,Rutile,500,BGS
Vietnam,2003,titanium ores and concentrates,320500,BGS
Vietnam,2004,Ilmenite,580000,BGS
Vietnam,2004,Rutile,500,BGS
Vietnam,2004,titanium ores and concentrates,580500,BGS
Vietnam,2005,Ilmenite,530000,BGS
Vietnam,2005,Rutile,500,BGS
Vietnam,2005,titanium ores and concentrates,530500,BGS
Vietnam,2006,Ilmenite,605000,BGS
Vietnam,2006,Rutile,437,BGS
Vietnam,2006,titanium ores and concentrates,605437,BGS
Vietnam,2007,Ilmenite,653000,BGS
Vietnam,2007,Rutile,574,BGS
Vietnam,2007,titanium ores and concentrates,653574,BGS
Vietnam,2008,Ilmenite,710000,BGS
Vietnam,2008,Rutile,681,BGS
Vietnam,2008,titanium ores and concentrates,710681,BGS
Vietnam,2009,Ilmenite,700000,BGS
Vietnam,2009,Rutile,631,BGS
Vietnam,2009,titanium ores and concentrates,700631,BGS
Vietnam,2010,Ilmenite,586800,BGS
Vietnam,2010,Rutile,0,BGS
Vietnam,2010,titanium ores and concentrates,586800,BGS
Vietnam,2011,Ilmenite,760000,BGS
Vietnam,2011,Rutile,0,BGS
Vietnam,2011,titanium ores and concentrates,760000,BGS
Vietnam,2012,Ilmenite,978300,BGS
Vietnam,2012,Rutile,0,BGS
Vietnam,2012,titanium ores and concentrates,978300,BGS
Vietnam,2013,Ilmenite,1025800,BGS
Vietnam,2013,Rutile,0,BGS
Vietnam,2013,titanium ores and concentrates,1025800,BGS
Vietnam,2014,Ilmenite,558000,BGS
Vietnam,2014,Rutile,0,BGS
Vietnam,2014,titanium ores and concentrates,558000,BGS
Vietnam,2015,Ilmenite,237700,BGS
Vietnam,2015,Rutile,0,BGS
Vietnam,2015,titanium ores and concentrates,237700,BGS
Vietnam,2016,Ilmenite,210800,BGS
Vietnam,2016,Rutile,0,BGS
Vietnam,2016,titanium ores and concentrates,210800,BGS
Vietnam,2017,Ilmenite,225300,BGS
Vietnam,2017,Rutile,0,BGS
Vietnam,2017,titanium ores and concentrates,225300,BGS
Vietnam,2018,Ilmenite,235126,BGS
Vietnam,2018,Rutile,0,BGS
Vietnam,2018,titanium ores and concentrates,235126,BGS
Vietnam,2019,Ilmenite,216700,BGS
Vietnam,2019,Rutile,0,BGS
Vietnam,2019,titanium ores and concentrates,216700,BGS
Vietnam,2020,Ilmenite,268800,BGS
Vietnam,2020,Rutile,0,BGS
Vietnam,2020,titanium ores and concentrates,268800,BGS
Vietnam,2021,Ilmenite,300000,BGS
Vietnam,2021,Rutile,0,BGS
Vietnam,2021,titanium ores and concentrates,300000,BGS
Vietnam,2022,Ilmenite,331500,BGS
Vietnam,2022,Rutile,0,BGS
Vietnam,2022,titanium ores and concentrates,331500,BGS
worldwide,1970,Ilmenite,4507327,BGS
worldwide,1970,Leucoxene,10593,BGS
worldwide,1970,Rutile,419819,BGS
worldwide,1970,titanium ores and concentrates,4941122,BGS
worldwide,1971,Ilmenite,4327020,BGS
worldwide,1971,Leucoxene,14560,BGS
worldwide,1971,Rutile,392123,BGS
worldwide,1971,titanium ores and concentrates,4736969,BGS
worldwide,1972,Ilmenite,4329136,BGS
worldwide,1972,Leucoxene,10730,BGS
worldwide,1972,Rutile,318671,BGS
worldwide,1972,titanium ores and concentrates,4661404,BGS
worldwide,1973,Ilmenite,4600217,BGS
worldwide,1973,Leucoxene,11097,BGS
worldwide,1973,Rutile,341061,BGS
worldwide,1973,titanium ores and concentrates,4954491,BGS
worldwide,1974,Ilmenite,3019189,BGS
worldwide,1974,Leucoxene,14782,BGS
worldwide,1974,Rutile,327699,BGS
worldwide,1974,titanium ores and concentrates,3361944,BGS
worldwide,1975,Ilmenite,2769011,BGS
worldwide,1975,Leucoxene,16871,BGS
worldwide,1975,Rutile,355165,BGS
worldwide,1975,titanium ores and concentrates,3141259,BGS
worldwide,1976,Ilmenite,3255083,BGS
worldwide,1976,Leucoxene,12223,BGS
worldwide,1976,Rutile,406825,BGS
worldwide,1976,titanium ores and concentrates,3674498,BGS
worldwide,1977,Ilmenite,4761953,BGS
worldwide,1977,Leucoxene,10621,BGS
worldwide,1977,Rutile,342417,BGS
worldwide,1977,titanium ores and concentrates,5115220,BGS
worldwide,1978,Ilmenite,5303393,BGS
worldwide,1978,Leucoxene,16103,BGS
worldwide,1978,Rutile,285044,BGS
worldwide,1978,titanium ores and concentrates,5604791,BGS
worldwide,1979,Ilmenite,4570848,BGS
worldwide,1979,Leucoxene,22470,BGS
worldwide,1979,Rutile,313789,BGS
worldwide,1979,titanium ores and concentrates,4907375,BGS
worldwide,1980,Ilmenite,5584478,BGS
worldwide,1980,Leucoxene,23943,BGS
worldwide,1980,Rutile,387593,BGS
worldwide,1980,titanium ores and concentrates,6268556,BGS
worldwide,1981,Ilmenite,5723331,BGS
worldwide,1981,Leucoxene,19261,BGS
worldwide,1981,Rutile,263075,BGS
worldwide,1981,titanium ores and concentrates,6273546,BGS
worldwide,1982,Ilmenite,4663130,BGS
worldwide,1982,Leucoxene,19739,BGS
worldwide,1982,Rutile,246009,BGS
worldwide,1982,titanium ores and concentrates,5140350,BGS
worldwide,1983,Ilmenite,4768402,BGS
worldwide,1983,Leucoxene,13358,BGS
worldwide,1983,Rutile,261334,BGS
worldwide,1983,titanium ores and concentrates,5043341,BGS
worldwide,1984,Ilmenite,5454470,BGS
worldwide,1984,Leucoxene,32498,BGS
worldwide,1984,Rutile,284862,BGS
worldwide,1984,titanium ores and concentrates,5771994,BGS
worldwide,1985,Ilmenite,6291304,BGS
worldwide,1985,Leucoxene,14297,BGS
worldwide,1985,Rutile,318020,BGS
worldwide,1985,titanium ores and concentrates,6623848,BGS
worldwide,1986,Ilmenite,6688837,BGS
worldwide,1986,Leucoxene,14940,BGS
worldwide,1986,Rutile,338629,BGS
worldwide,1986,titanium ores and concentrates,7042638,BGS
worldwide,1987,Ilmenite,7194293,BGS
worldwide,1987,Leucoxene,12090,BGS
worldwide,1987,Rutile,383966,BGS
worldwide,1987,titanium ores and concentrates,7590490,BGS
worldwide,1988,Ilmenite,7196858,BGS
worldwide,1988,Leucoxene,14744,BGS
worldwide,1988,Rutile,392189,BGS
worldwide,1988,titanium ores and concentrates,7603850,BGS
worldwide,1989,Ilmenite,8120954,BGS
worldwide,1989,Leucoxene,18030,BGS
worldwide,1989,Rutile,399331,BGS
worldwide,1989,titanium ores and concentrates,8538396,BGS
worldwide,1990,Ilmenite,8666566,BGS
worldwide,1990,Leucoxene,19120,BGS
worldwide,1990,Rutile,483887,BGS
worldwide,1990,titanium ores and concentrates,9169616,BGS
worldwide,1991,Ilmenite,7228629,BGS
worldwide,1991,Leucoxene,20004,BGS
worldwide,1991,Rutile,449614,BGS
worldwide,1991,titanium ores and concentrates,7698256,BGS
worldwide,1992,Ilmenite,8427809,BGS
worldwide,1992,Leucoxene,20045,BGS
worldwide,1992,Rutile,481848,BGS
worldwide,1992,titanium ores and concentrates,8929702,BGS
worldwide,1993,Ilmenite,8447843,BGS
worldwide,1993,Leucoxene,21106,BGS
worldwide,1993,Rutile,515706,BGS
worldwide,1993,titanium ores and concentrates,8984655,BGS
worldwide,1994,Ilmenite,7886079,BGS
worldwide,1994,Leucoxene,33077,BGS
worldwide,1994,Rutile,565181,BGS
worldwide,1994,titanium ores and concentrates,8484337,BGS
worldwide,1995,Ilmenite,8055869,BGS
worldwide,1995,Leucoxene,31000,BGS
worldwide,1995,Rutile,423832,BGS
worldwide,1995,titanium ores and concentrates,8510701,BGS
worldwide,1996,Ilmenite,8454834,BGS
worldwide,1996,Leucoxene,30000,BGS
worldwide,1996,Rutile,307608,BGS
worldwide,1996,titanium ores and concentrates,8849442,BGS
worldwide,1997,Ilmenite,9211427,BGS
worldwide,1997,Leucoxene,32000,BGS
worldwide,1997,Rutile,367529,BGS
worldwide,1997,titanium ores and concentrates,9735136,BGS
worldwide,1998,Ilmenite,9931222,BGS
worldwide,1998,Leucoxene,32000,BGS
worldwide,1998,Rutile,491215,BGS
worldwide,1998,titanium ores and concentrates,10579437,BGS
worldwide,1999,Ilmenite,9495753,BGS
worldwide,1999,Leucoxene,33000,BGS
worldwide,1999,Rutile,436844,BGS
worldwide,1999,titanium ores and concentrates,10095597,BGS
worldwide,2000,Ilmenite,9392821,BGS
worldwide,2000,Leucoxene,37000,BGS
worldwide,2000,Rutile,484653,BGS
worldwide,2000,titanium ores and concentrates,10039474,BGS
worldwide,2001,Ilmenite,9771416,BGS
worldwide,2001,Leucoxene,30000,BGS
worldwide,2001,Rutile,499717,BGS
worldwide,2001,titanium ores and concentrates,10426133,BGS
worldwide,2002,Ilmenite,9540023,BGS
worldwide,2002,Leucoxene,38000,BGS
worldwide,2002,Rutile,483735,BGS
worldwide,2002,titanium ores and concentrates,10186758,BGS
worldwide,2003,Ilmenite,9346297,BGS
worldwide,2003,Leucoxene,57000,BGS
worldwide,2003,Rutile,374118,BGS
worldwide,2003,titanium ores and concentrates,9911715,BGS
worldwide,2004,Ilmenite,9899275,BGS
worldwide,2004,Leucoxene,44000,BGS
worldwide,2004,Rutile,375255,BGS
worldwide,2004,titanium ores and concentrates,10450200,BGS
worldwide,2005,Ilmenite,9441769,BGS
worldwide,2005,Leucoxene,62000,BGS
worldwide,2005,Rutile,404252,BGS
worldwide,2005,titanium ores and concentrates,10038021,BGS
worldwide,2006,Ilmenite,10712889,BGS
worldwide,2006,Leucoxene,135000,BGS
worldwide,2006,Rutile,529595,BGS
worldwide,2006,titanium ores and concentrates,11510984,BGS
worldwide,2007,Ilmenite,11123395,BGS
worldwide,2007,Leucoxene,164000,BGS
worldwide,2007,Rutile,605236,BGS
worldwide,2007,titanium ores and concentrates,12016331,BGS
worldwide,2008,Ilmenite,10808934,BGS
worldwide,2008,Leucoxene,126000,BGS
worldwide,2008,Rutile,623480,BGS
worldwide,2008,titanium ores and concentrates,11662414,BGS
worldwide,2009,Ilmenite,9705627,BGS
worldwide,2009,Leucoxene,137000,BGS
worldwide,2009,Rutile,573842,BGS
worldwide,2009,titanium ores and concentrates,10521469,BGS
worldwide,2010,Ilmenite,10250724,BGS
worldwide,2010,Leucoxene,160000,BGS
worldwide,2010,Rutile,750657,BGS
worldwide,2010,titanium ores and concentrates,11189381,BGS
worldwide,2011,Ilmenite,11048712,BGS
worldwide,2011,Leucoxene,200000,BGS
worldwide,2011,Rutile,778825,BGS
worldwide,2011,titanium ores and concentrates,12044558,BGS
worldwide,2012,Ilmenite,11189662,BGS
worldwide,2012,Leucoxene,228000,BGS
worldwide,2012,Rutile,789196,BGS
worldwide,2012,titanium ores and concentrates,12223858,BGS
worldwide,2013,Ilmenite,11879308,BGS
worldwide,2013,Leucoxene,225500,BGS
worldwide,2013,Rutile,645019,BGS
worldwide,2013,titanium ores and concentrates,12766827,BGS
worldwide,2014,Ilmenite,13745823,BGS
worldwide,2014,Leucoxene,241000,BGS
worldwide,2014,Rutile,787537,BGS
worldwide,2014,titanium ores and concentrates,14791360,BGS
worldwide,2015,Ilmenite,12905538,BGS
worldwide,2015,Leucoxene,246000,BGS
worldwide,2015,Rutile,691408,BGS
worldwide,2015,titanium ores and concentrates,13859946,BGS
worldwide,2016,Ilmenite,11720550,BGS
worldwide,2016,Leucoxene,73380,BGS
worldwide,2016,Rutile,704097,BGS
worldwide,2016,titanium ores and concentrates,12515027,BGS
worldwide,2017,Ilmenite,11920009,BGS
worldwide,2017,Leucoxene,57148,BGS
worldwide,2017,Rutile,711576,BGS
worldwide,2017,titanium ores and concentrates,12698133,BGS
worldwide,2018,Ilmenite,12236587,BGS
worldwide,2018,Leucoxene,69183,BGS
worldwide,2018,Rutile,673688,BGS
worldwide,2018,titanium ores and concentrates,12989458,BGS
worldwide,2019,Ilmenite,13120943,BGS
worldwide,2019,Leucoxene,46743,BGS
worldwide,2019,Rutile,652304,BGS
worldwide,2019,titanium ores and concentrates,13829990,BGS
worldwide,2020,Ilmenite,13109170,BGS
worldwide,2020,Leucoxene,79058,BGS
worldwide,2020,Rutile,587993,BGS
worldwide,2020,titanium ores and concentrates,13784221,BGS
worldwide,2021,Ilmenite,13711731,BGS
worldwide,2021,Leucoxene,31754,BGS
worldwide,2021,Rutile,595720,BGS
worldwide,2021,titanium ores and concentrates,14349205,BGS
worldwide,2022,Ilmenite,13218586,BGS
worldwide,2022,Leucoxene,38453,BGS
worldwide,2022,Rutile,596738,BGS
worldwide,2022,titanium ores and concentrates,13869777,BGS
